id,order_id,is_fraud,fraud_type
8548eb75-53e1-4b29-a219-114360d7e6d7,2073d99e-fb5b-471b-9e12-39024c1bee03,false,bot_purchase
c623e870-5967-48b7-ac48-d5dfc63435ac,460a1502-817d-4cd3-96ff-5eab36087b89,true,fake_account
df25653c-ea62-44c2-ba21-f4c93c24f429,2af1d12f-6748-43e6-9fff-e0fe2341df1b,false,fake_account
9ec2ae2d-f180-4637-ac7a-94862b6fb91a,c8ae687b-c44a-489b-88f3-3a34a68072f3,false,none
36af6008-eb5c-4c22-ad5d-8014b85e382f,327a140b-b079-4b5a-84da-0a81e50ca9ae,false,fake_account
b5b6c0ed-f499-441a-93d4-a8e335579b9d,8a2b3af1-3326-443a-a052-486822bbb565,true,fake_account
86a2b8e4-6be9-43ab-9248-63dd88e48695,fe72fe4c-96b3-4146-9591-0c84925a65ce,false,fake_account
e2ae775d-9ea0-48b0-b34b-4b512f5b4c66,afac565b-5684-4ac2-b99a-1b5038ecc1a8,true,fake_account
74bbc443-a205-4988-ad0e-e9fbe0309dec,fc13b2a6-277e-40e7-94a3-cc9663303d46,false,coupon_abuse
cebceb09-e665-42c9-96de-6a6c487e6a25,f2fb8427-8fc3-4e55-a63b-f0c755518879,false,coupon_abuse
2bf463f6-e8be-48a3-b5c2-7a344e516a96,e12d716a-4f5d-4127-bb38-cb4140b6a8ed,true,bot_purchase
04eca098-e276-4944-ac73-c7ca22b12569,0ea747ae-af32-4d08-8e00-027d4efbf105,false,fake_account
37511441-f79a-4b1d-b198-968717e22bd6,fa0ef4d2-7db3-4c59-80c4-8f87556f9403,false,bot_purchase
d7f93825-9916-4cc7-80d4-0c5531c8ee13,c17f5fd8-ebc8-4dcd-ba8c-05082b5fff84,false,none
b544917e-afb7-400e-aa66-13b694ece222,004e2f5e-0041-4525-86dd-759438b3c37a,true,bot_purchase
f5dde960-dccd-441b-9772-d4c6826e4596,6b6bcd80-1642-4045-9c0b-e6548a428432,false,none
b905f5de-96ab-4cf5-944f-af2fac0a9e12,995494c6-2c4e-4127-bd71-c7f9086d1d10,true,bot_purchase
87d8d445-193c-4077-8153-b99488fe7851,b21939e3-7b5e-4b17-bb0d-b3ca49237853,false,none
9041e922-653b-4fae-96d1-3bf4673750e9,2231a8e5-4523-418e-a2f1-0226c7f288b1,true,coupon_abuse
ca9e88ed-ca3f-470a-bbc4-9aa463ef4106,8189fb2f-21bc-460c-a90e-74e049def88f,true,bot_purchase
21ee156d-622a-4a7e-a45b-ed5b942854da,bb5851db-7e75-4f59-a51b-0e265b1c203a,true,bot_purchase
60bf8514-164e-41d3-ba88-92edb7030aa5,84dd1f44-d9d0-4d5b-badf-2472811f4e1a,false,bot_purchase
154e38d0-605e-4ca7-8814-2d0c07bdc938,af6a105c-135c-4e91-9f9a-c6f8ea3d5805,true,none
eb8cf0e6-d1a2-422f-abe2-24686c50759a,6a1a0391-fe93-48db-9dc9-95a250870a3c,true,bot_purchase
3abb42a8-a686-431e-92f6-d06140e5fd56,5aa91dc0-dfcc-4905-b218-50c43642e2d9,true,fake_account
93f99085-7347-4aac-a42b-d4d22418d555,7f5a5a47-2a30-413f-b1c8-9f8c799c6af5,false,none
77924eeb-7309-4f3b-9229-0ee13c34757c,6e1d6cc8-85b3-4089-ac67-c6e0d1995d2f,false,none
f6c5b756-f6a8-4ed1-ae12-57f90f082b2b,1b631911-cb5f-4f6a-9b49-846ade4363c4,true,coupon_abuse
43a78e0a-d851-4b0a-beaf-4c3ff1b4d419,8468acae-71fd-4ce1-8157-9cb30ba23ac4,true,coupon_abuse
e49118be-88a0-4c1c-b577-bd72e6436859,f112e8d4-a960-49d1-a2c1-4b184cb78930,false,bot_purchase
041737f2-c553-4cc7-b017-b6ab13be105a,b1b4f318-2af1-47f0-8f02-dd67aad85a39,true,fake_account
a5964bf5-c992-4b64-b4d2-228baaa2f35d,adbbb532-94f0-409c-a27d-23673f0886b0,true,none
17ef86ed-ca04-49eb-83b7-8657ae38e6a2,a55b7703-87a9-418b-b270-d2c77b607ece,false,coupon_abuse
a34f10a4-f9a0-4359-8d62-25721837387c,fbd94162-f1c9-42a8-be5d-a0584613439f,false,none
eb8f3b7e-06ce-4e8a-9c64-bf254697492d,4ac162cc-2983-431c-8bf0-df61feb721e5,true,none
b05a7573-6d09-47a1-acd7-eb1456b9788e,43b6235a-4f1b-4d1a-91cf-abdef1171383,true,bot_purchase
c63f9faa-ac59-4a6b-a5f9-114c30a7398f,a6c01052-5832-4408-9053-81bef1aabd97,true,bot_purchase
af977866-a116-495b-919b-6845eabb3f00,cc168c4a-d2e0-4e61-b6dd-82a731475b9b,true,bot_purchase
ba796ac5-49cb-4a70-a940-cdfa7e875de1,5ac8c718-fa20-487d-8a52-14971c272b8f,true,none
b03a0cb5-090b-4f2e-892d-1e4cf87557db,a111ba16-9fe3-4d00-b255-d07e3028da5f,true,none
241e3226-2d7e-4527-a802-5aad33bc9830,bd8ff9d6-fda3-45cf-ad70-3da3eba4c34d,false,coupon_abuse
65b38f3a-e16a-47d6-8040-80703556a3f4,7a5036e4-480d-41ec-b275-b1e32096d760,true,coupon_abuse
a330cfbf-c8d5-4913-a13b-c091bb7d1cd0,3a882fb1-6169-4f76-aabf-258e83ab96aa,false,none
d79ce1e2-e288-466e-ae36-7451be085d40,02e35262-f4ad-48da-ab1f-289252fb9943,true,bot_purchase
d8858a54-b638-4f1d-afe2-7a7940e175d5,b697e79b-f5b7-4de1-a943-edfea66f0b40,false,coupon_abuse
66121d44-a152-477b-a3da-38dfd22ace4d,6feaae15-98ed-477d-80b3-9ff815e28ab6,true,coupon_abuse
5bdf1b22-819d-4c1f-97de-09f4cf506e18,2d7ebb17-1116-4947-9730-4e57b429c47d,true,bot_purchase
e8ab1ccc-df2f-4593-ac4e-506ac0f6c2c6,a86c62c9-a98d-43d8-9892-7f077f91b277,true,bot_purchase
274632ed-78b9-463c-9366-bce7495e26af,d3b25beb-0e61-4e58-8ad8-d500a38c43ef,true,coupon_abuse
7961371a-e6af-4dd5-83f5-5bad875e269b,bdbe2900-0a07-40d5-b166-3fc82a71e55c,true,coupon_abuse
63d305d3-a9fd-4b93-9b53-af995de377fd,7cb748b8-6339-4436-8122-9a2b24d27921,true,none
441501bd-6449-4bc6-831c-38cd9e5bb137,27ef1cc9-9da3-4c05-b2a8-925ca1625b9d,true,fake_account
11289a44-fea1-4881-9964-cbc642c5e59f,45be2241-0e34-4ca4-990f-1edb319595ed,true,fake_account
7f18a09f-f938-4b07-a797-924ac4f9992c,071ed273-aa91-4d35-9816-72c42641a544,true,coupon_abuse
f35379dc-dfaf-4dd1-ad0f-11c9258329ae,fed5c23d-a4a0-4ae4-bf80-cc7cd4b566b4,false,coupon_abuse
2e96669b-ee79-424d-b0c0-81b71b4bf462,890198f4-3d20-4cd4-b5d2-93c3e283815f,false,fake_account
6ddee366-1829-48ca-ac24-ddcde985f0f9,0b8d7947-f4ed-4623-88a1-953ccebff041,false,coupon_abuse
903587a6-3f1e-4bda-90ac-dcb69e2fc43a,93b94a0d-3f4d-4002-a2ef-41619f254a89,true,fake_account
0b4dc501-2acc-4507-b9c9-617aa2eb9213,9eeb7055-3d91-40c0-a8bf-76abcbd5edd1,false,bot_purchase
6580033a-3874-48b6-84a6-069b9a7f5651,ac538149-4406-4ecc-97eb-54e9168cf3b9,false,fake_account
9e4b1de8-f646-45f3-abc0-5df8fca58029,e381cfc4-0826-489d-b609-dcef21ede733,false,bot_purchase
163b0690-c0a1-43b8-80f1-d1c1c79c3fb9,e2c45575-168d-4e40-bf92-cdd604da04f3,true,coupon_abuse
399160e9-1174-4303-ad68-44da9b447ca9,95d9524e-dbb1-46ce-9393-66ab06ce5407,true,fake_account
e5f951d8-0f7b-4cb5-b89c-414f1855e475,a73cd3aa-69e0-4854-a396-57889448375a,true,bot_purchase
871b68f0-7d03-4b0a-a359-eed87b81af60,bec8910e-bc4f-4630-a6fe-124d0f429c99,true,none
98f43efc-1a7f-4ba5-85e5-1369ebbb3846,39d9851c-b0bf-404b-9669-a2948319ebc9,true,fake_account
562f114b-afc1-499f-a4fa-c9b6302368a4,19783bd6-0fb3-469b-9289-d8a01d2150bd,true,fake_account
216e6daa-14aa-4736-9838-ccd028d5df26,d7eca296-513b-4bf9-94d5-c56b683a7ffb,true,none
165f1611-2ca2-4c90-9962-3a837b779f8a,6d8206ab-0e4c-481e-aca8-8536953dcfec,true,coupon_abuse
68f5167f-0b75-4a98-b1e6-e5d5871758a0,596dab50-d924-43f6-9647-1e095d7e898c,false,fake_account
62c9e5a5-9138-47cb-9bba-972a3fd61bd8,2b131c4a-f71c-4461-a1b6-20062a49681a,false,fake_account
d832e6c1-3107-49b2-a2fd-3a41087da01f,efa8dea6-0013-41cb-84c4-af77197f9e9b,true,coupon_abuse
96096154-7489-475f-b192-6069a2cfd65e,95bf8c8b-3eec-400c-8d16-37867ba673e8,false,bot_purchase
70e818e0-11ca-42f5-acd0-ceb033e05a26,fa0ef4d2-7db3-4c59-80c4-8f87556f9403,true,coupon_abuse
b9728a48-c9bb-4f03-949b-42a44ff541c1,8267ea6f-6a3f-4dc9-a351-8f98336d0dae,true,bot_purchase
e5c43491-4b78-4b1f-9836-01ed869c982f,6e31c755-ee2f-4ee0-b474-5b00d23a364d,false,bot_purchase
b12f4a3d-6854-4b54-bf6d-234e40d0e5c7,91d7b810-dc00-46a4-9ac5-9cff1aa79962,true,none
298c4704-4f5e-46ea-9719-b0fc07516d9d,da017d33-8a60-45f1-a583-ce81a38e4c2f,false,none
4807ce10-af6a-4129-a795-1e2b2fe4dd5c,245e17c6-0748-463f-8382-5cb1469dbc46,false,fake_account
89a2673d-4ae5-4796-a6e9-5c0963d7aef0,fb1223bd-2020-4158-a12f-9174189e8381,false,none
7c59a87b-a9c9-4827-9174-d7c1997d3554,827f0199-3263-4f66-b6d8-5aad68cec376,false,none
56eab5a6-ddbd-4cb9-9751-7326a208f595,bb93fe22-67e9-493d-83b6-0da186edcbc2,false,fake_account
69e5bf45-69a0-4c0d-8870-9d9bd3308ce1,ae600bab-f905-48f1-a48f-83fcd00bfc40,true,bot_purchase
1e2e6371-1bec-467a-b7ca-28e0527d7447,f3bbd125-b053-4cd2-8be0-28f12ce4db1b,false,bot_purchase
0a074ecc-da13-48d9-899f-c64d2ad98220,d0515dd2-e5d1-458e-88a2-84e4a44a33dc,true,bot_purchase
4016e771-91dd-40ae-86e4-331eeb087452,99b36e03-b262-472a-a1eb-2f8f2afe6719,true,bot_purchase
e3897588-598d-4a4d-aaed-20cb4ec68881,db12bc18-2a83-4ec7-8111-b680638227bf,false,none
bf2a4620-2170-4371-ba8d-677cd74e50b7,780cf080-337e-4fe5-9a67-389002efbae3,false,fake_account
5397822c-8bf9-4a70-8dff-9fc9bd55e5e6,e1ca49dd-3b54-4b29-aeba-c5e40e2e006f,true,bot_purchase
d788f4ed-6b4f-4fe9-b9b1-ad853cdfd456,8a7f1e2a-6e88-4f0c-b515-f3f6aac89871,false,fake_account
f77f8edb-9325-4801-a8f7-80211c205664,a23782b0-1edf-4f18-850d-60b50e0abff1,true,coupon_abuse
7ecaad3d-af09-4295-9fc6-db323023cf57,0e594426-065a-4e9d-8af5-958c7824fdea,false,none
8dc66b89-024f-49ef-adc2-783e84820533,5fd7017c-a133-497b-a288-8d04ccbf2138,true,fake_account
17fa90ee-f4e4-4843-bd0a-416374c2e170,4ccf11b7-1805-4a13-87b8-10af44fb9b68,false,none
795cafaa-8f61-470f-8d1b-c215242e92c7,39dec18a-9cb2-456b-814e-d24b8b308308,false,none
8fca9855-3b3a-4d4e-b2d7-9c68b677c220,5cd2b45d-102a-435f-b61d-3a5416433ccd,false,bot_purchase
a32bc4d4-7b1a-49f4-bce8-b03de3e79e06,547b9d56-8392-486b-8776-48fda21930cf,false,coupon_abuse
f3183e3e-398a-4840-9f6b-eff4aeb5c43e,e2a69eed-5ae6-4d19-8e5a-ba2e27736f45,true,fake_account
83cec7f2-84d7-4a74-82d5-bd70c8020030,dc401a98-36e9-42f8-95f3-7ff25f6594f9,true,coupon_abuse
38fe74a7-da20-43f3-b191-3634d4f0afbf,c5ef85f6-3e47-40d6-a48e-5cac297c0b2e,false,fake_account
7c541ba3-2aba-4191-854c-0b5ceded0588,3d3e3b45-4dc4-4f69-81d2-761dbc2329bf,true,coupon_abuse
4de0005a-9485-4f4e-9d24-532c5676fa7a,4ec2202d-bce9-461c-875e-9d6fb7a5a815,true,coupon_abuse
4d46eda7-e40b-478c-a578-4ce077d2b7cc,4643703d-576d-4aa3-be11-4a4e5f944339,true,fake_account
5213df0c-065d-4038-9bb9-fa45358a5529,5b2c4d5c-7610-4505-b6a9-b0254f911b0d,false,none
255aed9d-1b68-4cab-82c5-42e21422e082,8407d307-6075-4f8d-94b5-f4df45f14705,false,bot_purchase
f8c1c66e-e2e7-4e79-9f27-d2420b7a81c3,44578e79-18cd-4e3a-a7bd-9640c7e96d3e,true,none
c5f49583-11ca-456d-b637-2d264a4dab70,ef8c8c26-2c67-45c4-a93a-c2a9527c8361,false,fake_account
a3d97af0-eb63-4cf9-bc5e-2b1c78da92e2,bd16f99b-5366-4667-9fc3-eaef42fc291e,true,bot_purchase
6e77c07d-81fc-42b6-a6ec-082db6b17044,6ec54f4b-e63e-427f-ad76-38f7f0bb5ffd,true,fake_account
b3dbd170-3db6-488e-8209-48bc8261d4b6,85cfb68e-5690-44d5-b05a-68be347259c6,false,bot_purchase
d900059d-829f-421d-8407-84a4657cce6b,75d8e00e-eb0b-4494-b3ab-f124fc6c16e2,false,none
b50dccf2-e5c5-4982-b811-764049ee7dae,75d8e00e-eb0b-4494-b3ab-f124fc6c16e2,false,none
1f8b15f9-7ad5-4eeb-b2f7-863beae7101d,5b7407eb-8c24-46fe-856c-233dcb612c3d,false,bot_purchase
4d94db56-3ab4-4029-b54d-d9f4edcedd30,8835e66d-fe4d-4d14-abb2-cf30d634eb6a,true,fake_account
38289771-a43c-4b05-9944-6b64f351b15b,24e83a18-99f4-46c2-b560-fcfa9457ec9d,true,none
2c2d3900-bd57-4810-94ba-0fa562ce22a0,cf8db591-ba51-4a53-889b-d47de0decc1a,false,coupon_abuse
fa0ccb21-a940-46e1-8885-dca10ad31586,b923b132-c472-4810-a401-c626bd43c821,true,none
29da6ed6-2532-48f5-b8ff-6073d0ec339a,c64c7d18-f411-40da-a8f9-ae23b223a9ac,false,fake_account
ae131fac-1422-482d-ac56-309272e3c55d,3a9d0925-a92c-46c5-9210-450862eee2d1,false,bot_purchase
d77adf10-e3e0-40e0-ba5e-254f6729bd7c,468f0f63-5922-4151-8780-5b46ec1990b8,false,none
d88486e9-f4b6-4672-a0ce-3a601e5f9010,8aa3511a-c791-4722-8c33-c92f12dfe660,false,none
d7d89cec-49c1-469e-bf62-93437e0cea34,d37423a4-af8d-4b95-8596-8cd3f0a31bba,false,fake_account
dfba664e-6b4f-4b2a-93a1-d54c5c77a763,02899c72-4606-4161-89b3-72b57d83ee31,false,none
5c68b66e-336e-44d3-bcef-c466fbe0cf44,7129cf7d-6783-49e0-8764-6bec72f5d514,false,coupon_abuse
d614ae67-837c-41e2-b580-ccb1d2b324ec,442353dc-ee8c-49ce-905c-2d7bf61ce45d,false,fake_account
e748cdef-fe79-4c19-849c-593c4f197c62,64ec2f6b-a8b1-4867-8836-20cdecdd6aee,true,coupon_abuse
68211ca7-3ce7-4d11-a14c-add4e4fd8241,69b112ee-405c-4e87-bf1b-60b529fa17a7,true,coupon_abuse
18d1beff-3f8d-49a1-b8a3-4338005804f2,399ee6f9-33d5-4a79-beb6-95bf600bfa9d,false,coupon_abuse
e2ac5d1b-adf3-4743-b7bf-58fa98158324,c66a954b-e6c7-40db-9250-90c09b9c5af9,false,bot_purchase
678bd658-9d10-41af-bc45-7b488794cacd,deac3878-747a-4456-baff-cd4a4858caa7,true,coupon_abuse
1e83a945-6baa-45bb-a85f-528b95493ec6,86b59c84-a78e-4c86-813f-e4c37684d17c,true,fake_account
619c8163-1830-4e85-8973-42bd9f9bfcaa,fa5f5230-fdb9-47ba-bc3b-7bf324f76d8e,true,fake_account
19b1e4df-2246-40a3-a330-e0688c4312b6,2042efad-3643-4113-aa7b-2ba60437fea3,true,fake_account
290b0cd7-0afb-48c9-8877-74c294455bc9,1af627e4-f620-499a-9411-f75859a73d55,true,bot_purchase
50802cac-0681-47fd-a02c-4549a0446659,7b0cfbdc-22a1-436e-b996-8faf214a27a4,false,none
0182abfd-f112-4d1a-8bbf-e5667a329bd5,87bdace5-d05b-42df-a378-244f4e9915fe,true,coupon_abuse
5cf87432-9b61-448d-91df-ccb91afe20e1,9e3eaf02-d03d-495a-9aa0-e93a6263128b,false,bot_purchase
05d49318-599f-43ec-a6c7-7bbcd43f2709,dfc8aff8-ce2f-4b1c-91d9-0564b179287e,false,fake_account
a9f026cf-2b72-4a50-987d-1cb6a4195235,32da7cd4-09b9-4f90-acc4-1677782d037b,true,fake_account
6abe869b-4f17-4e8b-8847-23822bd3d444,42052b01-d2f5-4ddd-8287-479620f27403,true,coupon_abuse
9ad62776-cbcd-4d12-b0e5-792982551707,3a07d3ad-cf63-47e3-97bb-c01b4281d32c,true,fake_account
8054504b-cc26-4f6d-8090-48629abc7ed9,6183b09d-3092-4014-bfa0-a616a1eaec0c,false,fake_account
d6ec6bd7-d9e4-4cbb-9873-7b24766d0a34,936d9acc-8643-4e49-bf64-89bd6f92d23b,false,coupon_abuse
a9d0d615-de6e-4525-939f-2970e8efad26,71cb78af-dcc7-497f-a92b-b9dce48302e6,false,fake_account
639185a6-ea80-46c0-8e51-0aec158bcd84,51023552-d263-46df-8107-9c9303d6aeb1,true,fake_account
a2b5ac30-01c3-48fc-b367-ca7a6ce34e10,604ce00a-3af1-4a2f-a4bd-6c1d4d5584c7,true,bot_purchase
5a2729f2-7c37-4b42-ac38-61800c91ad8c,37dc54ac-9de7-4d6d-81fe-d330bde04952,true,fake_account
bea946d1-def5-4ea0-b802-0ad2a28a7cbb,9ff4776e-7f59-49b6-bbcf-da134437fa89,true,fake_account
3d27886d-461a-4884-b32d-f8d9bf6dc586,66277202-631a-4577-bf05-c751c7aa2769,true,coupon_abuse
c19c83b9-ee28-4a56-a3b6-c161a13169a9,840d5c1a-9b7c-4550-8272-93676c5caf1c,false,fake_account
84e6004a-d109-42ab-a3a9-884167d79ddc,ead19997-23ac-4ecf-87b6-0bc6fd24e91a,true,none
85565117-d274-42c7-8c06-acd73d88c298,fa61331e-7774-4f09-bb84-d12d12831be1,false,fake_account
3e89c4ac-e156-4d64-8f9c-947e6344d099,c36c2657-2b15-4a7a-8867-154e31b2e234,true,bot_purchase
476ee2a4-998a-4a7c-ae49-5824046a9c11,40d3a922-0ebc-4c10-90b1-5bd34d36684d,true,coupon_abuse
ab9a3666-ff51-4754-9cdb-5858b3612b6e,d902fc9f-c6a5-4661-92bd-335c1a9344e2,true,none
4816f984-c403-4493-802e-6cff77c84b7d,2bdf6d9d-938a-4860-a9bb-dcc9bd4b2d0b,true,none
384252f5-0c2e-4510-8ebb-de43f8647f53,bcc466ce-f9a1-4bd6-a3be-31ea45c6701b,false,bot_purchase
14616029-4b2a-47e2-9154-9c260ac7ffd4,16c97daa-c417-4169-a4ba-7893084a7ca7,false,fake_account
59b66dab-0158-4205-99d9-aeb49e0b496f,bc7e069a-a9d6-4ce0-ac69-8ceb9c3a26ed,true,none
cc913484-7b38-498f-890b-f95f87063217,38ea89ab-29e5-4ef0-b90f-f15defff8c71,true,fake_account
6ce38906-630e-4a25-8834-73fa8e233172,6b426254-610d-477e-86a8-22222ce88d20,false,bot_purchase
e1211136-f2c0-43d9-9076-32e15df785df,b7fcf2df-ccef-46db-945d-9d16f236135d,false,fake_account
39d28469-c1f5-454d-803e-c0c970813353,142a2356-af42-46d6-9175-2231a76a723e,false,fake_account
7beafd41-6a41-4875-838e-30a2591009e6,aec3d52d-0669-41be-b010-7890588ced12,false,none
e95bd809-9ec7-43fd-bb82-640669051af7,9ba429e4-70c4-41fc-a8e0-9d0e75dc34e0,true,coupon_abuse
0fbfbfea-e54a-4458-9abe-366a290505f7,bef4e4ae-3beb-45af-a94b-f3b3f54eb8b9,true,none
48ac538e-dde9-4d39-a976-d0bb4f2276f5,fff69572-e4eb-4545-be37-60b33a7c95ba,true,fake_account
5ae96a1b-df73-4a20-a07f-75e79c2a24f4,b3a9c5ee-aab0-4e4f-8026-37c56b62541b,false,coupon_abuse
49e600f9-f87f-4402-8fcd-5a0864b76481,a9ac3684-97e6-48ba-a215-a70238511565,true,fake_account
278f80b7-60b6-4c09-bbf9-76acbbd7b00f,57cb5c15-398b-4830-bfc0-e86ac4c8e6bd,false,coupon_abuse
06a2c32b-60fe-4276-ae43-0aaee32f7a76,302c0b9e-1f82-4cf7-bc11-ab62b567dd1e,true,coupon_abuse
4ac20973-918e-4292-a374-542bba899e3f,446609f8-6a83-4239-8ec9-ac4b40ae9938,true,fake_account
6d64cdd9-c1ea-49f7-b6cd-4f0adcbfe9bb,a41952c8-4578-4b38-8ad6-c4737bd58236,false,none
f1566c62-b0e8-4d29-aaa7-f9b9f2d7150a,7002ae1d-77ab-4da2-a76a-2cf5652a635e,true,fake_account
43d4d62b-d38e-4356-aecd-c0e4e3362563,dbad5a0d-342e-4781-acc2-d56c92ba4253,false,coupon_abuse
1d05aab3-c70b-409c-9761-3de9172e713a,6a10112b-c3a5-412a-b595-fa67afc140fc,false,bot_purchase
2c67e2b9-dc22-433f-8e44-8ef05bd12dc7,93ded912-7d0c-4fa4-87f7-5cc4ef1ce215,false,fake_account
2984384f-6470-47ef-a9d7-9c27f24b4fae,4615b5b3-b027-4817-9c1c-a64ea2515b1c,true,coupon_abuse
ad859ea9-1133-4bde-9fb7-453bbc7997ba,b8961c44-0827-4483-b0ed-45940f0a7b74,true,bot_purchase
3bb5c378-ea8a-4566-8e53-69b8619d9232,261e64f5-fe75-4722-9cf1-fcd84ff2a177,false,coupon_abuse
153f2dcc-8deb-430b-93c5-7e9fb4240104,c0fd6e3f-33c7-4114-bd1e-91629424533e,true,none
0764f313-0822-4bef-a67d-1654bcd052b7,d93bf278-dd72-4fdb-b114-10e84b81e22f,false,none
4df05fd9-a837-4c6d-98f9-f7d0ccadc9fa,d5d1fd87-7bd2-4aa1-8c84-ad0bc4bd8d98,true,none
ca21a064-ec0e-4a39-b27f-5679f9e2698b,acf3cc54-f52d-454d-9487-20da60178b02,true,coupon_abuse
8f1ea1d0-c87e-4e53-b491-019d2759cc33,aa5665ce-cbbb-45e7-b06e-9ef7279ce472,false,fake_account
353c78c8-8760-4090-9e7b-534cb2df7f02,73f7b13d-a45e-4f54-9c7c-37712e21d942,true,coupon_abuse
73b04611-b9b7-48ac-b9e7-377c54506c4a,4cb4b0b2-8618-4b15-8234-88f8bb7f6955,false,bot_purchase
eaf118e8-3d54-4774-a269-5a1d60364984,8948aaa0-6ea2-414e-8eea-7db114ded6b5,true,none
1a41d108-4835-43a0-a1d4-ec337a5cf0eb,8937daef-b1d6-4b4c-938e-d375ce6a2d91,true,coupon_abuse
4fc4d220-74ac-44cd-b5d6-e293bb864967,7759c692-a1ce-4202-8483-2d142882c5c2,false,fake_account
8c218963-f7ef-40f7-a0ac-3b8c51aaf595,41f4235a-506b-40e2-b046-9f9febd54ef7,true,coupon_abuse
a943322d-db40-4623-b12b-360b76290270,379e2de3-cf41-4cb8-a226-1edf9059422c,true,bot_purchase
66faae75-fc50-40a2-9809-c2c1b9343883,4cb4b0b2-8618-4b15-8234-88f8bb7f6955,true,fake_account
e2467598-afe6-4468-8c2c-50c204db7039,f194f3dc-f754-4bf2-aef6-58575d16aad6,false,none
0892bccb-423d-4f6e-9659-91a773d01681,3f9c3f70-97e9-442e-a865-b8da6ab2f048,true,none
c25499ae-944d-4f3e-9ab4-9973b81359f9,ce0c8de1-bebb-4049-8ec5-83c883806a51,false,bot_purchase
ca9d96da-cf71-4b36-90dc-cdf0681a169f,fa9aa3d6-dbf7-4378-9610-679174b2a9ad,true,none
1abd785b-a55b-4f1a-add9-06a414c79528,a3dfb2e9-8e7e-483c-806b-e5fe425e2fdb,false,fake_account
4cf1b7a2-61a1-4ccc-9227-4626cbd231d9,f14523a5-d657-4a3a-b786-212871ce654c,true,none
97a86e6e-31a6-4771-9900-dff7c5637076,6bc7ac58-8e88-4f84-9abf-b16896eb50e8,true,bot_purchase
fc9925e9-285c-4e40-9727-b2636a347624,97fd075e-4958-4ee3-80ef-4844af6b3b5e,false,bot_purchase
24905126-6a34-4f12-879b-95e407181dbe,604af3bb-b4ef-44df-a40b-1b9f0d7bea38,false,bot_purchase
557828fc-7c5f-41d4-8b40-e2b4d676dbd7,689a4e50-3f49-47eb-a3bf-f0abe1895769,false,none
b6922ee5-7611-4711-833c-d101b8f1f953,f14523a5-d657-4a3a-b786-212871ce654c,true,fake_account
2c8c9361-0b65-49cd-a5ef-6738cfdad146,29e4d78e-9fab-42d4-bb13-c5d339a2f40b,false,bot_purchase
aa41fd43-c5ba-4c37-a1e4-9c971867a9c9,d6988de2-4d3f-4477-a3b0-f194f8019e4b,false,fake_account
7f6570f7-e97f-4f51-a554-30c1e49c91fa,43b9c32f-8397-4234-a1d0-d3c006aa5705,false,bot_purchase
7af9e794-d976-4c9f-91c6-73e12e354380,fae7fd47-d659-4224-996c-7c82354c08b2,true,bot_purchase
7cd91247-14e7-4d0e-b6fe-884d960359ec,87693099-8a21-43b2-a4ca-2c08b398559a,true,fake_account
8b720a8c-e04b-4318-963f-00da46335c8c,396c1278-e810-47c9-95bc-8cfe0e2724c7,true,coupon_abuse
b2e37b15-611a-47c1-82a3-3be898380177,338b0cef-f2a5-456d-b927-23c26cbcadc7,false,none
769bdc6e-6b58-46e3-bb31-f93a64a07d3a,788e739e-9dbc-4d9f-99a7-0826f41ef5f6,true,none
b7d10362-01b2-4f85-9678-d44307af51ed,f9baf24d-21ae-47da-8288-c8f80dd0d536,false,coupon_abuse
1a447ecd-ca47-4098-8140-90d963986e3c,7c3c9af5-cf3b-4a49-8d69-86dbd38c1b10,false,coupon_abuse
c63e4df6-1e4a-432d-babb-59a7266a7981,4120a0ef-7611-4a5b-8430-d3b6253362af,true,fake_account
0782692f-b5c5-4156-a64c-815572fa499b,2d4b39c6-c66c-4c37-9370-1dee3143c0a2,true,fake_account
934b4e46-3f43-46ae-adb9-856fc6240c38,0fb661fb-51b5-4b83-b968-3b422afe89d5,true,coupon_abuse
098bf5a8-a16e-45de-a160-ae9db9d75ea9,798ea2ce-41a7-41a9-b8d9-13a41c39e9ad,true,fake_account
d4617942-92fa-4011-b055-0b51081f11e3,33f9dcb8-5fe4-4100-9bb7-3f92f782d8a6,true,coupon_abuse
72cab3ec-bdc2-4fd0-be54-40db476e9cb4,dd0ff9a5-f78e-4a05-a5d4-c0354179b033,false,none
7dde0adb-2fe5-49e6-9590-db6c45af699b,3c0dbf6e-77b0-45e1-b9ed-bc5d0175b6b9,true,bot_purchase
46bcd03d-12d8-4da1-808d-b98922672a67,39dec18a-9cb2-456b-814e-d24b8b308308,false,coupon_abuse
5a4d5855-1367-48e7-9b4f-c55c1f23e2dc,e3e2b298-9e6d-43fb-9183-8a55f1c058e7,false,coupon_abuse
889a83a0-d281-4c0b-80fa-c1c4fe7ca779,4ec9c47a-0395-4e4f-b937-866467fc50b3,false,none
81cb0509-dd7d-47fe-b1e1-fb4869f8fb5b,41841e87-191c-436e-aabe-dfb6dbca5b35,false,bot_purchase
d7eed23f-4cc4-4da1-905a-70c8b3d37e1d,3a911b79-de0f-4d83-afa3-5968764e2d9a,true,none
64ef67ca-6df8-4abe-9b12-0b3c108a077f,d291f575-5d1c-4b9b-8d08-a025879c4fa3,false,fake_account
917f23be-6841-403c-bdc7-280b2d24b662,fb7915f0-e568-45b2-9e43-6d26667e20e7,false,none
abaad457-acd3-4d09-8414-3407d5066974,55fd8f52-1860-446d-8ec4-690f9c23bcbc,false,bot_purchase
4481094a-bb8f-4070-989c-e953768495c8,418292d4-875e-4130-8161-faf11daa93af,false,none
44b6ec31-c4f6-4155-844b-665fe3da47fb,5cc4b261-2cda-4ce2-8e58-f7e5af65b56a,true,fake_account
95bf43af-633e-4e70-8a41-f51ac3f0cdd8,7e003909-1ad2-4711-b6c7-d160e427a0c8,true,none
1d27b8ec-3bc8-4aa8-a4c7-5ef73118039c,bd87f2e9-8eb2-487d-bbc8-56cf174dc2cd,true,bot_purchase
cd3367fb-d32c-48c1-a6d2-c339cf66fdc9,d05e69f8-c4c7-4466-988b-6adb9059b83f,false,none
43c5a140-e8e0-4201-89e4-ad638082e8fd,71fae027-98fa-40ff-9dd1-1c7140803d57,true,coupon_abuse
fd60f25a-4df6-44c2-a2e3-95c01fe9c2ac,bc3d9464-b305-4a35-b51d-504fec38b4b8,true,fake_account
8caac43e-4ca7-4038-be44-3e152363cb72,1ee98131-1ef7-403a-8ccc-5a6a1cb92d51,true,fake_account
3a7f8f28-cfe4-41d3-b0ca-b4ea961a88f7,ae61eaaa-128c-4343-880b-90b8335887cf,false,bot_purchase
df349dce-e771-4d7b-a11b-01dc67f7ce71,9027f2ea-62d9-464d-a85d-70f4be5a603a,false,fake_account
063f4b0b-85eb-461c-ae48-c9ef8aaaaade,587d2109-566d-40bb-99b5-f9d3eca2eb98,true,fake_account
e3432801-975f-44fe-afd0-9d6d74d6f3b6,85fb676d-eac5-4396-845a-2d40a8547966,false,fake_account
16248136-bd84-4070-94c8-bb1dec9c6474,217ec7cf-c9e7-448c-9027-72dab00f1aec,true,bot_purchase
4f02b3a6-cdd7-4e60-86e9-3038d4f0d7c9,5ea617c0-6af3-49b9-8382-448636d31fdf,false,coupon_abuse
dcdfb94a-8d98-48b4-8dbd-a4e80ad9ba7f,3b67bf3f-5ef3-48ac-a6e2-106021f6ddbc,false,bot_purchase
329238e1-673f-4299-a570-754bc58a9a05,8156d672-c152-40ee-b9e8-167911a5f71c,true,coupon_abuse
4abbbd98-cc9c-40b6-8e24-613fc92ab6e8,0621c073-0045-4aa2-8852-7f9d668a6656,true,coupon_abuse
3c1888fa-020e-4cf6-94c6-d83c498743b0,d02b0401-f07d-4d8d-bd7d-d0112c92b927,false,none
2a715d95-1681-4f04-8517-5d8d388a2cb6,1e92a5fe-db05-4f3b-b08a-c68d7b9201d2,true,coupon_abuse
e3ac4ea8-9f1e-4eaa-ad2e-93e96013da35,3e8b2c30-ac13-44e0-bf69-99204dfbf55e,false,none
3bfe5c2f-41bd-4c93-98fa-5e3a1dfd4549,b6dfa403-6e01-4428-8827-3194d5cdb3ef,true,bot_purchase
2d95a4ff-46d3-45ae-87b3-f4bec8118126,f1b6ce6a-43d5-4079-bae7-4e92cf3b1b53,false,coupon_abuse
a4862bcf-d51f-4482-9325-f1cbb173b829,c16ad2c3-5ef6-4c1b-a109-3613027e2a10,false,none
7d084882-17f1-41d7-96c7-0614786d04ec,1d897b93-9b1c-4ae2-98e4-213ac6618661,true,fake_account
22ef77d9-c808-421c-891d-8e25ef214776,390e8ec4-c051-490a-b406-03bc60d9e6eb,false,bot_purchase
ee99b5b9-259c-4a12-9a31-3ffc5dd4a4a6,7d110800-3688-407d-8e08-95be9cb88a9c,true,bot_purchase
e708f3f9-c873-4c10-9f0b-30f2c58ca7be,ce957154-e3ae-4f7a-a60e-fd63baa9d2eb,true,coupon_abuse
29491ef1-bb71-48cf-8d8f-8108763ef338,6d3cdd12-43c6-4320-981e-6ae59bb44b1a,false,none
c7ad6282-808f-4467-a8db-77e028dbf397,c4686c60-3804-4427-81d6-a1a6ae602b24,true,coupon_abuse
0b345c2a-7640-47c0-a6d8-71233120505a,5a01f324-7e88-492b-b8ce-edd5ad5e7a15,false,bot_purchase
23a274fa-f89e-4b61-aff8-e832d792eab2,fc0509ba-e080-4b4c-a917-3bd48a338157,false,coupon_abuse
69b6905c-d37a-45fc-bdd0-2ad02e051d44,5488e97c-1293-4722-993c-ecb64aa3650d,true,coupon_abuse
3157d03c-922d-42fd-badc-34b93ecdff62,e1a87652-5c7e-4ab4-8c3c-f7fe2ad4c9ee,false,none
7d5b557b-e602-4b49-8058-4c5788540020,26c0ae09-cc91-4b37-bb72-a9c6f20844d5,false,bot_purchase
7aa7151a-2727-497d-9590-2f0006f70820,2f45d4e1-948c-4dc2-adee-ae7d5949d94e,false,coupon_abuse
e236cd0c-6fd6-4e0d-acc6-e4ed8cbd9c06,3419956f-c800-4e2f-8880-dd0f89635a17,false,none
d407c58c-bb08-42d5-b7c3-be0a3b39f8a9,53180488-5c04-4272-b657-6e1c07baeab4,false,coupon_abuse
5e202b23-4e6f-4bac-8ebe-0719bd906b7e,9246f0c1-a747-4e85-a424-07aa173ff06c,false,none
516b2b00-93e3-407f-9960-3b2c5cae0e92,1b4105b8-893b-4548-b3b2-d23a9b1e217a,true,fake_account
50cea14b-faf5-453f-8d61-9c9ccaab1d8e,d21c6500-5647-49eb-86a9-e112f7e888b1,true,none
fbb1a317-825f-4162-82e9-8e6cdb203323,44baba01-10bc-4eeb-bf79-7ba7a0e2788d,false,coupon_abuse
8b313fcc-ea89-445e-825f-f8bc89fa919c,39bcf2d4-f8a4-4c33-b0ef-b7f31092575b,true,fake_account
148807d0-e18e-4d18-9a3a-e15f053fe3e9,4b6d2984-27e4-485a-81bc-ae97812503e8,false,bot_purchase
cd33c5c9-d05b-4ae0-b279-88bddc0dc775,fb09e12b-a7a1-4259-b730-4961882bcf11,true,fake_account
18b03339-f028-4525-8d70-bb82c991e53c,353e63fa-0fcc-427c-844f-9a7ca5171dd5,true,bot_purchase
9b09af0f-288e-4ac3-baf4-a6fe5e2531ba,c4fe71fe-bdca-4cda-b36e-1130a68a19ce,false,none
39a1a390-fa83-4b8a-96de-dedd2ff2f8ca,c094dadb-2caa-4caf-ab27-0d8a30d9e8bf,false,fake_account
d338c616-c707-4151-b3e7-a0cdaf4ebe39,16095cf5-e654-4f12-bc7b-635e5906cacb,false,bot_purchase
7935e31f-4868-4a9a-9a9c-cd02ed6ea048,cd19b20c-da51-4b0c-a1b5-028fd0561274,false,coupon_abuse
05b93469-1787-44f3-ba99-a9e5aead2215,304012b2-d3e5-44ea-aaaf-81817e552108,true,fake_account
7ee1b635-7ced-4d86-96d1-aed6d7514542,f194bde1-6214-4160-a059-2ef2c5736c1c,true,fake_account
c926e50e-b749-42ab-a837-fa01c5a7ad1e,a6974bf8-155b-4fbb-b2e5-98b4d1600598,false,fake_account
46a29353-76d4-4a3c-bdb9-0a47c874eeb8,cbad24fa-0121-4c3a-86b6-1e3c6402cee6,false,bot_purchase
0f2ac669-5a76-42bc-94f3-86add2b38726,49a208c9-c01f-478e-b044-ad61e981e3b2,false,fake_account
3403a1b9-5d83-4553-8464-c57b4f67cc16,9de14663-814b-40e1-9f01-6f2d1cb0572c,false,coupon_abuse
2b757909-d3ec-4dcb-a430-9076b6e78d57,238f3cb9-6813-41ae-9356-c09d5b416012,true,coupon_abuse
3fefa295-8a52-4528-9d6a-3a3e7e9b0fae,c273ca96-53e7-4d0d-84a7-b01d44bdda63,true,bot_purchase
bfaa7749-ecf9-4d62-917e-940521cd940f,fa67b2c4-c629-4432-98bc-4f9b25b73ce8,false,bot_purchase
3b1fe062-5ae0-48c2-aab2-0b63181d3005,cce38bcd-0743-476a-afa3-9861c631d5e3,false,fake_account
372ba948-e88a-455a-9757-6e758656f61e,45ff040c-96b2-47fe-ad90-e50a423599d2,true,none
a86a1eaa-1cef-4ef2-8ad1-71552c4a5df6,61ac8911-68ec-457d-bd57-94368f9d3db7,false,fake_account
f676c807-22e0-4470-af93-41dff88bd50a,30265f4a-2f7f-4251-be39-2c333ebd1169,false,none
a285d3a6-5b08-4fab-a091-97e02514e621,dc6e6e7d-f8ed-4f6f-829f-e59b3a60d04d,false,none
da47950b-785f-423f-914c-3a7475b91c43,d5d1fd87-7bd2-4aa1-8c84-ad0bc4bd8d98,true,coupon_abuse
e409fdeb-921d-4da6-8d62-4a3a42cd6e61,f1993b02-9e24-4789-9085-bcc6bbbd4f4e,false,none
387ca333-8425-49f9-abc8-61200d80bd19,ab4428f1-d81c-4d2a-916e-dea8aa35ff86,false,coupon_abuse
d187ca78-4821-4a70-8ffd-650aae53b6b0,33d41a0d-79ce-42bc-8a07-919d3afdca4a,false,none
f782dba1-79e5-49cc-9e6a-ff95c68c344c,1399c9b1-e328-46dd-a1b1-09d1bcab38da,false,coupon_abuse
06707d6c-b137-4810-946a-d3040050b82b,3bf548c4-89d0-419e-87be-70d0ebd13afc,false,coupon_abuse
82eca1e9-c533-4fd4-b8f0-506615d650bc,a70952e6-6b74-4707-aacf-ef438553fbef,false,coupon_abuse
37bd0e62-5b4b-4496-9cd8-3f1672fc2c8f,5d13178a-e9f5-44ee-951a-acf86c954a0b,true,bot_purchase
1443c305-e8e7-4763-aaf8-f2082300dea1,81657e03-05bf-4164-9797-489a2363642b,true,none
a66ad17d-a3ae-4368-aece-f5787d0869e4,5949da98-cfdb-429a-8eff-1914d7548356,false,coupon_abuse
b175aee1-78ec-4dc1-a172-991d66e11a2a,736706d4-8b70-423c-97f7-7065f3cf7bce,false,none
214be427-4285-480f-9a7a-e1045ac395de,78b11538-eed0-49bb-94d0-4f047383c0f2,true,none
b4ef3075-0859-49e2-bcd8-480d0b7cb610,6f5d7372-a6a0-46fc-8971-45cfcde0279b,true,bot_purchase
7ec6ed9a-3c11-4157-ad09-ce873a8193ec,ddebc9c9-319f-4c88-a355-f38a0d105c2c,true,none
a938a9b3-d0ab-460e-9fbf-3b03a63c1275,3f9880a8-c78a-4910-b3f0-bb39da919984,false,none
4ccaa3d8-538f-4d3d-9a44-73d319206f96,03fad5de-04a7-401f-8811-c39fb3cc1c08,true,none
f7fcc8c3-d14f-4c73-8c9c-6f7f83b8a9b6,e29d7a2e-893d-4190-b427-d16cdf52a9f9,true,fake_account
cc1c7b14-ca6f-4e65-8ede-c6849f0c75be,2ca88dd8-e7cf-4d61-8cf2-b4aec9f20715,true,fake_account
db00ebf3-d8c7-4e5b-9fa5-c6f03acdbe7a,84593a15-9973-4ac6-aeac-e4494e7dad08,false,coupon_abuse
a46fcf33-48cb-42af-a1c6-1fa8a59a8af6,fadc2790-4a95-4d0f-affb-5eb55cd38015,false,none
c5673593-b357-4708-92f9-0561e1ba9ce7,3e6e610c-543e-454f-a4f2-4706de3c834c,false,fake_account
bf2e128e-de28-4f33-a7ad-eef5bb25bb8b,afb5b655-6971-4aae-ac41-5274a1551e66,false,none
f3f70114-15bd-4ce5-b94f-0cfc2689ddad,b2e03eb8-1100-4e62-abbc-de071f189f82,true,none
ab505db7-e788-46c6-880b-9b800b4f2fd4,d42a8b54-c5c2-4440-8d14-2f970e982205,false,bot_purchase
4dcd34fb-ebf5-47a3-8f6c-80896971c154,1ea19d3a-6b82-4fb8-bfda-8d853fd2f75d,true,none
2611c2d3-367c-4826-9e2e-54cc924b3790,4d0b78db-ea62-421e-a9e1-94404455a163,true,none
34637962-0918-47c5-8e8b-f257b1ab7264,c17f5fd8-ebc8-4dcd-ba8c-05082b5fff84,false,fake_account
4e5d9325-5886-455a-8c4a-94bcbbf4fcac,99480aa8-5acd-42a8-af25-2c812ceddae0,true,none
68e28e79-d48c-459e-a865-4b40a1631103,18e55aee-2be9-4057-b676-6bce08f8c805,false,coupon_abuse
ec54ae95-9ec5-48d7-8467-1aff7bbab705,30e8d854-72c9-49c0-b690-9c728528ef99,true,coupon_abuse
bbf5b643-a190-4eaa-a74c-6d3aa4630c58,a2161d85-686d-43e0-a226-a8d17b2a4fef,false,coupon_abuse
ac335c8b-bfed-4a25-8850-476729f6d6da,ee70aedf-1e04-48c0-b27d-f47efd5e974b,true,fake_account
bca3930a-0815-4733-b74e-31157320863f,63e5164c-153d-4f76-838a-6a2e125e6e31,true,bot_purchase
9690206a-fd10-4c78-89d0-f4e3738d6c73,c9eb841e-2349-4130-abd5-37fe082f49f3,true,none
a036c202-9eda-4bf2-8bcd-71128928f82b,59e9200e-e103-4b10-aa7b-ead20ed0cced,false,none
710040b3-d6f5-4294-80b2-42167ff43fc5,e264286e-ca90-4926-bf97-50bd5496f711,false,fake_account
0fbd3b68-c6c2-4503-86a3-e9d2223b32de,3cb25771-8a4b-4def-b9d1-927f95ad646a,true,coupon_abuse
d0b21fcc-acb5-4b99-9055-f38c55a0be2b,9cc9f836-8d7e-4240-a2a8-88cedfb504c0,true,fake_account
21c480b5-e870-4a48-962d-233129f1bacd,6818163a-f32d-4107-939a-032e8a5eb93b,false,none
86d1ad12-5a59-467b-9832-cbede5b9a92f,2d1098d8-a6c9-4321-8565-ff78c666020e,true,coupon_abuse
a58d60bd-86c2-49a8-adeb-1b504c088eba,44fe362f-56e7-4fed-94b2-3b4517f3ba5f,true,fake_account
c6a44253-f03b-4893-a340-8f1d2c51069a,d8969985-4e0d-4116-a9bd-daa6687fc1d5,false,coupon_abuse
6121b8bb-7421-484d-a221-c9aec4b6f8cf,a38b9981-cc48-47ba-a206-569d58a6a179,false,fake_account
16b14871-9fef-4f78-819f-d5304e91e0d9,7f4f737d-caae-4473-973a-7edbe4b8b6db,true,bot_purchase
a4872805-e995-4fe0-91b0-db6529abd978,73c17e2c-27f6-4dfc-becd-3b3691745b3d,true,bot_purchase
f4df5706-a579-4a2c-ab29-eacbd6790b83,2cc832f5-e7cc-4db0-87fd-ca786c16e83d,true,bot_purchase
fc19401a-685d-43b6-aae6-59d7d0302f1b,9294be76-17c1-476a-aa17-d7e6cbcc0f44,false,none
c4bd114e-95d3-45d7-be0a-18cfb1acfc4e,a5a473e5-39a0-4b06-b783-421f4ff73021,false,coupon_abuse
67eb1f20-0207-4165-b7a4-11cde7e8e118,41c7785b-dae1-471e-9c06-f4b57b39b7d8,true,coupon_abuse
449d0f42-062e-4687-a330-dc3ebfc180e7,e953d1b8-9082-4dce-b415-03ccbacab447,false,fake_account
233ef0ad-fbca-4798-8253-27a83312feaf,87e1ba4e-f16d-4eda-9b8e-63a0fda00bbf,false,fake_account
72533ea2-6786-4a35-b256-2429b85d50f8,575b2d09-081e-4471-b773-1c2ef4457aa8,true,none
7edecb31-f3be-4f41-96a0-ca50ced1d3f6,3fec8f47-9e5a-4d60-b503-497e5e0f233c,false,none
86bea77e-f0f8-428c-9776-45963555a26b,665e4391-eae8-4e70-998f-7f87cd5b8a64,false,coupon_abuse
33703055-d8b7-4744-beb5-b92bd0a22053,abdb6ee5-bbf6-4e25-acd3-e9b5632ffcb0,false,coupon_abuse
650949f6-50ba-4c64-9187-cd9a9263caa4,c292b05f-e341-4ca9-bd39-5208634dbfd6,true,none
9038ca78-7ca0-49f5-bdd0-1e6708323977,91f28d4b-2994-4b43-881d-5a7338dc4b18,true,fake_account
7f48d660-1ce2-4b49-8415-0660968ddd9c,0ef52c3e-aeed-4408-a5df-c7fdc3f76d90,false,fake_account
ccc1b6e9-0269-4fe0-81b5-593a6860ef39,f8246d0d-cd6d-47ae-84d2-f0428ce6512e,true,fake_account
34c9675b-302f-4155-a73a-0ea2847b9e56,d93928b2-fbc1-4e5d-8db2-7e18e09e273e,true,bot_purchase
d557e8d8-ff26-4e53-b034-2953bbb54420,4e1657d2-6eba-4982-9cb3-6d4974cc1793,true,bot_purchase
057b12a7-56d3-4399-ae2a-8e4b8593c203,a7ac882a-f2eb-4743-a3b4-86425ac68295,false,fake_account
dd9910ad-a6a0-45ca-8b9d-a7daf0791a9c,67b8ef23-8c76-4ce1-b13c-97ca11e77f56,false,coupon_abuse
8cd0c825-06a5-4223-aa78-9f60083ebd0f,97b00adb-a4a0-4dd3-8ef5-0951477d54dd,false,bot_purchase
701e614c-b465-4fe7-91ae-2e6d229a5d70,4200cdad-7868-44df-b854-5bc42f58a36f,false,coupon_abuse
67fb54cc-fb67-44e8-ae75-35f08e0cb6cd,b8520860-ac8b-4012-8e46-66211851c0ec,false,coupon_abuse
3a4c0ed2-c258-42bc-9753-d027ecf590f0,bd948fce-ab12-4fc9-bb08-37af303fabe2,true,bot_purchase
076c5dad-904b-4f40-a2dc-48e2b90f105d,4f6f9480-13b5-4521-9368-afba3c088752,false,coupon_abuse
f1e9d6bd-ab66-41b8-a66f-3787f76ba9d4,738268f0-472a-492a-ad89-4be789d45d5e,false,none
072374d4-2e5c-4c76-a24f-c19152c0d33f,05b308b4-f338-46d6-a043-12293341ac8d,false,bot_purchase
89b66c13-8182-47c2-9f29-96ab08b12caa,ff51b2c7-ce44-4dee-9eab-0363bef54218,true,bot_purchase
9b7460c1-d595-4f8e-b3b6-993a5553f392,da5c7926-483e-43a5-87e9-12a5db3ded9c,true,coupon_abuse
14a69375-3d45-49a6-9009-fd955de0bfe6,8209d7fa-1a9c-4e96-9754-52c1d0d56a23,true,coupon_abuse
8e6c811b-4f9e-4ab8-8edd-60a98f6f1c25,3ebbe1aa-3371-495d-9e32-4cf7706589ca,false,none
35c6bd67-e3b3-400d-9b4b-e2b2093ed2b3,4e62ea32-d891-40d5-8b50-5d5a4de84283,false,none
e80a8849-9821-413b-89c6-3f619cb9a60b,1dec0696-0ff3-4feb-987d-d87cb508918a,true,bot_purchase
9cd15524-ef3c-4468-b048-b04af5669643,185b4e21-58da-4c42-ad2b-5b8584269eab,false,coupon_abuse
7f5e4946-b2d4-4bf8-845a-a7f720d1e3d8,1be79929-8268-499c-8b6f-5427f3992f4a,false,coupon_abuse
0f6073d1-5148-4409-9362-b0f6fe5b7a8d,afd2801a-fd92-47ca-983a-a12d17d6899b,true,coupon_abuse
0638ac1f-7c0f-479c-a85d-5e0d9f802310,11d0256a-d44e-46bc-a2b4-a42f69e5e62e,false,coupon_abuse
d2ebe5fd-0e86-436f-88a6-869b441210e0,54dfd383-d542-45fb-b171-d6e82d9f6201,false,fake_account
b89ffabb-8b07-4c83-b60c-a373916b8ad8,0db11b85-4144-45b8-9884-aea0c0afbaaf,false,coupon_abuse
9fb01567-8613-482c-a888-f9815de6501d,624a5ff8-0b67-4ca6-a4bd-3e825e365ab2,false,none
fb346b23-93ea-4ec3-8310-3678dd56104b,9bb8170b-1bbe-41d9-812e-650df088a42a,true,fake_account
ee239f0a-d800-4912-a7ea-7250a7d85cce,c6a370a6-9988-41d0-922b-379dec93aa35,true,fake_account
fa5e4662-2163-442d-87cb-cf26afee553d,7002ae1d-77ab-4da2-a76a-2cf5652a635e,true,fake_account
ccd8574c-51e5-4bdd-aabc-8e68362ff8ff,9168ce14-98a8-4a21-9a65-532138dd32de,true,bot_purchase
261e7448-cf7d-4635-9110-f1a55af97a12,7b1232a6-b50d-41b3-a938-2ffdd429edfc,false,bot_purchase
e887bc20-9537-4009-afc4-27825f77dd07,6aeb9c45-813c-49c9-8b6d-127b5446866b,true,coupon_abuse
0d52b3cb-ce83-4bd7-8e28-c456075ad388,22869d41-b375-4d80-9846-c49f877af755,true,fake_account
edece0ae-ca30-4f04-a2b5-95ea0ece6722,2996a9f3-9f3d-49cc-985a-8f7dbc4923fc,false,none
4bc83c8b-553c-4556-8304-2dfa38cfffd4,3608d114-278d-4ede-b1c8-f6ab3456226d,false,bot_purchase
71e20da5-9f69-4ec6-9dcc-05dab16e5e97,098277e6-c338-4072-a1a2-7b62e0ebf635,false,coupon_abuse
9e81ed1a-619f-493a-96c8-e9342bc190e7,2ba5945c-fd7f-4a1b-95ef-bf0ac01a03d9,false,none
f4bd0721-29b1-4d9c-8696-0884e1d558b3,bd3c7a66-d125-4ed3-aa6e-5cf17d9b3976,true,none
121c754a-b1ab-45ca-936b-69ba36ad3b98,cfedfbb8-dc55-4244-8890-1ba50ed3cbdf,false,bot_purchase
00a1e3c5-5f84-4f51-91f8-db5b1d4f6718,0ec73d3f-4d64-4223-8c6e-02f12fb6e2b8,false,fake_account
719d7c8f-8bf9-4fd0-9eb2-f4ec15e775cf,d191c739-4abb-47c5-a4b6-c3347dc2134e,false,none
747ad8e6-0679-4377-b51e-d4fad608318b,a1fe5938-985f-44d6-b0f5-7e9712dabc53,true,coupon_abuse
31bc50ca-432f-49b1-9c03-a8825bfd18ba,e6d5366f-7dc4-43f5-802c-c7596f440783,false,coupon_abuse
b6722f4a-6742-4c44-9f64-3e7a4641f1a3,4e68a520-0641-49f6-afcf-6b988e40b640,true,none
036d8421-f4d1-4e76-b4b1-430118c81ece,4bac8a11-0e5c-43a8-9b2b-ad456a2a7d24,false,fake_account
55d6fe76-c058-4e87-85a7-88d0dadb17a9,5a2af3ac-c9a5-4aab-895d-e8ccbc3e230e,true,coupon_abuse
369d0d2f-79fd-4cd5-9d29-88671c475c2c,e5d5d22c-cf1e-4f0b-83ce-c55867c36388,false,fake_account
ca1eabc8-5a25-4261-aa1a-4b5971671dd8,a52edb69-696d-45e9-8557-a267f802f825,false,fake_account
643993bd-912c-4906-afe3-8683d2a5671c,32ef9058-3b01-42bb-b976-4116bd2c75cc,false,none
9c2c959f-65e8-4c11-b8d9-8b2c0ec749b5,7002ae1d-77ab-4da2-a76a-2cf5652a635e,false,none
8b874950-3871-4f83-bd7a-1affdfd5602c,f3c9ad06-10af-4003-83f2-17e61fcfe68e,false,none
572df5de-4193-4504-ace9-38bfd33c3321,56fdcddb-f295-4aa7-9a16-1b63007e381c,true,none
5d7d6899-0b2f-49ff-b2fc-7cbb48ef05b9,38b68a72-f5bc-405f-ac85-a49ef19aa555,true,bot_purchase
f3a7ef25-3163-4e47-a458-59bd6786a9b8,9dacaf68-ba60-4a32-9d44-05c90c511764,true,none
9ba2671d-2ed5-4a74-97d2-6ae37fa8336f,cccf091d-6e3d-451c-87b6-dd340a97dd26,false,fake_account
8ca49ed7-763c-4c32-8f3c-f871cff89e14,97b00adb-a4a0-4dd3-8ef5-0951477d54dd,false,fake_account
529398e9-4cae-4e0d-8aaf-e945f9eead39,46974e6a-973b-41d6-a819-b008aa9f9a53,false,bot_purchase
6240e08a-2324-45f1-a168-8fb2b3840803,e0cdd4b1-3fe3-4170-95ea-754fb33fbe11,false,none
afa43735-afa9-4310-92ed-1262f558acac,605d798d-66d5-46d1-be4d-80036f76b015,true,none
33f6ad73-a735-409d-9b8e-4271ac5b1d69,b64ffc0c-1f21-45b7-ac70-02e31e8705ee,true,bot_purchase
802cf7b2-d3bc-42e9-9545-d6c5c4bec8ab,6ebf231e-ad50-49be-9867-704a45ab4cc7,false,none
69cbf92e-2644-4d8f-be99-c7502d456531,1360b057-f539-41a9-a9ac-2475351dc232,false,coupon_abuse
acaaa8ea-5027-4097-b28f-7e7964457f3f,4527d1b5-1ede-43e4-ab6c-47b8bec4e1bf,false,bot_purchase
80af2862-7dfa-4384-8d7f-d12de603a109,0fec564c-db01-4ebb-bc4a-cd7a62269ebb,true,coupon_abuse
879b7edc-5c5c-4c73-922a-6558cde71c72,25d327d3-b783-43a0-983b-80035622274f,true,coupon_abuse
eaa99286-2940-4853-a9b4-850b5b2ffe2a,e08bb4b5-ae35-4656-81b5-a6e9708a3b60,true,none
017a05c3-d141-4463-9b4e-299e8c4581ef,1a12ed40-830a-473d-b59b-73fe52769962,true,none
2ca1172a-fe43-4ef9-b4c6-be6b146b4013,25fcea3f-f828-4560-b6e9-37c00d16512b,true,coupon_abuse
15eb40ab-a677-4d6d-ab28-40575c81dd69,77d3a6e9-cc38-4d2a-ad4b-e4784da19270,true,coupon_abuse
e96ec346-57c0-4df3-ac01-8ddccdfe0cd7,00b8ddd4-eb98-492e-b046-2fb505a8f83f,false,fake_account
284ecf14-6a4b-424d-9c24-f5c0fc677a09,0d291111-af89-417c-bf72-ecab93790d13,false,coupon_abuse
973b2417-b27d-45fe-8c6a-fd3629cc4669,078b72b2-ea29-44a1-a76e-b918cff1bfe3,true,bot_purchase
9ffd9dc1-9551-4308-9d14-c019989d0009,91e168a2-1be4-452b-b54d-7ed1027a65b5,false,coupon_abuse
af9869cd-db03-4433-adfe-a92b3cb98173,f8b99eb6-cacf-4ef2-80dc-5bc638736f8f,true,fake_account
aa4ccf6e-bd49-4022-aa9d-8ab17131e579,e96bee68-3bd7-4e2e-acd7-45756c55d150,false,fake_account
efed2647-3130-42b3-8a4d-a77e8ccd5a75,e4295e00-a7bf-4235-9b9c-34089698be4e,true,none
b05f6392-9c3b-4a74-bb8a-2874b1610236,a7848c3d-3a47-4c01-85cc-bfadae96311f,false,coupon_abuse
952972dd-c2a3-4ebe-a182-597460719c6e,3606aca9-aebb-4f65-bb65-ee4c4ffcf6ae,false,coupon_abuse
e0ed09be-cb06-4b00-bc19-16ea419bd997,0aba8ec1-bd17-44a8-af42-8c150f8fd027,true,fake_account
0d4dfeee-2107-4f1c-9638-b649c3f5dd9a,e284acd8-c413-4d11-99e3-5d13733c10e1,true,none
d2b06f8f-8187-40da-9ef3-af3669e1aa93,a03641d2-06c9-475e-8351-b245189a1fd7,true,coupon_abuse
68e28b2c-1b26-429d-a563-4265eabf0925,bca71379-24ba-42f4-afdd-7a6df32a5159,false,fake_account
21f41301-58b8-4fa7-bf0e-8ad9bce87abc,0d8e56ee-eb4a-4fb0-8e97-680f887bbbe1,false,coupon_abuse
d1d1c70b-ce21-4925-a9d5-2af46014d15a,20ca37e5-c9b0-4736-b666-d7e9da5284dc,false,none
ebe685c4-6595-4aa2-b1c9-583a373d5c1c,3f4e0d24-b747-4047-8ce5-3ee9a744c978,false,fake_account
93f0967b-c4b2-4b34-918d-778b17df96aa,b4c64c4d-813c-4d38-953b-f6c24f43a151,false,coupon_abuse
56d71fe3-cc90-41b8-9eaf-70ee4623e75b,57e02ee8-70d3-4326-b113-9317a691fbeb,false,coupon_abuse
01fdcfe8-f217-4082-af08-96c84c954a21,970abd20-216f-4b86-a2de-1cc3b913ad3f,true,coupon_abuse
e242e61b-e777-46db-8ed9-a4173fd79315,317e5b10-3f32-4adb-81b8-dd8a6b92c096,true,fake_account
67b9b888-7575-4801-a2ac-2ff1143234f0,8f49b397-559d-41d1-8894-9b39492998f7,true,none
5d86842d-b83b-4cf8-81e1-0376fc7bd94b,a0a8cc41-ced4-4edb-858e-25eed32b9f83,false,fake_account
0fda5641-5d9f-4b7f-849a-62e126542422,67fd72fe-d7e6-4934-b97f-8fc9b20447f9,true,none
2fb925cb-4c75-426d-aac2-1741933717db,5bb599ea-857c-4820-b90c-7d17641b576d,true,coupon_abuse
3c75098f-2216-4054-8c11-ed6365131f68,bb606baa-2afb-42dc-bd1e-02c1278bf144,false,fake_account
1abbe976-6737-441a-8dd3-69a6912c00c1,40fa30bc-3729-4c74-a201-4562e7e58667,false,coupon_abuse
1bf42561-e60a-4f22-acdd-1b5116e630cd,8ca5cebd-7772-491d-8226-011b2b253a74,true,coupon_abuse
76380653-f173-4ade-b17d-b490144a2e52,f4bbf169-fc65-4ec9-ac3d-5a2ed8016206,true,bot_purchase
04eb1521-cb7d-42d1-8436-dacec3574d96,778cf395-6b5b-4708-9853-96b5dce4364d,true,coupon_abuse
08a7f0aa-5683-45a4-b3e2-f6d2109447bd,2ed7425b-287e-4f44-a015-4a1267ad2c17,false,coupon_abuse
ae058bb7-e603-4d09-9262-cc6125dc3e23,654b2c07-33dd-4bea-b677-9c27f822bb79,true,coupon_abuse
d22b36c9-e236-4b97-b0b2-456a5698e382,205ba5f7-b1cc-4242-b9b8-14de89cbabfd,false,coupon_abuse
15329f25-f928-461c-b91d-2aa920f55ca0,7a80c6b4-3640-4bde-b82c-1b438567b8c3,true,coupon_abuse
e555e62a-2d49-4c77-8eda-827d54d2cd68,d98cdf48-ee1f-49b9-9e17-0927133d68d2,true,bot_purchase
5e72e38b-a27f-412e-86bc-47ff89d42d18,6a4fad3e-5cb5-4c84-8ef7-f86e8c637171,true,fake_account
ca69b612-85e2-49a3-9b7d-1acc3518f87c,23efc508-34ee-48dc-b5cf-ac374a30ec2a,false,none
04208c30-de3e-4b69-90d8-756ec7c66d16,5b6342f7-94fc-458d-b661-3d50457b617c,true,coupon_abuse
e5536529-8ef6-4cc4-a515-bb107bcbf93d,37f29059-d0fc-422e-845c-b37c067ed9fa,true,coupon_abuse
d2edc792-38e9-4a4e-a688-edc30997b4f8,50713e71-5938-4f46-b81f-8f9e5c3944c5,false,coupon_abuse
9039856a-eec3-4556-b5be-3f306ca8d271,7459b229-0a22-483f-88a3-81fa07af7936,false,coupon_abuse
3c95fb0c-5bce-4862-8084-76d399fe3bc8,308de3c3-eaba-4797-a3cb-27b5dacdc7ba,false,bot_purchase
0c823634-d83c-4c9c-921f-216ece73d95c,5ea0639c-a4cb-4f95-b083-8a0779a0023f,false,coupon_abuse
8eb52479-84fd-4937-a392-bcab3a493799,c61826ed-6159-4c01-9efb-82aeae434fa2,false,fake_account
ef0c8d07-67a2-46b6-a879-aeb65915c9a6,879bd61e-2f24-4e1f-be61-7e1f30b93b68,true,none
03b7bc1c-d3b5-4b64-a929-d802d07cd4e0,ce55a67f-7ea6-47ad-b147-d922ca211556,false,bot_purchase
d413156b-722f-444c-8cb3-e992bd506adb,f0ce757a-42c4-4db3-be7a-44f78f9ba28e,false,fake_account
22147adb-da1c-4875-a080-1030cd3a2b38,f1ecb57f-0b52-438a-be60-213b6db69f24,false,coupon_abuse
11dcec48-0f62-4f6e-9b18-282980cbaa28,f0c69b51-73e0-4161-b5ac-a5cd968c5fe1,false,bot_purchase
e289e53f-0c8e-4546-889f-b9fbe1aa8842,ca4bc372-d231-4f91-a4f3-12c1c5fbf177,false,coupon_abuse
f665b6e4-0535-4fa0-820c-095244341eb7,a22378cd-9054-4c36-8536-89e63c7e713e,false,fake_account
f02b7774-613a-420c-9ef6-3c0cd4fa27f2,d9e1f2d5-30e0-4523-91a2-1a1572a4ae37,true,none
5292ad9c-deb7-4701-987f-30aab439dc6e,e3df71cb-f027-456a-9a04-34ed1dc8e531,true,none
3ce28ae5-6e14-4fac-bc39-4523d763a08e,012aa0dc-fe59-4666-81b8-6988a861ec97,true,fake_account
b57cb3ce-8a26-4d63-9b16-b09be2022935,d54128f5-4e33-4b86-8762-209e14c3bae3,true,bot_purchase
b614a041-0c2f-41c2-a0ee-fff30c4ee7f3,a5ab3bd5-6a67-4d06-b58f-f8cfa1ef56b8,true,none
87834680-72bf-4a72-8fe7-03473b37be6a,7e79eb84-a887-4c29-a059-383debfbbc98,false,bot_purchase
b6f56883-6c34-4d45-a459-1be800c45b00,1ef9ed78-ef42-4575-b389-e57136e12bf6,false,coupon_abuse
5c2ba848-38ee-45b0-b4db-30b42baa5121,ec1f8b4e-0761-43ef-a8c0-368751f2c7c6,true,fake_account
72892539-a95c-44a9-ae55-5eb3770a14cd,dd9d5de5-edb4-4b3a-98fd-77eb1cfd4842,true,coupon_abuse
9c9fe67f-65b7-4211-82da-0bf987161d3e,42447357-39f4-4099-816f-ca2d9d9fa2d2,false,bot_purchase
3ab5141f-3027-4782-b702-05587b1b69a0,c8ae687b-c44a-489b-88f3-3a34a68072f3,false,fake_account
f0c32f99-c296-41f0-8662-9e8291846efb,da02085a-ba47-4f15-9012-f45a416fdf54,false,coupon_abuse
c3890cb4-f140-432c-ab78-b346510432cc,8d385c20-d25b-425d-a6a5-2c8b88aa99d1,true,coupon_abuse
9ab3d04a-2b45-4d35-930a-b5cd9cb328b0,df29121a-0359-4ab5-a55d-649b9676ba12,false,none
ac6102b3-f1d7-445a-9b2b-b95d792a90b3,f75bc09f-ba3d-404e-af32-a5b060d4d243,false,bot_purchase
fbfb1cc4-6fa9-4ad9-9931-535f0076156e,0778289d-9c7d-44ff-a95f-9c497da94f2d,false,none
bb38cb46-9720-4843-b1e7-ab01feba9d77,e36e996f-739b-48d2-af2a-03c6c70ce9ef,false,none
7c7804e4-8dd1-486c-b6c3-72ddf04d380c,8ca99da3-1641-4a2f-8b96-227a33e3b027,false,coupon_abuse
de66cbfd-a86a-4922-9a19-2be1a3cc1b1c,5aab810c-599b-4dd3-8e8e-7595a4c4ecf8,true,bot_purchase
3cbddd09-d5dc-4507-9e37-65fa9243d12e,8b8b30cc-ab54-427e-9818-8c7e8e5141db,false,fake_account
1283279c-2139-4ff6-b50f-d583afd506ed,e502889f-4f35-4beb-b1ed-249856acc234,false,bot_purchase
2e4a70f3-3b85-41f1-b431-83019e7d6fa7,ed94ecdc-a5f6-4f59-b3b8-3984114c0a31,false,fake_account
2c9739b0-4912-4b41-90a6-48538a1ee064,6599dc12-8243-4e8d-b56b-dfa60083485d,false,fake_account
607b3746-5b08-45cd-bd8a-cd1b78468ee4,0498e853-75e8-46c7-8b7f-b5fb9fbfb00e,true,bot_purchase
bcbdc76c-eb19-463e-aee3-ca32e431da5c,8c8d57dc-0c7b-4ca9-894a-ef0f45744262,false,coupon_abuse
c837034d-09a5-4961-a1d0-dc7e56b5d1b5,e26d30aa-d81b-4861-af5e-1a2178042e99,true,bot_purchase
587ea33e-f52e-4b62-9ccf-9283988d7509,7e61604e-8cf0-4c62-9d8a-7b28dbb47764,true,bot_purchase
8a22daa3-0556-4ae9-9c14-4fb192734050,2eee6f1d-3ae0-41af-afdc-2b62777b58e0,false,bot_purchase
8bfa64f3-cf68-4578-88d0-44d3079bc304,d0c0d589-731e-4dc1-8183-b21dc42c6bcd,true,none
c8812199-96e3-4255-b8d8-c1b152648eb8,5c1f2138-dfda-4d18-89fd-2d89e3392e36,true,none
fb6ad9e2-353e-484a-b6fc-49fb27316caf,ac361893-bf00-4c5f-8632-16381f0375ed,true,fake_account
7be56589-7d9d-4216-b5eb-d6bd1364810b,d3121fca-fbab-417d-b044-918e4702b642,false,bot_purchase
d2e34aa3-049a-4c1e-9b8a-f97c22ad0764,36ced1a0-9547-459c-9236-25fc4bd96d44,false,coupon_abuse
3cae4c8e-dad4-486c-bc5e-e4ed2529847a,da53ea3b-b06e-46e3-bec0-1e7bd9d9e137,false,none
ecb4d1c9-c1a6-494d-b995-779333b68978,be1b19a1-b1db-4e9b-984b-2120d129feca,true,coupon_abuse
599b210f-bf09-455b-8c98-a0f61f66f2b8,a7d41e99-99c4-48f8-953b-fe273cc85996,false,bot_purchase
eafa6818-27d4-49ee-9ab3-2f930270e8c4,5235b85c-f64c-4b59-b21b-3e5dec8024cb,false,bot_purchase
a9eab13c-2ddb-4fb7-82ce-fd653bcd195f,717c4fef-ab64-4637-a7d3-27f2e8e7246a,false,fake_account
8500d7f0-0bf5-460c-afa9-847a2030a29a,c6b0e131-8172-4871-8a00-4c0c95814a3c,false,none
5e16d2b8-77b1-4c25-a068-5d48edd13d22,ce110595-eb74-4bee-876f-a8fef573660a,false,fake_account
680e4485-9953-4bac-82a8-a80f6754e95f,e974087f-b166-4bae-86d9-1689b7a1a278,false,bot_purchase
029af121-75e8-476e-968f-be12e2fcdce6,da017d33-8a60-45f1-a583-ce81a38e4c2f,true,coupon_abuse
f54ca0cf-400a-4281-8199-6635aef8e8ea,4f18fc42-4318-4a0a-b660-41397d08281a,true,bot_purchase
f9848de8-559d-4e3a-b506-6a3d2187fe46,5ea0639c-a4cb-4f95-b083-8a0779a0023f,false,none
20653666-c981-4c43-ba1d-68ca0aeadd76,9334185b-b705-4541-8e58-8b19ea967978,false,none
7c5c2cbd-221b-4d30-bbbd-a656ea653bb4,41f4235a-506b-40e2-b046-9f9febd54ef7,false,none
c0c1ea9a-c0ec-46a3-a3fe-8dcd4819fded,6ba00c89-cf73-4470-a007-2ec349af801e,false,fake_account
9a074b3b-fae8-49f2-952c-b75d12b39e3b,fec6e631-054e-491d-a848-15568c8de6fe,false,bot_purchase
887b8530-5732-4f7f-9ede-4aa734b55bef,0105d804-41c8-4831-ba4a-374b843b5e33,true,none
00b951bc-2157-4038-98fa-ffb737feec58,23f32c33-a37e-4723-b1ac-370de72402ba,true,bot_purchase
2b9ae0a6-05f0-4d10-8785-32acf80d93f5,e67fa3c9-dc38-4320-a7c9-8f7125278852,false,coupon_abuse
e8f6bad1-fb65-4568-812d-adbb27e7c913,24e58296-3738-431a-bb05-7f06baa18ddb,false,fake_account
2cea9c4b-532c-4c91-afe6-32c47512d6e6,62906f7f-3ae6-4ea2-bc98-fcb98e2207f3,true,none
adafb024-0c03-4fad-a499-39573529160c,d4f0f04b-b351-4bbf-99c2-897e0b034b65,true,bot_purchase
3330234a-475a-4de2-98a2-139e1540456a,5ee22b79-3045-491f-a522-12525bb8732a,true,none
43575ba6-625c-40eb-8618-b0aa0362ffab,a2d22885-d447-4db2-ab99-58cc4d9c85a1,false,fake_account
6ac21c5a-27b1-429b-87f4-470f1fe951c4,02643d5f-8b8d-4629-bf45-3168d08afaa2,false,coupon_abuse
e1a43400-2208-45e9-827e-d5d941ebfc5e,4fe57d5c-fe75-4a92-9186-2c3493406bf8,true,none
08ad1be1-4f60-42e6-9ff1-897d1b1c9db0,828a1ae2-5937-4d6c-9c98-79430e3a164a,false,coupon_abuse
ef324d3d-2fdc-4896-b2c5-7c05a77f39c1,88584363-f124-4f27-9cb0-642ba9b15b4a,false,coupon_abuse
d7505dc3-2eca-4238-85f7-1d33c983e60b,44d60897-f6e6-408c-873a-38a339d9ed97,true,fake_account
acf33880-b173-4247-8b33-8791d02b6df0,b35d0cba-d77a-4273-ba1a-dd65aa5b0b43,false,fake_account
1c475b7c-80ba-4e20-9ce7-b42d02a83220,8e24c393-f295-46d1-a80c-2346d670f7c0,true,none
f6dcd02f-937d-4bd8-86d1-68528f80cf17,ce36e85f-652f-4779-a484-ae35337a24e6,true,coupon_abuse
375b755c-d92f-4859-a5e4-ebe70283f348,2357bfde-37ae-4951-b0d9-5d3820853320,true,fake_account
a64bf6aa-229f-49c5-977d-e56524c81e4e,df2d84c3-be7f-4f23-8361-d9ce8765b42b,false,fake_account
b5211c8a-a063-4283-a6f1-d9bf28d20a75,3867e6a6-6ced-4bfa-b530-90f040d48b4f,true,coupon_abuse
00f061f3-7361-43dd-94c0-eb5e45be9ca0,dc8c7a9c-b72b-4f2d-935a-7b747a0809e0,true,none
fe382e22-d13d-4505-9c78-dde7e2aa67c6,8e137c98-5129-4d09-82c5-bb4558823dbc,true,none
91c3e4d8-1ab2-484b-83d1-c7a8b76a4b16,6d8206ab-0e4c-481e-aca8-8536953dcfec,false,none
a240790b-785c-4ab7-a0b1-c852d55ea8bd,08a28538-c18e-4386-b985-8f18f96d7ea5,true,coupon_abuse
5dff93f8-2232-4184-ac25-25a4d0f5ded6,dfcd40ad-c52c-448a-b8a0-fe6b6973dfb6,false,coupon_abuse
1d3c9f84-045c-4f21-921d-7f70130857fd,bc998134-d87e-4ec8-80e3-e5dff6a0a977,false,fake_account
5b117834-0117-419e-a701-975f095a1681,7a755c75-78fe-4414-b4ba-9c241381b06d,true,none
3f872818-6f11-48c0-ad3a-03d03df4e77c,34fe7895-5dc5-4a54-983d-22987c69b24d,false,bot_purchase
5f8263d2-ac26-43a3-b29b-71c9fa184dc9,881d6261-adcd-4c46-9875-b7bd7f830dcc,true,none
dd15fed1-bd31-46b5-96ea-d81003cd7738,2972a42a-8f46-43c9-b7af-0ae5c3f4e63d,true,fake_account
d7dd697e-6097-4c44-af05-a84c25f4f41f,6beaa540-7efc-42be-8efd-af6550afc74c,true,bot_purchase
d21d29b8-9be4-4364-b121-5737834d1116,647dbf76-8b03-467c-b41a-9ea0c8b24a66,false,none
f5806fd5-5007-4ce2-a479-5317eeee27f9,e479a40d-0c30-4e47-818f-a9dd58c80de6,false,none
1d2a7656-d1b7-4b7a-86f8-9c6fd6994856,4079d063-6158-459b-8f02-536aff62c516,false,fake_account
09218edf-caf2-4c28-9d9a-5b3f5bb43c05,3ceaff61-b0ae-4dfb-acce-5581b66948b8,true,none
c36135f4-19c9-482e-bb6c-5d3d9eeb9306,14f9fa23-e64f-4ef2-80a8-7760bedea214,true,bot_purchase
c1a4f188-198e-460b-916c-dbbfabf6bde7,52b8febb-d55a-43bf-9cf6-117d3ef00db2,true,bot_purchase
08ff815f-cc8c-401f-a868-059a4c64822c,cbe96cb4-f0b8-4dd2-ae72-0a3dccfab8ea,true,none
e40c257c-ecb8-4fe0-bde5-3f4eeb3d89ea,1eddc2c0-b1ba-4eeb-9f95-07245e85fa46,false,coupon_abuse
d1d6ae2a-1f00-4f89-81fb-dd751ee7828b,f8c55706-2381-4224-9ad7-c6e69fe0789b,true,none
1f110865-92c0-4e07-a71a-43dc857e5808,85d37f41-ef5b-4a84-b6c9-7261e4292506,false,bot_purchase
75cdb72d-cec5-46ed-ab3e-d568f8b0f57d,4f080e65-acca-4f5c-bb3a-fa1cfd787f78,false,none
31ac9295-0e3c-48d0-8afc-bdb0c46b2012,fff69572-e4eb-4545-be37-60b33a7c95ba,true,bot_purchase
89920ef5-7003-491f-a0a7-53c5d7767965,52b625d0-24a7-4552-9b4e-1036f0d82e43,true,none
858e9651-44a2-4935-852b-d409cf96c6d5,2ea428ae-91c2-4911-84fb-170f3c8948b8,true,bot_purchase
4fa2a4b0-12dd-40be-b4ac-ff1efe419379,d984f127-09e2-4e94-9154-6f3dfa917cc2,true,coupon_abuse
2f3fc0ff-b05e-46ae-b4b1-87b7ad2d381d,ede6baf7-cc0c-4d07-bf9a-5add35c107e8,true,coupon_abuse
595ddbd1-741c-480d-be8e-06becc7025ee,6d3cdd12-43c6-4320-981e-6ae59bb44b1a,false,none
5e6de49b-ede2-4437-89f0-764e5d1e4d1b,89d9c99c-06e9-4900-ab23-6e6daad591a4,false,fake_account
7178c9cf-7a7c-4a99-82fb-6f7149eb2e5d,ef13b116-0368-4634-b213-b04412fa8c6e,false,none
0ddf5dd4-cc21-4e05-bf5e-99d541a42d6b,b33486e9-1ca8-4367-b533-b536956cd0df,true,none
c5f5b01a-9bcc-453a-bbbf-903afaca3c6b,9776f291-4149-41ca-9613-915ef24bca3d,false,none
c405f519-ecde-4e77-8a10-83e8cd94a40f,80bee659-2c46-4d92-a37b-48e7f18f3f71,false,fake_account
c99dbde7-5dcb-432c-a84e-971a97c0fbb9,0fb395a1-9964-4364-ba89-85bd9c00aabb,false,bot_purchase
eeda952f-5b43-46ff-a575-9b73b494f177,2801bcee-c4fa-45cc-b17f-f9fa741f4e3a,false,none
072dbbb9-47c3-483a-acd0-41bf80537530,9027f2ea-62d9-464d-a85d-70f4be5a603a,false,coupon_abuse
e1f4aed9-53c4-4b6f-8ad6-7a74ac2d6a2e,bb249212-9cf6-408f-900f-9c38ac058d97,true,bot_purchase
483824d1-431c-48e1-8163-984b3f09b095,afdaee38-d72a-413d-8224-56e59b1cbb7c,false,fake_account
d43ca2d3-4aa6-458a-899a-b9a7f2d7f0e1,f4514461-c6f0-44da-a6ec-fc994b6548a6,false,bot_purchase
131cd255-ea27-4b20-b6a9-12ab881e2049,04209831-03be-4ac2-b481-8caa3ad9b205,true,none
89951ba9-5639-4a10-a41a-780499c9a01c,7bc0fa9e-2a58-4df1-8ea2-d84ba4239d1e,true,fake_account
2b53e621-c998-49af-800d-81790d52a85c,b7bd3299-72f8-4b5b-ad7e-0109bdcc1119,true,fake_account
eab85f6e-ac10-492d-bc2f-82e3ed86da25,eac3d9ee-36ab-42ee-a07f-3aaef50b852f,false,bot_purchase
dd1e8597-cded-4f0a-a4cb-6debe2abe140,6eaaa617-9732-40ef-b10b-2be42cbca506,true,bot_purchase
a4014ae7-333c-4d06-b6a0-9ef1767e96c6,fe7aca47-2ec4-4bd5-9668-ecd3ad2058da,false,none
bd9d2b55-d646-4237-8525-99c20e108997,9e6c421f-98e7-46df-b08e-3eb56b8e54c6,false,fake_account
01622670-e747-4c10-a6fe-2f645ca9ef6d,3ac1c45c-dfd4-4ae0-a14b-ad89a782a52d,false,fake_account
efd5a79e-7402-440c-a7c4-42e829af0e16,d56d87f6-ecaf-484b-b2dd-ad26c629edb8,false,fake_account
dc33215c-723d-43a2-87dd-db2c9ae3f8ba,9bfb0524-3f52-4a60-919a-7a05a1e6846c,false,none
9c709566-9b9e-4d18-99b1-d4c9c6e0c82d,dec5a3f8-f3de-490e-8eed-1f634accfa8b,false,bot_purchase
46d3f5d3-ba16-48e5-bd4c-afeedbb121f4,8fe6d74e-9f9b-4849-b73e-d14db092ba46,false,fake_account
4e105f90-2a56-4491-9e9d-f3a60fc9896a,971346f8-6d4e-44d4-8442-302186f6418e,true,none
2f7d0421-df12-4574-afb3-b9717bbe0e48,e0fd2e0e-5bab-492c-b6c3-232336da68cd,false,bot_purchase
a9bc19b7-d52f-4ebb-813b-3b42d03fb5ac,f1cc8a80-8fbe-4a09-8ed6-35f3e2a7ea8d,false,coupon_abuse
533d122d-4555-4201-ae6c-832baf0952bc,126a7649-5dbb-46bc-a0e9-a1de4e3f6468,true,coupon_abuse
c6551d84-2157-4e49-8a92-ae66b0e78ee4,a8f1a406-f5c2-47c7-9687-700421ef74b0,true,bot_purchase
70b848a7-5d5a-4731-b80e-eb676e3e2018,bd16f99b-5366-4667-9fc3-eaef42fc291e,false,none
ec4952b9-b4e9-4a13-8ec2-75b2cca37987,8675f967-ba9c-473f-b0f1-4b33e2b35858,false,bot_purchase
edca7e9b-a4a7-48ac-95df-0d010c7c505f,4df03dde-8623-434a-85c5-c87ae2196035,true,none
de38f158-9a4e-4221-94f5-60f75e5e5eae,308de3c3-eaba-4797-a3cb-27b5dacdc7ba,true,coupon_abuse
5b0a852d-3ad7-4717-9680-98292fe28c5c,ce712c1a-5c04-4e6e-bff7-e58cc537937e,true,bot_purchase
96ddb532-56cf-4fbc-81c2-6989f8fdd751,eb0c977f-9a0b-4aaa-b11c-067dd5d873d6,false,bot_purchase
f780825e-8f12-4ca2-bda3-46c917b07074,1d03fbc1-743b-437a-9550-be018347118e,true,coupon_abuse
0d6a390e-599d-490b-923c-6b7d16cc1b9a,25f8b630-ac20-49df-b474-cdf88aca06f1,true,fake_account
2939c17c-d723-4a84-91e7-fb788b0c2a78,47743472-ac44-48f9-abd3-f32f2e8761a8,true,coupon_abuse
fdc33a31-fed3-4de4-a7ae-0a553494f216,1535f80f-0c93-45e4-9f1e-48fa11376efd,true,coupon_abuse
6bf0eb95-7ecc-4754-a160-3b40286791d6,47486748-3328-45aa-9623-3194d6a2c22c,true,bot_purchase
14852c69-9605-4def-a59c-5c799e5696cb,ec59cfe6-af62-428a-8c1f-8e39a878bc84,false,none
1f24eb4a-3599-4e05-8356-df044a6de786,21cdbe47-bdd9-4615-88eb-6e2c9a3d25d9,false,none
997107ea-d3a8-46b9-9a63-dcca56f604eb,2d7a10a5-6f6c-46d3-8ccc-e5799e4cf711,true,bot_purchase
1b17bc43-2a73-407f-ba74-b481390b511e,1e517abf-e3a6-440c-94e7-a88d60172c87,true,coupon_abuse
6ce047c7-746d-49e4-a031-c84090f3d645,7f09c540-6ae8-4f70-9587-640351ebadde,true,bot_purchase
08f5c7af-dcb7-4e12-8404-f1ca83c2ca9f,fe2a3fe9-d4c7-4e4d-b39d-eac91cff4c88,true,fake_account
a6013209-c266-457c-8184-b8919b6c8027,6d520ea2-fa82-40c4-9619-a34e7620bd2f,false,bot_purchase
04155c72-8d7a-4ee9-912c-e299538230b1,5abbd9e5-e73e-4b0c-8275-dffbb150d152,true,bot_purchase
7062ae9b-1366-4ccb-b322-7192fe570fdf,8cce66e9-78b2-4248-9538-9266b3a91728,false,coupon_abuse
d6d7969f-21ed-434e-a0eb-ab9a739ea2be,665e4391-eae8-4e70-998f-7f87cd5b8a64,true,bot_purchase
a0466551-55dc-4465-8d50-df59db61f5fd,1b4abe96-34c2-429c-9636-eee951d5b3aa,true,fake_account
5637867e-3318-4acd-9a97-233344140389,27c8c426-f3ba-41d1-8193-29d62d1d83ae,false,none
ba0e431c-9d6d-488d-a78e-d19eecbe8a37,35641fea-e6f6-4465-8b79-3cc2b04294e9,true,bot_purchase
8adafb54-c3d8-40f1-be24-824f56930fc7,eeabae8d-7e3d-43ef-9b18-c45771e2da69,false,none
56a1b5d6-8ce7-4571-8240-17fa4731471b,5279f8bb-e206-4a28-a6f6-3a5feb2a917f,true,fake_account
d3acc787-ab2a-4942-9768-dcad470c02f3,03630901-e7b5-447c-af5e-0cad8f7d3841,true,fake_account
8d896d21-79bc-4244-a423-5d6b197e2df0,ba22e8d7-60c1-4555-86ac-e39f8bb8b204,false,coupon_abuse
cacfbb88-6d08-4fa7-aeea-94503315bba4,96b1999e-c121-4364-9a8f-ca81d7a5ef96,true,coupon_abuse
260c0429-6e07-42a3-91b1-f61097da5075,c6e3296a-9fad-4f9b-a075-be926b8916e9,false,coupon_abuse
1d55fef1-fc50-42a6-8e67-f668d2ae9d52,aeb436bf-9987-4a0a-8e2d-55b6771ad83d,true,none
e86652b2-6da4-4be2-beb7-6da059d4bc19,dfc3cfa2-f499-4aec-a0d7-05b1d51ee6d6,true,bot_purchase
0f8d8b97-1dde-4c16-8f96-1d1ea6f2c407,d52a492d-ad9c-4bfa-a26e-ab6a8cb05054,false,none
06d932fe-6938-42c3-b8f4-d764dd2ff73d,95c34088-7400-4226-8c3d-58093d0c1425,true,bot_purchase
6238f386-a1e9-4dea-9566-d38622197b79,8245d987-90a9-4186-bae4-2d5135d591b8,true,fake_account
15718de7-7dd8-4b4b-9a16-c992b4f590d2,414b8924-6d4b-4260-bf17-f85a63e895e5,true,fake_account
34059e21-379f-4dbb-84d8-737497ab0c76,10747a34-efc9-40e9-9571-baeba0ff0e14,false,coupon_abuse
2333e4e7-c340-4a0d-aad0-e4e6bb79eca3,3d7e3601-a123-4e97-822f-7e56dfe4e0a9,false,none
0384ab27-d497-4799-8b5c-4fc2de4d5a08,fc4d2220-b46e-4cfa-a1ca-126cf6aa5ce1,false,fake_account
6bcadd9d-2a86-459a-8ac1-4c6b14b03b7b,d0cbf1f6-fe3a-437f-af7b-5b430759e40d,true,coupon_abuse
4fa50e49-f1b1-4565-8b32-4009a2010939,9a973f9f-cc10-443e-9488-171da5342c80,true,coupon_abuse
d57e71c0-f2b3-42c1-81b2-49fb1478a567,6eb3f2c5-559d-47fe-9bb7-9b2c25f3a448,false,coupon_abuse
4ec0a333-3e0f-4042-9aab-01f91a729e95,39d9851c-b0bf-404b-9669-a2948319ebc9,true,fake_account
28557ed3-e1c2-42dd-8de4-5b34ce7301bc,3b5e3621-434c-4b77-b11d-41d382e8e617,true,none
163977a7-562c-46f5-a9a1-e3d56ecb4fbd,c16d6fa7-a6c5-4b72-930d-ef739bf00547,false,fake_account
3dcd6f32-f0ea-4a02-a76b-e642d37a4bdc,c4d20707-30ef-4b3e-bc76-b6e6b8cd28bc,true,none
1bae477c-81ae-490b-91d9-fe3724f35c77,9dfd3a41-48bc-4a9d-88b7-f31ee06776b0,true,bot_purchase
e9a86c86-e5ca-4397-a628-30b0b2b152e5,644b3c25-e073-43e6-82d7-d3d1e37db5ae,true,coupon_abuse
f66590f6-2ef5-4404-8eff-bad4036a8dfd,695421e4-4f56-486f-8ae2-5c3c0df6b36f,false,coupon_abuse
d202229f-fccf-47ba-91cc-53a1c4e0edca,2b0f6112-6edc-4648-a414-d2a6a2193c9f,false,fake_account
da7d5b8e-e37b-4307-8a98-6ab21704fffe,a160c6b2-a7b0-477c-9c16-21316d507456,false,bot_purchase
a6416b80-16fe-405f-a692-570584b2e64e,8de72742-da05-48ae-947d-f6d1962e87c2,false,none
70142ea6-9909-45a8-a9b0-62ba07336586,4039cab1-eae2-4bae-a334-867f705fba89,true,coupon_abuse
69dd58f5-fb83-40c5-98f7-7e40fb80ab73,2fc3f65a-5996-4238-87f3-295f090d0058,true,bot_purchase
8187ee3b-a10d-46b8-b95e-57e1d0731a67,e146f7f3-3157-4799-b079-4f4b514c9223,false,fake_account
d1c4495b-de19-4950-aa60-3dc5984821dd,317060e7-ca96-402e-b309-40430e46ef23,false,bot_purchase
cde71bb6-1a1c-42e4-8bd6-a2730704bb75,183db621-1578-44f4-b6d1-0406f7d21be5,false,fake_account
9ac3954a-403f-4eb3-9e36-621504f956ff,c0236eea-0c3a-49d4-a59a-e3f630564a74,false,bot_purchase
97142d89-f42b-4d0e-983a-9c95985538bd,dd64e287-8eab-4698-b46a-60f5db4dc48b,false,none
8f4a0b54-6f86-41b1-9957-2dc0835b8abb,1044c4fc-5eba-49af-8135-9113a9adff71,false,none
1849b144-069b-4910-9af3-6175a073b06e,9030f0eb-02b0-48f5-a155-5e099cf16759,false,fake_account
015370a6-eeef-44d8-980a-130b16afb57c,b49a392a-3559-4be0-b38c-c87bad7fbf5f,false,none
f1392947-3d7b-4a41-b634-68427f6a052c,6f039e65-29f1-4285-bfd1-72a06df446cb,true,none
7b08f5d0-4c13-4da5-afd1-70f80c37ea65,1927b3fb-5e64-47fa-bda6-d4d07dee5e96,true,coupon_abuse
34ab547f-9d6d-4e37-b4c5-39377db88a33,0285a219-2d90-4573-982e-342cd157be62,false,bot_purchase
c635c2bd-2bb2-4fa5-9660-6b711afe5ceb,59b41024-9717-47ed-9219-af7073d4162a,false,coupon_abuse
611a38db-e811-4612-ad6c-3dbaf2e1db77,e6473fe9-871d-4707-992a-9e435696869f,true,fake_account
7d0e0585-c382-4cf2-b150-ee43140001cd,b6f3e9d2-5c5f-42ae-9d7b-b5c533238a59,false,fake_account
e1515feb-52b6-41f6-9814-5137ef88f5d5,b034a620-66fa-4588-8917-0f6f9d645cd3,true,coupon_abuse
9654fd01-fef6-4591-8a9c-c48f62aaec2f,0422b303-2cb3-4a30-ab80-4bf1e2e6633c,true,none
489b303c-2153-4907-b468-2ef5c2e1cfc1,dc08dab9-17dc-4d55-bb18-3adad7ad13d2,false,none
510ead1e-d482-4bf8-b746-648907d95d4f,5c8dc196-e325-48f9-a33b-85a490da3235,false,fake_account
f2e3c8b6-7ef3-49f6-a802-b7c856f830e8,be725b99-6a38-44bd-83ed-342488bdac54,true,bot_purchase
50ba7d24-108c-4d74-be5f-37b8a7c64a8c,6f79f02e-61c9-40d3-a681-ecb4f7ca6944,false,bot_purchase
14704c46-5a40-47d2-a71a-f615fdfa4391,fc81cccb-d49c-4bda-8e40-40617dad228c,true,none
6321fb7c-8ab8-4288-87ee-a065c40ecb93,a152bbcb-5058-458a-bcfc-6d3b51e23000,false,fake_account
d08575a9-ff44-4f7f-8081-0428ebb7e2f3,ae0a2bb0-413d-4537-97f9-bfd2c36878e6,false,bot_purchase
0f4d215d-fdbc-4fc1-8494-8cd54ad09ed1,2bdf18a0-2358-4a91-8e91-e686e6d19ffc,false,fake_account
27c71406-934c-46ae-92d5-d697685c5fa1,3ac1c45c-dfd4-4ae0-a14b-ad89a782a52d,true,bot_purchase
ba0355f5-cc99-4e10-b827-6e15b335c4ad,b1b9c556-a4b1-46bd-92de-ac23681a3fc3,false,bot_purchase
20d9f53e-2eb0-419b-a550-e05ac8801c07,c7a13154-6b0d-48a0-a73c-86e47ebce7fb,false,bot_purchase
6c71bb04-700d-4be4-ad9b-eda246fe9e79,a46ea0bc-3d40-4b22-bcb2-4252c89fb86a,true,fake_account
68fb33b1-8d7b-459e-9d4a-de43127604f1,b571eb44-fbda-4c59-8dc3-8ad583442376,false,none
604d12d4-1038-4870-a302-27a475730518,e8aaa9fc-1297-4605-a699-f77873bcbfe8,true,fake_account
376ad5fb-b8c4-4f7f-aee8-110c94b9acaf,20d6f140-9e9f-46eb-b0d0-ed1ae771e7fa,true,none
0a6ff497-f4c9-4551-a29f-f8a426face87,bf459674-7a9a-4871-8e1d-ed79dc8a35be,true,none
593dd1e9-f7d6-497b-88b6-8899e26da0cd,3589c2b0-8754-49e8-a98f-fd596f69c9be,true,bot_purchase
c8f26813-2333-4305-8db8-7e394994dae1,33d3468f-9193-429f-8408-5eb014279d9b,false,bot_purchase
d1b5ca1e-9d5d-405b-aa76-b8130f84a15d,c14cf368-5b8e-4e5d-a505-0ef6391799ac,true,fake_account
8046b80e-0295-4d9b-8c41-3c04751c383d,ef32efa3-882b-49f3-a94e-94eac568387a,false,bot_purchase
0b8a14b3-e0a0-4bfd-a148-86a843e83a96,d59473b5-c3e9-46b1-a3dc-0dd66c8ad16f,false,none
aaf6cb54-9fc7-4a6e-98f3-6d49ff8a6cb7,c08a4248-38cd-4532-a0dd-f3036fae0fea,false,none
d05cd6b6-eef4-4c8d-a646-9ccbe298eb07,2fbe5134-4332-452e-922f-3c854efc50d3,true,bot_purchase
7b8e6720-4147-4d64-ab18-abcae702042c,9a6b8232-5a74-4d91-bfb7-871946603472,false,none
e757327f-cf96-42d7-8bb5-11cc9e6097f3,1d4e454b-4bf4-439e-818b-46988da5c48f,true,fake_account
58de4a83-55fc-4f9d-b8ab-4450cfd27365,503460f7-ae37-4d3f-94a3-29a7196a691c,true,fake_account
4b24a955-ed6d-4dc2-8aec-06f302473886,3a66a338-4413-4585-bd5f-4cccd2864b63,true,fake_account
4186b041-e222-4d96-bfc6-e15bbe32cc85,89f7afc2-4aaa-495a-ab48-7128449b81fc,true,coupon_abuse
4b56b230-2ea0-410a-a318-55589d041ea7,aba60275-6e87-4dfb-9161-62712c11b4b7,true,none
a54fd3b1-d419-48f0-a522-7329a5bf09a0,db12bc18-2a83-4ec7-8111-b680638227bf,true,bot_purchase
428bc22f-4ffa-40aa-afe2-e1de305bc6fb,2cb400f7-bcb0-460f-882a-ad97ad5f5af0,false,fake_account
b5846637-1948-4502-9a0c-c812ab6da4b7,9833a80e-49c7-49b2-b078-c64115b51112,true,none
9c3488ad-5c25-4cfd-a9fc-3a1374c049be,e5097ff4-9d94-453d-b531-7b8b26c48d2d,true,none
807a44c1-ef7e-4731-a9b7-b18ee0f0dc1b,5c5e1e11-7c8c-4e43-a3f2-c495df737f0b,false,coupon_abuse
8714c38f-ecf3-42a0-ae8d-b5aada25295a,c14cf368-5b8e-4e5d-a505-0ef6391799ac,false,coupon_abuse
1e2f845a-2b5e-436e-b78b-07fbd3ae2322,69a14d53-9f12-440d-925d-b6afb7191001,true,coupon_abuse
ac681d4c-dd85-4f68-9275-0aab4d5f1dfb,c2f9d48e-79a4-4c9a-84bc-39ad6a9c588b,true,none
81846e76-b259-46cc-8cc2-35cd90b4254c,65f58923-db35-411e-98cc-e4658887902b,false,coupon_abuse
a0677435-f39c-415a-abf3-22c8911a05e8,bfc82f54-f996-454e-bf40-22fd4153b28a,false,none
56568046-65e7-4dbc-a9ee-51ad24a120e8,e5e58f74-2035-4410-b240-63b2cfd1bce8,true,coupon_abuse
3772878c-2211-4644-89d1-b155028b1d49,e8dcf63f-2831-44ba-933e-c73852f85afc,true,none
2ac2ca83-0e45-4869-b361-391888a85324,1c43c236-e6d1-4457-826a-80fa6cfeaf77,true,coupon_abuse
bd436d80-a086-4b14-bb6b-b892a84ad25a,3f4fed9c-1c01-44be-acd0-b0c90ff90888,true,coupon_abuse
59c37261-e2e1-40fe-8260-a956178f108f,82fcea85-95c3-4d28-b8e2-2d0a50d414bd,false,fake_account
c73405e7-8183-4310-bb42-188f80f8e9ed,8e1f1eba-3686-49f3-9ef1-b05f1e0f8ef7,true,none
35afd876-417b-4dad-90ce-818bc06cd68c,af92b65e-1587-4fae-adfa-225a33d5d82e,false,none
9ae1758d-4942-4f78-901a-034bc85d469b,d73ea493-bda3-4630-89fe-76693f7fd022,true,fake_account
b5d57700-2555-42f5-b388-9ec01fd42362,83a77a79-56b2-4ae3-8108-a25e92395280,false,coupon_abuse
d68997d5-fbef-4e10-85dd-2b874339f0f7,67490dd0-d54b-40a5-a61e-d303ca58add1,true,none
e64fdf36-ecd5-4338-bb40-c141de0ca235,63b27dcf-4914-4219-8c49-05a98bbde58d,false,fake_account
bae3356b-f4b7-4fe8-9450-b4e69bb17fd7,133ecbf6-64b3-493d-b811-348c84c375fd,false,none
4a00116a-33a3-4267-ab70-bd26fe1941d5,efc21d5b-000e-457e-a2fb-6e2eef86dab9,false,bot_purchase
8acebd19-bfaa-4183-b5eb-7f9f87a003b9,8385e790-ea6b-48c0-b456-bd5a4c96046d,false,none
5901c050-abe2-46c4-b469-ec1f8834d316,3e6e610c-543e-454f-a4f2-4706de3c834c,true,fake_account
3444217f-bdad-47ab-b899-ba4b072b7a02,2fa9701a-79de-4c1e-bb29-6eebefa8719d,false,none
d7561f4a-4ea9-4f62-a287-e982cbbd9be7,41836cfa-ffff-42f5-b322-5892555b1bfe,true,bot_purchase
6132fd52-f5c2-4863-8db5-7480695b7b1d,962e9eab-d9f5-4a0a-ad75-766249759dd9,false,bot_purchase
c23d9d59-9fb2-4f70-b7dc-5c60398562bf,91bb4466-194e-48ca-926c-95692feb19d8,false,none
13d5d658-7900-48d3-bbac-78623f3f00dc,4ec2202d-bce9-461c-875e-9d6fb7a5a815,true,coupon_abuse
8b231bb1-e153-413d-a2e3-438f42906771,b0fbf3de-c8e1-45cb-af55-ed391af8783d,true,fake_account
4b865bd9-3d18-4fac-9ff6-c5fee2053671,ddd33b63-0791-4bb2-bad5-1b3b9dfd957c,false,fake_account
4ea660fc-1cac-4a7c-bf51-1068a49f724a,7f4349c0-4e63-4049-a5cb-fcd139986480,false,coupon_abuse
748fa8e6-de6b-4e4c-a22f-d99a81e01abd,3cccebef-4f5c-4437-93c7-fb0abaf65654,false,coupon_abuse
e20290e7-777c-4f8c-bcb0-bcc15684f30d,4dd0c1d9-d8c8-49f1-bfc2-91f60183ec1a,true,none
1d528f22-c1df-4078-a11a-180e32550f63,e015e6de-4c5d-436d-aca8-81994d750f71,true,fake_account
f5937fbb-3567-4c4b-9a80-46da7b13a002,18e7fd00-28d7-48ff-8434-d6deb4108792,true,coupon_abuse
7afc4118-ec38-46c0-924e-3c101a812b9a,b5ff6a0d-e7c8-4647-8fd6-4c0d3899a552,true,none
58d288fb-eaac-4ab5-af9e-72bcb684dd5c,e0524768-927c-44f0-8fed-8e9eeda09f50,true,none
bc97843c-d035-404b-8b0d-29d22c7688de,a12c4bb1-c3d3-4f2a-b859-d05e1960b440,false,bot_purchase
fcef4bba-da42-4325-82e1-b01e3b9dfe4f,9293fe10-1659-49af-abb1-c02d7d304d7f,true,coupon_abuse
0710cb65-b809-4226-9077-a107faf088bf,80a1640c-8aee-465c-a60f-f57bfb0a0346,false,bot_purchase
74c18acb-3d37-4d4a-86b7-23abc36d62b5,01dd4784-9c34-4a07-93b0-68468e878793,false,fake_account
85edc074-3976-494e-b4f6-cad6d079a007,2f439e60-b246-4502-83ad-b595bf4ff3d7,false,none
82c7a3d2-1212-4ed7-8d5a-b3e264ceab61,b902487d-b701-432d-8eb4-7e6492d8ba03,true,coupon_abuse
e0b00490-eada-4335-84aa-6f65d4209019,74d91bb1-1737-4002-a86b-fd34951c6a79,true,bot_purchase
5d0d3131-1462-4e52-8419-65a3682d184c,058dea2e-6330-4073-b6a4-8bc4a1c9e8ea,false,fake_account
8e00f4bf-1655-4a06-9b5c-1f7dfe6b7db5,9f16942e-8eb5-4df7-a297-5ae045b1b058,false,bot_purchase
c9f73a23-5c24-4725-9cb1-49834b90fff0,2bb137fa-1cc7-497f-8a9d-5690425ea25e,true,coupon_abuse
1157363e-aa35-47c6-9a34-ea759b8f77c0,02f96d56-3641-4ce2-b60b-402233b77cfb,true,fake_account
bbcef18e-a82f-4ff7-80c1-69498f40d6cf,a026c4c6-53fd-48ce-b9f8-3a356e648f6c,false,bot_purchase
5d78b819-b2a5-4f58-acb0-9bdb2fb31be7,0abced8d-0b4f-4b40-a476-54e181935d7c,false,none
88fa64af-b7c1-4f3e-b733-37c3dd1f37da,2460be7e-052a-42b1-9fbf-8e3b63e5a6ea,false,bot_purchase
fef0ee12-f034-4f61-8036-5f18a95ee249,62673934-2c69-4636-9bb4-856bdc2fe24b,false,fake_account
945183dc-11a2-4279-b401-e75d377fa366,ff297607-a9bd-40a1-b208-afb8da206371,true,none
34a3d14b-7a0d-434d-8f71-743bc9354848,354aee65-bd5b-43c0-b766-f95fd2c17845,false,coupon_abuse
465f7af7-9c6e-4496-acf6-fa7c8bd88e7d,f9c56e2e-cb43-4673-a059-1f80255d6e8c,false,fake_account
c0d20e56-5286-4904-ba62-34a89ec73dec,4597b208-a4a7-4e39-b1e8-3f4d41b58642,false,bot_purchase
7b99fa6a-a2cc-4f5f-8270-3be87493b58f,daad7728-ed32-4ae7-ab1b-26450c2bfa3b,true,coupon_abuse
6a30bfed-1119-4587-a4c7-7152f977dd77,853a5fbe-c088-425c-8164-4c5cf16cf751,true,none
c82efaaf-d4fd-4ac5-9124-fdc824d57a7b,8851e4b9-e474-40ae-81a8-4f7bda4c6e7f,true,fake_account
ae35d4ea-f806-4326-a3a7-c382bbc8ac2d,cd9fe3a2-ad71-4828-8283-557def9ee82f,false,coupon_abuse
f094c4f5-fcc0-427c-9596-f2c6b119eaa7,d7c95f26-4225-484a-ae86-2bae1dbf116c,false,bot_purchase
e1124b7d-c6e1-4104-9fc8-a831d392e8da,e8b3e57f-aece-4af7-a0ed-d8cce8a03b4c,false,coupon_abuse
f8110fe5-598d-4e4e-b19f-f07a44912dbd,881d6261-adcd-4c46-9875-b7bd7f830dcc,false,bot_purchase
9fcbd60e-b588-484e-a542-45470ffe4c66,bb0dfe46-48e4-4924-8e14-536256cf7b67,false,bot_purchase
2f2e9946-fe4a-480f-a92c-e278bfba6f4d,fc5e606b-82b9-48ed-b1e8-0da17aa90046,true,none
1c36f2fd-79f9-4d10-ae24-f51f05ef80b1,dc3bb910-c2b7-4002-b173-e635a1bcb10e,false,fake_account
a1724959-314f-4389-bad5-17ef13d0b4b8,65766077-00ed-49af-a3e3-43b134baf979,false,bot_purchase
a386629d-790c-451d-8df1-b231cf4b081b,f0c8f16e-2de8-4639-bc7c-006860b0720c,true,fake_account
a17d47f2-d610-45d4-b1d9-0aad8ea2d2b3,361d7413-e49a-4757-93ce-6bed6af11d55,false,fake_account
1335db0a-b8d3-4984-8ef9-c6e61ae231d9,0adc77c6-ba31-46ed-990c-aa5608c6cf3d,false,bot_purchase
a34b129c-90b4-4038-be28-907087fde832,2d7697cb-528e-4add-b1cb-521d33e5d368,true,coupon_abuse
a586a994-e4ab-45f4-b84b-e15df90501d4,6359c993-9c7b-428c-9bfd-b38fd88657c8,false,bot_purchase
ca53ebf3-6f53-49cd-87c8-ed5f2f16eb2e,a4eeb621-e36c-44c4-8125-084c66cfde2c,false,bot_purchase
4f21dbda-da54-479e-97b6-fd131ddc35dd,46a00123-1738-4c42-9860-994e0ffdf7c9,true,coupon_abuse
079ad015-8841-49a2-b325-4d58c1677bbd,f3d3fc8f-16db-4fb1-8e29-d67394407bc5,true,none
bbd58d00-15e1-43d7-a725-15e9e2ec0013,ee8ff5e0-f949-419d-a30e-1122d5e613bf,false,bot_purchase
9a941f8e-bb6b-4ac7-a631-8d538b388e5d,dca23c1d-8c37-43a2-ac4f-2064ad049117,true,fake_account
d4451b31-96c8-4495-ba0a-7f0c1d0185ba,c97a6423-1c96-4a6c-88e4-8ca4e82e6278,false,coupon_abuse
c7c47d98-4cb3-40f5-8bfe-7923c058624c,e770dea3-2e67-4d3e-94d2-18a5f0971a5a,true,bot_purchase
3c6a256f-5f5f-4f83-8425-ca70eaa76a20,6e680c13-5d46-4eb8-8566-6505aa2e4769,false,bot_purchase
b3859346-eba6-4617-88ea-f8b379e3b7e6,bb0279d8-5b58-4bd6-8c85-7c43e65983a1,false,bot_purchase
f5ae8fcf-b073-410b-ac2b-6abb306f3c3a,ad922c82-2e84-4b77-8adf-738f3a4c47eb,true,none
6b381c32-4b02-4c21-8e26-1ed56f08dd60,a620ab30-dd7f-46ce-83d3-90e5728b9940,false,fake_account
3d6d7cf2-22e6-47d1-95cc-d8e6d7888273,ae82e686-69af-4f68-a6a5-2195a4e2cfe0,true,coupon_abuse
6160df40-a7bf-4465-af37-4de39a603d71,f8739bb8-9d6c-4b8a-93af-e10072e3905b,false,coupon_abuse
690745e3-47dc-4a88-90b7-2d525000ceff,c3b81ff8-4a8f-4a49-926c-147360be2117,true,none
28a82c87-23b3-4a4e-8878-8746231c7f8a,22a2990d-2035-4af4-bb75-47d7e7fb81a1,true,none
bbf21219-aa1e-42e2-9ee3-1879030a4dd9,2042efad-3643-4113-aa7b-2ba60437fea3,false,bot_purchase
8bd2b8e3-7ef3-40bb-854e-db373ecf5b65,96bea040-aa72-4757-a1c0-f2893dfced84,true,bot_purchase
52a11a52-baaa-4bf4-b62a-9c9e7c98cf34,0cfe8a00-1389-4190-81d4-e32e76d6644a,true,coupon_abuse
480eb295-ec9d-4127-89dc-5483770d3f9c,65e38e92-b8d7-4b97-b434-d791feca387c,false,bot_purchase
c09e8e42-b39d-487b-a863-97199827fe30,44578e79-18cd-4e3a-a7bd-9640c7e96d3e,false,none
8798a437-9561-4f0c-b689-b3f1513ad0cd,16df9e26-7ef5-4cc0-aee3-a8fab1bdb2f3,false,none
1588b5b4-d233-4ac4-a986-b2faf327a333,5e1464ee-3936-40b1-a863-fd41005cdac7,true,fake_account
1e136e3a-b1dc-4fb9-84ee-9d7f64f87cf4,d81bfe32-ae92-48f0-86cc-03483725597f,false,fake_account
071118ff-af5c-4ecd-845e-80f90d7edeae,67cbe22d-8219-4cf3-ad5c-c3bcd62ea993,false,bot_purchase
cebd49d5-21b3-4fd0-b06c-e58f7885ec14,190f9755-8a90-4bc2-a6b8-bd58b1f9483e,false,coupon_abuse
4f507f1b-d17a-43b5-9554-e44adeb067ad,cfe00871-18de-4826-a9d0-b5e60b77a5ea,true,bot_purchase
c4609bf9-df08-441e-9d13-b2a8084c49d6,59479aec-bb21-4021-a32a-3213907e2772,true,none
70d16231-de3c-4e7a-a0c1-922e41e8a6d3,41408bfa-4737-473f-a718-ab7875153269,false,coupon_abuse
f4751cfe-efe6-4dff-a44f-bba166a5409d,cb881f50-c136-49d6-8369-c6819e5caf64,true,fake_account
0a6c37c4-b2f7-4b5b-9f5c-fb13ad272d75,9472739e-63f9-46f3-a6cd-489d943638f0,true,coupon_abuse
25525df5-9082-4e41-965f-63966084e069,26ee99a4-f712-46b1-9aba-933c72ead5d9,true,coupon_abuse
48612af1-0dd8-486f-92c9-2caaffe05dd9,a977cfc6-e305-4aeb-bd62-6fe45f49855c,true,bot_purchase
92b0a7c3-0ddf-4f10-b9a7-3d1dcd71d1dd,2e255ab1-749a-4186-8fcf-4f34c11aab74,false,coupon_abuse
d2456ea4-f210-45b3-b48a-6b0d639842fe,bc0b8ac5-4c36-440e-b67f-8fb36c4b999d,true,coupon_abuse
be336664-42b6-49aa-8012-d61b814a5617,322da0fa-629a-40d4-862e-ad8713becf0f,true,none
49b68295-26e6-426a-83e2-9940de4de276,5366e466-c6f0-4d8b-b9bc-228434f90886,false,bot_purchase
252c87c8-0eac-42bb-8860-6fc4ff2d7104,abcccfba-04d4-41dd-b145-200c44dd0b3e,true,bot_purchase
705e8794-39bb-43b7-ad20-564fb709e178,b3ae60e2-8779-490d-9241-ae92d7512fc8,true,none
e4a618ce-c7d7-4783-8581-f37c97e0e937,b9626d71-6882-4930-bd21-a91b311ca242,true,fake_account
efeace40-ec40-4725-9e23-72754f1f6c89,8918beb8-2646-4ebf-b48a-c9e57a68e1f5,true,coupon_abuse
712081f1-cfcb-40f5-b5e1-61650475692e,631aa2a0-fa31-4c6d-b71a-d4d2e3cd198d,false,bot_purchase
e875cc61-025c-48ef-984f-4fe283a3499f,21dc1540-1d2c-4c2f-bb3d-4610942b1870,false,none
bf36eaad-7001-4b21-9723-b439e3aee3a7,ca066bb4-8e81-4c47-af89-4eaa28da451c,false,coupon_abuse
f2a8a921-3e6b-428f-9d40-bdc5268b907f,6e8cdb7e-cd23-455c-9811-eeeba2f1f440,true,coupon_abuse
8ea526a7-7aa6-4a8f-9cb4-21712e5ed92c,f562e251-a9bc-416c-8ccf-51c774e02ad2,false,none
9915e40c-71d6-40a0-a4cd-6ade20dc10a4,1e950feb-12c8-4a8f-bdfc-ada188739020,false,bot_purchase
cbaf8de9-98ed-46f6-8b06-f10db84f7e5d,7f7ebc09-161a-434c-a89f-889835e4c447,false,fake_account
803059a3-b29f-42fc-98e1-50221ed0e693,b2a4d7a6-e95d-4e61-a018-163ee242f551,false,coupon_abuse
3f67b118-2ace-4859-a964-9ad8ba3b9664,5609f934-cff2-4a65-b50e-19aff43e0baa,true,none
146bfba4-99e8-4c29-a143-148aaa5b6f78,a6a587e0-579c-4a4f-8e30-311fdaad726a,true,fake_account
c9b80ccf-0c51-4cb4-a39a-c119bbda949a,f67d4f8e-a224-4489-9546-3584311f0513,true,fake_account
c804a116-841f-44f7-8d5f-c19527fdede8,b64ffc0c-1f21-45b7-ac70-02e31e8705ee,true,bot_purchase
2e6ca9c5-adcd-4fbc-8236-dac7fefe3fd2,4b4ea94f-b2dd-42f8-884d-9d73d8aab263,true,fake_account
e1bc86ab-46de-473a-95e8-1d1472f00de0,18bcdef1-39ca-4e72-85bd-73a44ec25786,false,fake_account
156b2f52-2870-4b5d-87f4-97dfb7103528,a41bf18c-9492-4ffa-a114-0e2fd2a74249,false,bot_purchase
7a8d61ca-aceb-46a9-90ed-00f801e2a9b7,cd9fe3a2-ad71-4828-8283-557def9ee82f,true,coupon_abuse
7c4c6483-c1bc-4114-81d7-429421d8cb3d,60284d6c-3870-4870-abe5-b4b85506624b,true,bot_purchase
d95eeeaa-e4a2-4748-b676-c04efb0ef310,85f03f58-e36b-4c64-ad2c-f534d1c8a754,false,none
713b563e-18ac-42c5-9cf8-ac2cd0f6d0e7,4f6f9480-13b5-4521-9368-afba3c088752,false,none
1ee4c449-ec2e-476d-b3b4-7fdd1b12e654,2d3c95ef-ff6f-4dec-9839-2e81c47615dd,false,coupon_abuse
4a9da0d1-4c66-4a67-9f89-25107e572a15,7e0564c2-bd7b-4adb-bd61-dae9bfecbf12,false,bot_purchase
c755c13e-8189-4a09-9fa3-c18b5e57c044,db5bdf0a-c188-4fb5-a57e-49720e3d302e,true,coupon_abuse
abc7194c-b1bf-4584-bcec-d012097045f3,aec3d52d-0669-41be-b010-7890588ced12,true,fake_account
726a8601-e88b-4572-af86-083a33d504cd,73c6f577-c7ad-4850-98d3-4822ee91e051,false,bot_purchase
9170177e-5c81-419f-aa2f-acb45e98dda1,d5aeb447-8bc6-43bb-8b79-f5a8c74fe243,false,coupon_abuse
f15b3e8a-4216-45fb-aa9f-00318fa4e11d,c92d0c06-d43d-4645-9c79-3ccbe327f714,true,bot_purchase
861553e5-e2f9-4aa3-b918-e14b45568a06,962e9eab-d9f5-4a0a-ad75-766249759dd9,true,bot_purchase
47064d77-b7c2-48c5-bb67-5e398c680fe9,fcb2a452-7734-4a48-916a-fc019c48acb0,false,none
c4d4e6d1-842b-4649-b700-21e4c3ab6cb0,089a74d1-674a-4066-bd11-c8b37311103b,false,bot_purchase
7226d3dc-bd84-4d61-b83b-c1dee328adba,f448dbe0-aad3-440f-897a-122268b19beb,true,coupon_abuse
850314eb-3090-4209-a78a-9bbf9fa0bee1,71887310-2876-4c31-9dce-29511dbd397c,false,fake_account
f07dfe92-a661-4b22-971f-55498984c894,2058ed45-a31d-4f06-b436-1f358da54760,false,bot_purchase
1078e0bd-8a8d-48fc-894f-0bdff8f516bb,3ad3ea80-d657-4528-8f34-1afcd6e0286d,false,none
1512aa49-0dc4-48a7-beb9-d08023b3d7c5,46612bab-54a9-4f3f-bbc9-1b2d68ddb89f,true,coupon_abuse
116e3f78-fa3e-410d-baf9-fe5660cd9c87,89e0e90e-8209-4f8a-a930-3d6d0ee5e59b,true,none
b725351b-2f21-4fd2-8b54-a31311cdd1e5,78a180b7-bfe1-4e6a-961c-c665eeaf2622,false,none
5132ae61-9b7b-4c5b-81b1-c66f2968570b,390e8ec4-c051-490a-b406-03bc60d9e6eb,false,fake_account
ae909942-da4f-4f8b-8793-8d47acd29aad,2fbe5134-4332-452e-922f-3c854efc50d3,true,none
a3bb9338-1af6-4bb7-9a09-67803900ff07,afd2801a-fd92-47ca-983a-a12d17d6899b,false,fake_account
b45b39f3-1a65-4292-ace7-8fa4fa6fceaa,350cae2d-9aae-47f5-83e9-4444e19ea064,false,none
0944317e-1094-4293-a9bd-a91fe6c7f83e,a5f44e38-eefb-439f-b381-32f8427d447f,true,coupon_abuse
3887e6c5-2bef-41d5-97b2-9820bf3f116d,d051c7e4-6fa1-4d70-8a52-cd1b099c50b9,true,bot_purchase
78d2c8c1-7cce-4df6-8d6d-05b2a48059bb,141fa3da-77f9-4060-9df5-b2805861487d,false,coupon_abuse
e063e711-090d-4028-8631-0c8651108447,8a80db24-8474-4d60-ab16-6f84315037c2,false,fake_account
86bbe7b7-0fc5-4dde-bca0-88b575c70424,0c1dab0a-6fab-4faa-a0c5-953c3f79fa37,true,none
1f3523a6-d190-402a-9933-7486612f283c,8b837210-f0d7-409b-ae94-c46af6583dc5,false,none
c3e36ef2-9e41-4e3b-a9cc-9eba5e483ae0,3e874e89-f308-40f7-8a3e-4b5f24f8cf38,false,bot_purchase
552a3076-891e-4c51-b8de-46dbae9a087b,f2029178-5e27-45ae-8a87-362b035701c4,true,none
6784d668-5030-4ba5-bb3c-bb98595d776c,dd497648-8bb4-475d-aa23-50affaf8d5ec,true,none
c17b5735-2401-4918-bbcd-440fb61b1c35,944ed2e6-972e-4188-a666-a9ac54eb7cd2,false,bot_purchase
0f0eb499-d48c-4df2-8274-14f1ada1bb78,46f40b22-da6b-4516-992f-90ab502cb70b,true,bot_purchase
d4645370-bd84-40d6-a7ac-81e74e8b2347,8dace716-b6d8-4862-a362-9f6dffecc761,false,none
6b666cba-6e06-4ae5-af1d-1f35e7dedb38,92d19787-88fa-4435-ba85-1ac7edd7af11,true,fake_account
44820115-dea8-4af0-8073-e44597e6c81c,b2df4c66-02c9-410e-9fe1-bc0d4978ae31,false,bot_purchase
a74c4714-c06a-4688-9b0f-1079fb82f51a,c91ddc81-8edd-43e6-a1c0-6a72485cc0ef,false,none
002c7698-ad03-4bbb-856a-6782df7079a1,a94def98-17d1-4771-b2be-ab009b35f312,false,fake_account
d1c9e6fb-eff0-421e-aac6-f6044fe087b5,9f46627d-a2ee-48e3-b049-c4cec523b21f,true,none
0c93d549-c9b0-4ab3-9a0b-b2ef10450381,7a6567a0-8e4b-4823-8d63-fcd497033acc,true,bot_purchase
897e1917-ccd4-48b9-af31-e55b2070242b,e3b57604-4cd5-4c66-a874-07b79b7922b4,true,coupon_abuse
34eb4aff-b9e9-45b6-b3f0-122864788e32,b91114c0-aa4d-46ef-9a58-0246a021f151,true,coupon_abuse
7a01b6bc-39b6-4f57-b34b-3a3b6e7229ef,6627f1ea-0ae6-4461-b225-a97d0d91957d,true,coupon_abuse
13c919c8-5230-4183-9eb5-c59e38b17aa4,9de52ef2-5242-4622-9848-6289d3dd5481,true,none
95e78a92-d512-43f6-b94b-9233b1640218,4ce85eab-eda2-41b5-8b0e-10c5038dce09,true,bot_purchase
b12e7f88-1977-45f2-89f8-b09cc5d50056,d6fefb5f-e939-4921-8ca1-0cb351610781,false,fake_account
39e2bbf8-4bc7-4362-97ed-f851f58d4df2,17f47b92-6084-4125-aea9-8404197f7ad9,false,fake_account
82c6b460-9024-4061-be76-cd8c8903bb7b,3dc426bb-43f3-451c-a0b9-319919705ae0,true,fake_account
2bdf8b9b-3b23-4100-a890-ff3a28bca207,67be57bc-196c-4a1d-903f-5e1bce3947e0,true,none
b621fa49-f602-464d-a925-0c1331b28fcb,c2c6a8bb-fdc7-4e69-a34f-d1409f92e26a,true,fake_account
024834dd-d068-41c0-ba48-587c64a14cc6,f248635f-3f93-4e56-bbe5-e45f3d60f240,true,coupon_abuse
068320c6-b436-4cd9-8e87-7d57a097b547,e42fff17-b972-48f4-80ea-606c455ff834,true,coupon_abuse
286df9d1-07e4-4ec3-9bc2-750e82e4fe24,1f4e1329-2619-46fa-9f1b-adec281c9933,false,fake_account
6c225ed9-c7be-4f99-a3aa-eb2eb1413c70,2732ab19-7fdb-49ae-bbf5-900516568f0f,true,bot_purchase
7c0669bd-e8fe-4186-89b2-e05a5e07d51c,99b96dd1-0160-43c9-88c2-e733f3d3aede,true,coupon_abuse
30cebb61-01f3-43c0-a6ef-6eff46ab80e4,67fd72fe-d7e6-4934-b97f-8fc9b20447f9,true,fake_account
f3933620-029b-4cd1-9a09-c21001ace54c,d5d6450d-a674-4d7d-adbe-5c2de94afbe1,false,bot_purchase
b16cfbfb-5f9f-4199-b1f1-518e854e6b0f,8c3d926b-a8a3-4ab5-8a42-452fbbbb191f,false,none
ff203299-3a9e-45a2-bd45-e2b04d60b75d,e85a0673-1a91-486a-9fce-420e7a9d07e6,false,fake_account
8bbf9fae-19fa-4a36-908d-a931a89dd770,4ca4f82c-7cb8-4e2b-8be0-bc0e888fb8d8,false,fake_account
969f06cf-7368-49aa-b322-e382adf091cb,59e9200e-e103-4b10-aa7b-ead20ed0cced,true,coupon_abuse
a44ae311-61cd-4d13-b14a-682529571982,84eea35f-5f2c-4027-98c4-69964dacb9de,false,bot_purchase
4f782902-d4ba-40d1-bece-79714771f81e,a75ab757-155f-450c-bfab-00bbda91b45e,true,none
7439a43f-a674-4d98-b205-5f08d723c30e,dd80b19a-a501-4efd-a3b0-62e9d5335157,false,bot_purchase
ca6f0ae8-dd60-4d33-be1b-3c74f0d105c8,3e1ab56a-997b-42f9-bf99-cd66940b0173,true,coupon_abuse
59c35580-513c-4fa4-b2cd-1db4f7d5c69d,c9f6afa4-f5bf-4206-ab2e-950a761d8d94,false,fake_account
6b2dda65-e90a-4293-a50c-679f0e5e0368,9924f19c-2a83-4bd7-a3a7-f17e749bc741,true,none
3590df24-c6eb-4694-a536-53b50cd1d432,789698ae-1f3a-47b5-8d75-f8ebc59674a9,true,coupon_abuse
5c88ad3d-70c9-42a3-9ad0-718ccb6c64c4,68ba2e12-52a0-4fc1-a281-78d89d9374ba,true,fake_account
73f49578-234c-4d89-9adb-556bb35c312c,53efeb3a-83e5-430f-8136-0e76577c8ffd,true,fake_account
57f5b699-040a-495b-8a28-128543081702,bc7e069a-a9d6-4ce0-ac69-8ceb9c3a26ed,true,none
5aad3739-3eca-4cae-9235-d2cdf1755489,b2fc30a5-7f00-45be-a079-91efe2461475,true,bot_purchase
a52de3cf-3209-4da3-9224-1dde056e31fd,47d683bd-748a-4585-9980-2bd325afd726,false,fake_account
8119f94f-9dae-4987-9ecf-01bac605d1ed,ed1177cf-08a3-484f-9da6-cad16f44071d,true,none
b36b5ef4-cba4-4362-9913-843f73e128ea,bd5e9808-2aa0-438f-9ca8-77e2efd461b0,true,fake_account
676437a1-1d34-477e-81ed-c35acd09ddf0,46612bab-54a9-4f3f-bbc9-1b2d68ddb89f,false,bot_purchase
bad1dd6a-8423-45d3-bf18-bb0e28e1ec56,985c42ce-adce-4305-a588-466b06b01bf3,false,fake_account
d4d00567-0d13-4811-a073-f611c8282c01,78f3bdf7-fef2-49fd-84c5-49251f0f00a0,true,coupon_abuse
229c161c-516d-4f58-966a-fad8b97a054c,a977cfc6-e305-4aeb-bd62-6fe45f49855c,true,fake_account
585c1adc-e8c9-4a48-92a9-9edfa88d6b5f,eb36272f-dd17-4517-bfd3-451bf69e75a4,false,none
6d5802d8-36fa-4245-8c7b-eb1e839f9330,74bc3c14-a3bd-44cf-8254-6ef447458c34,false,coupon_abuse
11e45fa9-927e-47f3-8e42-3fa76821750c,7269a065-2176-46b1-9aa8-088c5a996a8b,false,bot_purchase
66ece087-c12e-4a7f-a241-e1c3dfff0a20,8fe3c425-7090-4fee-8e17-107e4dc54fac,false,coupon_abuse
6b602cf0-bcf6-4f95-9b55-f2ce70530c93,b642bcbe-ccec-4ef1-b280-cb2d71967aa1,false,fake_account
7776df6f-e558-4c70-a46f-9a221d8036d6,47995acd-b190-44a1-a7ef-9ecaf591452d,false,bot_purchase
ff1b3262-a94a-4f27-aec1-060df81928cc,8ff8f235-64ab-4912-be45-5254cf7b3be0,false,none
b679380e-0f38-455d-825b-b529216bc686,a52cd90e-091b-42eb-9c85-fd8de78a8e52,false,coupon_abuse
03431400-890f-4b1c-9752-1d46c26aa35d,0c1dab0a-6fab-4faa-a0c5-953c3f79fa37,false,none
e2d13836-c324-4a1c-b4c0-512834e5fb54,cf1f57d9-ec37-43bf-850e-f8367f2770cd,false,fake_account
0f11e031-72f0-44cf-9956-7d6ea7ac9483,4f2bbfea-8747-4801-bc83-2bab5b1cc5fc,true,bot_purchase
4b02c867-5a97-47cd-b4c9-baaddb89e4d7,e580eb73-9fd4-40c3-a41d-c9bcab95a494,true,bot_purchase
8dcdad78-d2ae-47b7-89df-2bb64bbe5be9,938fda5f-9776-42e1-a5ab-a0f8ea7b61a8,false,bot_purchase
eb22e2c1-bb48-4b38-ac39-8653c8036ee6,a029b431-5bd0-45cc-936f-b25b9d1584e6,true,coupon_abuse
1ed7edfd-e966-41d8-803c-29c4e81a8063,3e54ab84-ed69-4e84-81e6-32995adb1741,true,bot_purchase
c629049e-829b-4d9f-b2b4-286cf8804589,76ba99dd-2966-4544-af51-7ad6f6181fd1,false,coupon_abuse
c37012dc-ea2c-42dc-9e4e-065efbb94064,c3bce813-5bca-4e13-adf0-7280217b9baa,true,coupon_abuse
7fc015b8-2601-4d5e-87d7-cbe5eb89e8a8,4597b208-a4a7-4e39-b1e8-3f4d41b58642,false,none
3c24a26c-806d-4eb4-927d-e6485be95c7f,b31cc5b8-bd38-4a24-80a4-cd9fa5e545f6,false,coupon_abuse
f7291442-05b8-4999-8220-9830f7e99f61,f68df14d-12aa-4ffd-b451-d229df7d6abd,false,coupon_abuse
219c3b76-97c8-4ce8-bbfd-9f74a2c3e4f5,99368190-7bbd-4de6-9b8d-7fd357339ebc,true,bot_purchase
5b53e7ad-abe0-4fa3-b53b-79855cc2529e,63caf0d2-990b-4fb2-8302-1069e7d40626,false,none
f5c50080-c839-4e68-9915-449feaaced41,2027dd27-ac75-4225-b4af-b3216be727f9,true,coupon_abuse
989249d4-a2f0-4ea7-9d2e-5a9894f6e719,2b131c4a-f71c-4461-a1b6-20062a49681a,true,fake_account
4b70a6c4-53a4-4b9f-b2d5-250b33e77c94,03295280-096a-4c8e-b054-c78c4974f406,false,fake_account
2ba68c3c-7c55-4e20-9bfe-9b3b5195a2c7,2aa00064-df37-469a-b820-5d5790f04478,false,bot_purchase
6dcfe696-03b2-4cb7-984e-117cc092e9b5,a1041d9e-de6d-4507-84c6-58ba2adfd644,true,fake_account
db5fb3c0-ac41-4b39-85ae-14a824213bf6,a0460157-1c79-4c22-94ed-565ef982b376,false,coupon_abuse
292b2bcd-9a39-440c-9692-e3d4b947a420,f8745bc7-670c-4b36-b8d2-53448329ca67,true,fake_account
ac8a4a0d-b126-477d-97a8-79c15a29ab2f,e0d2044d-65bc-4e0b-b488-71c277262b04,false,coupon_abuse
f0418514-677b-4ccb-bca4-4183f5fe2216,37f29059-d0fc-422e-845c-b37c067ed9fa,true,bot_purchase
638ad295-60ef-4aa9-8206-8f43abe6b01c,bdc93570-46d3-4f39-9b98-0e0c2d7d868f,false,bot_purchase
9c192c87-b9f8-48a8-b60b-f60cb0dd499e,fa67b2c4-c629-4432-98bc-4f9b25b73ce8,true,bot_purchase
71e87788-6a77-48c1-b405-e196043dc72e,e5165f58-2b19-4582-8a04-96fe730c8ba5,true,none
14530f8c-2bc4-4f13-b478-15e558731f1d,f25d69c1-31df-4aae-8f88-926d988eb575,true,fake_account
af2688ae-6d81-4365-b5e9-64710d4ee047,e91ce222-959e-4327-b2a4-92e1a9b1a639,true,none
8ab59093-d7c3-4418-9fd4-615553e78e01,2e837a11-ace7-43bd-9ced-ac96edf1c553,true,none
3db25708-9e2d-4bcc-bda0-28847f14c906,5d28f9d9-71cc-4978-9ff0-15ae848bb39a,false,fake_account
e4c49c18-09b4-4693-87c5-28e7da7769d1,663543c0-7ce3-46e6-bad0-71eeb4c02807,false,fake_account
974cf1c8-c9e5-4a32-9aef-78c56d45094d,149dcb4d-6dec-4f17-a096-e79758880fc5,false,coupon_abuse
c07a8cf4-855a-456e-bea7-0ea5ad684aed,f1e3ea87-82e0-4af6-9a3c-5104f916bc7f,false,coupon_abuse
4c9c7950-1a35-44d7-9bc5-9101d46f08b2,4cd59f63-639f-460e-b806-20f61bf782d2,true,none
8a720d22-30fb-4713-9ae7-49d2c1e6e6c3,e298347b-5147-452c-854c-bb4e3bfd542a,true,coupon_abuse
7eb208b3-0ebd-4342-8671-723e8ab1e498,176d0f21-1d96-4bac-8298-cb42895ff68b,true,fake_account
79fb583a-26e2-48c8-9323-e850e110fa69,2ae511c1-cf64-485e-94a2-0beb1f499ade,true,coupon_abuse
56127c6b-5f73-4040-8fc8-502027543355,6bf7c0be-cb62-41cf-81a8-fa9150cf768d,false,fake_account
edc90e6e-8842-42ad-9031-55d350502f47,c7d95cc5-c490-4190-99df-4d1a340facf0,false,none
7ec6fe46-12c2-48d3-aa13-be81ce352c28,6627f1ea-0ae6-4461-b225-a97d0d91957d,false,none
4c609366-0e2c-419f-b949-5c8e2e5ef9bc,e0d2044d-65bc-4e0b-b488-71c277262b04,false,none
eea1eb62-ee0a-4fe8-a525-0712d143427e,16095cf5-e654-4f12-bc7b-635e5906cacb,true,bot_purchase
26c0dab8-8fd4-4226-9d56-d70517624698,a8c901a4-028d-46fc-aa50-05cd12180e45,true,coupon_abuse
51060aee-ea81-435e-ae18-0e66e02afc77,07677af6-f163-445f-90d2-cc21a7a0c1f3,true,fake_account
cc3d7934-4bcc-4730-8afd-e51f5c11a25d,f4886e70-ecbb-47fb-aa53-0caa8d7854d6,false,none
7fb406c0-de5e-4f62-806b-d2b845707488,3d3e3b45-4dc4-4f69-81d2-761dbc2329bf,true,none
2894a271-0c1a-45c1-9131-488e6ced176f,75dd7873-55b8-4cba-861c-72595f2f773e,true,coupon_abuse
2c4df1d2-c6c1-49f9-b0be-edb4727e4450,385b33d7-4f29-4624-b2c4-1cf8b827b246,false,bot_purchase
feb8d0be-65a7-4e2f-839e-848f3f4f7cd6,91f0fc4b-c385-4f6b-85aa-cee4085f80ae,false,fake_account
c09a8af5-5a04-4e27-a528-f8ea128f0c08,c8088cc2-b66e-4816-bc62-a948b0e2b9e9,true,none
2b08bb83-eec2-46e2-b8a5-ac70ec0eecc4,2bdf6d9d-938a-4860-a9bb-dcc9bd4b2d0b,true,fake_account
419e6430-315a-4b4b-8708-e5e058c15521,2c18d739-f5e5-4eba-bbc1-a1539c44ae28,true,coupon_abuse
90f82423-7bd0-4d7f-b5d8-67be1b4b3ba3,d9665974-330d-4cd1-bb58-d6c9e073ae12,false,coupon_abuse
8ecfc3f0-442b-4ddd-aea1-5ee88da78faa,ca066bb4-8e81-4c47-af89-4eaa28da451c,true,fake_account
db6f4b7e-c432-48b5-92cd-6f8d3727e64a,98ed60b4-0c64-405b-a5a9-358af082837f,true,bot_purchase
d31c68b7-7bf0-41a4-8291-f4e142de6cc7,8656bbd0-7695-4bb5-a77f-7c50b0d9c6a6,true,none
124596f5-c0d9-4401-9690-14f2d141a6f7,72066c3b-7dec-491f-9f57-bc2d1cd92599,false,fake_account
e9d62639-bcee-48e8-a855-eb4b1eed0316,6627f1ea-0ae6-4461-b225-a97d0d91957d,true,bot_purchase
598dee0d-05f4-479a-afb3-436468fe1a2c,1547d215-a21a-422a-b44e-f5f85becea87,true,fake_account
62931cf8-6638-4da0-8e42-1ed81b8e36d1,27291677-5348-4be7-8c54-c5f360fe3de8,true,none
93d4c085-9ef7-460b-8392-80103cb3bc7f,8420112a-4836-4fce-804f-bd1dfb29cbbe,true,bot_purchase
6cc1f9d8-fcc2-45fa-8dda-39a236372856,01dd4784-9c34-4a07-93b0-68468e878793,true,bot_purchase
1a3061a9-4cd9-49f3-accb-29d0fbe6ac90,20dcf5c7-7a06-4eb0-aeeb-1541c3f662a9,true,none
169c56ac-43aa-4205-99f2-40d15de08152,19368a60-38f9-440b-ba1b-83d0c1caf1ed,true,coupon_abuse
77262bf6-ab42-4f0d-9b4b-0861f872c8fd,a7934e64-523f-41f7-aeeb-f9f874c186eb,false,bot_purchase
befcad31-7650-4311-a745-9d6e46972630,8cda2de7-2eb5-47e0-b169-24b2122c541d,false,fake_account
8f18063e-021c-495c-b186-2ed55591ab6d,dcbfd89b-05ec-49cd-9562-eb49ab0d32cd,false,fake_account
a3a08df9-6b3c-4f21-a6d7-a24fd09693ef,1027682a-5135-455b-b298-b6d2ffc5d665,true,coupon_abuse
765880aa-6787-4e53-b1ca-5f2e305789b4,b64ffc0c-1f21-45b7-ac70-02e31e8705ee,true,fake_account
59837b71-5a5d-4373-9b61-3d001dbdcdcf,b78ca2a8-8791-4729-a64d-d57aafc6149d,true,fake_account
7d2be386-c597-4ed5-aaf7-6bf59a7da94e,1529051e-2e9b-4d33-9426-8e1983ef379a,true,coupon_abuse
3373d93a-2759-43f5-8f64-60bbbdee073d,26d5516d-8d7e-47be-8812-d6ea191aa410,true,bot_purchase
8e64e6f2-06ed-442d-8b9d-982b242bacbf,1bc87000-74a6-4b28-b2ae-391cbea03d2c,true,none
523562e1-2637-41c5-91b0-a19c12c906bb,2fc52931-b1fb-40d3-9860-d585452c4e39,true,coupon_abuse
3f8abcd6-265e-495f-b17e-f428f1bceee7,1369557c-9f71-49e0-be2f-4d2fb6f044f0,true,fake_account
7ac346a9-1879-40b2-8f59-78d406d34a55,7567303f-788e-4280-9fee-320e975aae76,true,coupon_abuse
9c4c2eb9-1263-48df-a2b5-d7ac98be51bf,2d219d61-9b0e-4e45-9b80-a4e931c078ab,true,coupon_abuse
a67482d2-7ae7-43db-ba78-331dbd21f8f0,4929b6f8-379e-40ae-b3ea-251c881714c1,true,coupon_abuse
972ebce3-5923-40db-9c69-0260a0f735d5,9b7b2d90-5ccb-4f84-82c2-5e03a6fdc550,false,none
7fc8da78-51d3-4c76-8245-5f49ec49730f,53646569-518c-4ae9-b23b-8777d5b28b80,false,coupon_abuse
b8542e5d-8a08-4fee-9983-510eb37138e9,2344c377-7e21-4f47-b3f1-0d285e0ca40d,true,fake_account
db44b5c4-31d9-4926-a609-c584477ea741,5c5e1e11-7c8c-4e43-a3f2-c495df737f0b,false,bot_purchase
437545d9-fe0f-4da7-91fd-da270a7ded28,a1041d9e-de6d-4507-84c6-58ba2adfd644,true,bot_purchase
7616add5-33c2-474b-b4e2-5804849e225b,f345653d-9ddb-4c56-b99f-dec45df5e90d,true,none
354a2534-f531-467b-b2d5-838a2db2492f,113d503b-64b1-4405-86b6-7cf00234392f,false,coupon_abuse
bf768482-16cd-49cf-adce-7755664a29a8,dcb08094-c64c-46d1-a76a-7cbf45e22a07,true,bot_purchase
94593ddc-8307-43ce-8507-7c95baab9486,b04422cc-1d44-4afd-b024-1ae0e28e3995,false,none
0ead0dea-4a7a-4582-9eef-ffabca5191d7,9caf7ad2-9c71-467c-870f-767171addf84,false,none
2d696308-1549-4880-ad05-137382835207,9a6de2f2-549b-4dd4-ad3e-2bdc7a20aae5,false,fake_account
dc0606c8-ac1b-4ac0-8e06-1eb7a61f0909,dfedf463-a236-47cd-9e43-cc1422b860a8,false,none
c09606a2-2717-4b75-87af-a71cf3308d30,d40527b8-e2e5-4fe7-b72f-89300dc34e19,false,none
cb1246df-6dd3-42a4-b5a3-68933a57aac5,846f2a83-96bb-40a0-ba81-4dc1da8b6a22,false,none
db905020-607a-43c5-b25a-3665062e8cae,3ebbe1aa-3371-495d-9e32-4cf7706589ca,false,coupon_abuse
9058f3cc-e6f9-498c-a8c0-58181591f228,77bdf15f-f742-4739-901d-68dee0a30684,false,bot_purchase
55e7af3f-3bc7-4cdc-9f9a-0171ba07e9f9,d078ae4e-2441-4c5b-8c31-82c20681352b,false,none
7b10dbe3-f8dd-45f6-8b93-da98faddf4cc,1f129d40-026a-4074-9ff0-6a183fd50e18,false,none
e1bbd097-bc76-401f-8e0d-2d6c5cb90de2,fc067359-a3e2-405d-87a1-7e15ed345904,true,bot_purchase
ec2a69dc-afc2-4d9e-8a35-6d38b2ce714b,b034a620-66fa-4588-8917-0f6f9d645cd3,true,none
a4811e9d-4529-4205-8654-afca76eb8b2a,b3a82264-e175-4a24-afe1-e431fcbc8608,false,bot_purchase
435785c7-f757-4c6b-9185-0e91980880f2,ee2f4514-e9b5-4ca3-8f5c-157eec79898d,true,none
dfc75534-7c6e-4268-bd2c-bdee15b5b070,b065a773-75c2-49fe-824c-5a24f25c1d94,true,bot_purchase
ee0a2dea-b6b0-4cb6-9b6d-9359ac9b3e50,b1074769-eabf-4483-b70e-59a6800f04ca,true,bot_purchase
e21f2193-5727-477c-9fc8-b75df1f55e82,711216db-5221-470f-9b9a-178344b51f67,true,none
018c4cfe-12f3-4c40-9043-f6131a821099,c6dad989-65ee-4798-b5fd-124743ec6d4d,false,coupon_abuse
4b95f73f-a9e2-472e-a34e-465a468f2d00,3a07d3ad-cf63-47e3-97bb-c01b4281d32c,true,fake_account
c8b29eac-0fe8-43b1-a898-762556a72619,654fccc2-fe96-4922-9e26-2dfea5bfe12b,false,none
ff8ddf27-a410-4ebe-9eb8-83e3c3393f22,5c44bd55-28ee-48bd-a3cc-75285ab9112f,false,none
dff2ab4c-9e35-4a8f-95af-01d78d794e37,f7c90e33-fe76-460a-8afe-27e4171bf1a4,true,fake_account
94af9265-08fc-498b-99ea-760ff6cca20f,f75a98ce-e312-4a0c-961a-24f2619518df,true,none
3e5ee5e2-d973-4626-ad07-fadfc3dd152d,62691807-feaf-4ced-aa00-eababba7c0f7,true,bot_purchase
1b52b62f-0fab-438f-9925-cd53a1ee39f6,7eef2103-5236-4bee-9c1f-8af9f1bf6766,true,bot_purchase
f606be6f-9946-4dfa-829d-4027694c41d7,e692dd4f-d8c7-42b1-b3f6-37352dece4dc,false,coupon_abuse
99e401f0-6d82-4d78-9051-6f7fd20a6685,7cd99c5f-4aac-4e84-874d-d108e53d7327,true,bot_purchase
1aff6a13-b3ad-42fd-af86-1b27559e279d,c418d642-5b5c-4009-9fa6-9bbfd72a2e8d,true,coupon_abuse
4a9a1c16-b0b1-4f6b-9edd-05f3ac726736,718cb91c-d02e-443a-b66f-eeb9aa24f06a,false,fake_account
6a37d352-594c-4ac8-ac2b-b700d0b46cbc,70a96b83-ba55-4d10-ad23-7977d0162260,true,none
ea3c2737-22e7-4561-8e32-9909eb20b9f4,512ff325-2725-4884-938c-eb0cab65dd54,false,coupon_abuse
90934729-1757-4b43-81ee-857b7294580c,644586cb-eaa5-4d3c-84ea-f3b18f8301da,true,coupon_abuse
93aa797a-c78a-4e13-979d-06f8950a0689,fb956bee-9b1b-42d3-a7ec-33897e1ca04d,true,coupon_abuse
6658a398-6747-46f9-9fe0-1a4aef552283,b0aefe91-3658-42e9-bc12-fc0bc1951eb9,true,fake_account
3694fa08-bb41-4da2-b8ca-724cbfca52db,fe86b0e2-6001-403e-858f-383be5c7b2b4,false,none
2b66ba8c-ba54-4566-9782-6be8a2340e26,6e07390c-cd97-4968-b12f-cfc2ef5cb3cd,false,fake_account
a6056f85-3895-4ff1-bb95-3d566bcd822e,2d6ce988-1b91-4dad-a6ce-6a3ead958d0b,true,none
007fdd87-e152-46e3-a380-52929fe320a1,897df480-8013-4e97-a736-a85b05012302,true,bot_purchase
bf00005b-fe3c-4825-8d14-3a4b5a9e10c2,67ceb21b-a472-4af0-80bb-b14511adef0e,false,fake_account
a18da357-8d73-40b0-8738-17a36b865a54,f41deb54-4d87-4b05-bcb9-dbbcba47b703,true,bot_purchase
31a50e21-a801-42c1-b6f6-e7987d0a9209,be485749-7303-4329-b138-44b9d82839b3,false,fake_account
13bc9c39-b536-493a-9bfb-a19bfb248245,35adc7ef-3c17-4ec3-a5ba-5475c29efc1e,false,none
25923300-93f1-4210-bb6f-1b6d45b98fd2,9d198435-bd95-4897-9e36-42d5a7ad82c7,false,bot_purchase
42106a5b-05d6-47a3-9dee-1927ddfc5000,f5fe860c-ea30-46e8-aee8-46e978eac9d7,false,fake_account
f529a50d-eac9-492b-bd56-076076892a54,91ce7073-e984-4704-a42b-8aa207052f35,false,coupon_abuse
9f974e35-8c9a-4039-9db5-96ee9afb2b25,b8765ba3-955d-4a09-89fc-8d2f37011d24,false,fake_account
c79c9904-b2c4-4096-8988-863f91edec5a,fe76bf8e-e767-4086-b7bb-aa9189ba6ffe,true,bot_purchase
55b166f7-5908-4ea2-964c-f8770fbf4945,eee1f757-177a-4051-a1b1-57d50e4f9c10,false,bot_purchase
1eb5c20a-88d8-4e4f-9cfe-5604b4543121,985c42ce-adce-4305-a588-466b06b01bf3,true,none
b739e7f3-c69d-4736-84d6-c62cf9a9952d,979fb36a-a8aa-4909-8882-21ea15de4eab,true,coupon_abuse
86bcb699-c839-47d0-9073-856ad24e1086,1f787021-6aed-477e-9c10-077fe685baaf,false,coupon_abuse
b13a76e0-4f73-42df-b1f2-9f3f89cc6dc6,7e46769b-9722-4e40-b55b-540863603794,false,none
082f1afa-2aa1-4bbc-b3ee-dec2fa92b57e,5121905e-ba90-4aef-a14f-613b756c47d2,false,none
77754c48-f746-4195-a0db-07b715e12773,d0646ade-87ce-4f2c-b9df-e2f77b01529c,true,coupon_abuse
b746aa89-baad-4351-9c43-92b0fa9e360e,5fd7017c-a133-497b-a288-8d04ccbf2138,false,fake_account
55ac6210-3daf-4633-88b8-607e3821644a,8a96648f-b72e-4a4c-a9e9-547fbb9dbf4c,true,coupon_abuse
1290906c-79d9-4124-b500-7150ec51bc22,1013f0fb-bbfb-45df-952c-d9ffcf75c4ed,true,coupon_abuse
fe40ffbc-5f66-42cf-948e-47efa6c64e97,c3188a1d-a252-4bfa-b90b-cb2c0de8599b,true,coupon_abuse
25d51974-aa07-4be5-a8db-bb25e4e418ef,7fc062ce-0a8d-46a7-9ec0-a47095c44f29,false,none
98106cb6-d480-43d7-a4d5-4ae2a1ef4473,6783291e-f491-4e20-8000-fb4fce01dc92,true,none
1d8b8b85-4bbe-47cf-be03-118c7452ba57,08f20b4a-f938-406d-8ea0-81bcf10b25b8,true,coupon_abuse
6f97cb06-3474-4ef5-9c43-b7f46a5ce053,a5701c52-28f4-4098-90be-de55dff7ee61,true,bot_purchase
c47ae4b8-781c-4c2e-bc70-62d55adb01c3,478eb9e8-8957-4886-bfe2-03021259074c,false,bot_purchase
fbcab6d0-6fd1-46df-b795-ad8625753dca,01dd4784-9c34-4a07-93b0-68468e878793,false,bot_purchase
6abd04f7-ba68-4715-9435-e8d248f57826,afa15d13-aea7-44bc-8d97-98ec87ecfaff,false,coupon_abuse
aeaee0b7-27fc-420c-8e8d-b1f54c87e9a7,be1b19a1-b1db-4e9b-984b-2120d129feca,false,coupon_abuse
7b68473b-3740-4bf1-9629-7bf1d75f83eb,6499220d-d5dc-4ecd-b730-4bdb1cb72797,true,coupon_abuse
f02c9eb5-5d18-44e3-bb9c-0a6a3ba9ffa1,c2cb61ff-e10b-43a0-92c8-a3997d1f3077,false,fake_account
c4be95fa-5936-418f-bda2-5736062e7a0f,829163dd-0572-4e44-a0b5-c79ce753172b,true,none
0747f286-df6b-497d-9aab-7c8a92c673d2,19855123-7346-4d85-95e1-a7cc95c8b65b,true,none
f855f554-f103-482a-b670-23412b620925,e72892a4-7962-473a-b3b4-0c5a8559176e,false,coupon_abuse
a70614b2-8f4b-47a0-a7de-c2e0f71f9292,996a0ea2-0b13-44c6-a879-9fa6d09b0d48,true,none
762f3cd4-b54c-4863-b27f-bc4d649510c0,c57cf921-667a-43ce-9d8d-61654b77275e,false,bot_purchase
84487341-7ae7-4ad9-9474-38187ef8bafc,992b4cd3-7052-482d-ad24-68b15f21bdb2,false,none
8af1e12b-623a-4088-96c7-61968cfbc0e2,3435c9dd-ecf5-4104-8cd0-62f3c8d8d5ee,false,bot_purchase
dad629bc-143b-42da-9cc7-49e37354364e,4e03c3e8-3227-4be7-8a54-83a3bd8205bc,false,coupon_abuse
f22522a1-4898-45a1-9487-265c1a7063e4,16668e91-672e-4433-8d3c-303947935793,true,none
f339a766-ef35-4f22-a6e6-4253880b29a7,fab24520-2bdd-4177-b00a-c6bb89e7bde3,true,fake_account
c454a886-2d08-431e-807b-68224e98e509,625c5192-196f-4e23-a4e1-6960d4524300,true,coupon_abuse
352dc4eb-a3af-473a-8af5-f52010142978,daf69120-b268-496b-b13a-682eb4264c0e,false,none
a7b847fc-f18a-4a40-9dd6-f8dd96b0e9ea,6a1a0391-fe93-48db-9dc9-95a250870a3c,false,none
c5f461ce-1c7d-4bc6-afc8-b2fa28aa7247,188a403d-a65a-4d88-98ef-2ac7aa3a2c3b,false,none
cd84fc9f-5c83-49f7-a703-7e7b70e7c77f,373292d5-da88-4081-866f-25abba7e9ae2,true,fake_account
3a934f85-1fd8-4d9d-880e-6944dbf98172,d82ce64d-407c-4cf8-9583-4b49a7fedd3b,true,fake_account
4f41a954-c727-430f-9109-bd1b083a5fbc,afdaee38-d72a-413d-8224-56e59b1cbb7c,false,coupon_abuse
6f194e2b-bc30-4185-86b9-f9a0fee0b3ce,8344d109-b846-42ab-9080-0bc5ded22303,true,fake_account
663932df-15b7-48a9-9090-cd96f352a341,11be0a07-d8e2-445a-9c15-827030a8c2b9,false,coupon_abuse
2d5079a0-d4ec-4344-b24a-60406f697193,ece174cd-ab27-466e-92af-0c834d55076b,true,coupon_abuse
1c185ece-1fd0-4df6-9ca4-5b05f2e31279,bd5c39d6-dfb2-4114-9d0e-97e569588b66,true,fake_account
32b1c1e1-a8f1-43e5-b4b1-7cc4e11125bf,4c4ddc35-514c-4a25-9500-8d049e7b5b5d,false,coupon_abuse
d8285beb-eb4a-41d2-a1e7-9740970bca9e,4938cb6b-97eb-46b3-88e5-659af3cfd052,false,none
8c956896-8b86-49a2-8512-1615ee97e7fa,9a65da32-fa6c-4341-b97f-fa35292c60d7,true,bot_purchase
6a563c0e-c1b3-4943-8109-b03f517e73f7,1b543ddb-cdd2-4b5d-b700-6a799f19f799,true,coupon_abuse
e290bd64-236c-4b27-85aa-002c9095c486,c665f073-5836-4beb-a3e0-94d7319d7cf5,false,coupon_abuse
40d44264-072c-4548-8d24-ce884d969093,5fa8e4a8-59f4-463f-9f5a-8da5459e1bd4,false,fake_account
e3fe6953-8b6e-4aeb-8538-59ceef7dbdf0,78607ade-e6a1-4374-94ca-11e174a623ab,true,none
2e8fca1f-4b3d-4369-aa52-daf7299b861a,220a553f-311c-43e9-a69a-7e4bb4168563,true,fake_account
ea837ec9-a0e9-4b74-9cc8-3e7cb0a0b2b0,fb685f93-1c9a-4fa5-aec4-0f12ef7aacfb,true,coupon_abuse
aaa8ca6c-4555-4d4b-a4af-9ca4f0adca3c,9f16942e-8eb5-4df7-a297-5ae045b1b058,true,none
2aada9b3-995d-486d-9a62-42e445596b16,10bd441c-a391-46bd-8494-7d06da6a70b0,false,coupon_abuse
6a6a30c2-e721-4d58-aae6-342db55a508c,a9dbb1c3-0b33-40d5-bdc6-914e0c8290ff,false,none
5fb17ccc-0891-440c-843d-f2862d6c43a8,3cc6e981-4b63-4439-a9e4-c9039702340c,false,coupon_abuse
11cfe1b4-b481-4e9a-9f8a-36e28130fd54,fb7ff780-9727-4585-9755-49076824872e,false,bot_purchase
799de858-4902-413f-a3a1-8ad11338c446,d600004a-b6b4-4e75-b61d-4651d11802d2,true,bot_purchase
dae8e146-f583-4b78-80f4-c885683b5201,54a4db9c-d42a-4ef8-addf-d17e0c713d2d,true,bot_purchase
27507569-0987-448f-a86d-7f1e1ace07d9,b21e8b74-3c85-45c3-8b54-23503e480d5d,false,coupon_abuse
e5fcfb24-80bd-4852-8530-e7eec40cda57,3c88e007-e9df-439c-a32b-bab14c36b98c,true,coupon_abuse
fcd94880-7599-4718-b884-b1ef9fc6a9bf,4b076c47-9111-4959-97e1-43779d513110,true,bot_purchase
bcad26f5-4fa8-418f-84db-2036aeb3d271,f8a5973b-bb1f-49fc-a76c-ea30036b4ce9,false,bot_purchase
c8e349c5-cc20-41f9-af39-ca4019080413,398c84c2-6ef1-418a-9f4e-84552bc2747f,false,bot_purchase
416eea87-4650-4f6f-8d30-05a953fd7515,b96b589a-6a5e-46e1-9cb1-2c020b1eb275,true,coupon_abuse
c7dedd92-dce8-4a3a-83ae-5d36f4dd7cf2,cbe59753-5523-4412-9b87-2e02198c8c67,false,none
17228f56-92fe-4733-8041-3c8961652d15,3ceaff61-b0ae-4dfb-acce-5581b66948b8,true,fake_account
bcc4eba9-e7b2-4f47-b07f-1e43c173c9bb,c73c5591-e8a0-401f-b2cc-7f13ae40ee03,false,none
2246e843-519a-4688-901f-782af9cae313,3e631e38-2f73-4a58-9232-ef0be14268e4,true,fake_account
c4ccefef-0248-4e28-82da-042068932dab,b77d5f1b-45fd-417f-a2d5-94d10c41ad23,true,bot_purchase
ffea897d-4d64-4a0c-a86b-d7bbe66d62c8,c080708a-64ac-4e2d-b63b-7735f84171f9,false,fake_account
63f8fa6d-40b7-43da-87ba-845acad0955c,f050cb15-8968-4e36-8de9-b6dd6c886e04,false,fake_account
b81a752a-f639-4700-8c0b-bd4ded2edcf7,04f2798a-3eb4-4561-9a02-712d87f4606b,false,fake_account
14320e30-7c87-48aa-8abc-aacd37c25c44,63fd3476-ba9b-4dcd-bd8a-4e06fa102333,false,fake_account
aaac5354-dbcb-43ae-87d0-3e557f3c4f7a,eeda0ce2-e5e9-4f47-88dc-455e818bfafe,true,coupon_abuse
a40bcf77-1d97-4a84-b3a0-66284656d1a8,3820a215-8a54-4277-bedc-a030bd992493,true,none
b407157a-5d29-4be0-bf54-613d601576b2,f27d50e6-8930-4ebe-84c6-659718a7358a,false,none
e7a26c1d-9cf1-49b9-bc61-ea913a52d9fc,ef768d78-d809-4a3c-b4b3-5843b8fd35a1,true,coupon_abuse
121a8541-7ae1-42c0-ba2c-84186a88d624,a28761e1-198b-4f25-b8f5-59906ddc6a83,true,bot_purchase
b33af5f1-47ee-4475-a3f1-91b3da23a0fb,21d92de0-567b-4a2e-9aa8-4942d769cbfd,true,none
333306e1-cf53-439e-b842-b56f286ea4a4,29dc23d7-3003-4dda-84d8-5ddc8ffa8bfe,false,coupon_abuse
3c4e34da-7be9-4a43-9ed3-1bde5fb22256,ec0ea995-31bb-42fc-b4f0-c5fa93c14d90,true,bot_purchase
2006638e-010c-427c-94b6-f8586b18be93,f8d76087-2be5-4d0c-b77a-3d775809589e,true,bot_purchase
7944ecf3-92a4-462a-98e9-78ab4e34cf8d,f66be4c8-4f7e-4b44-bb61-4f7a7873415d,false,none
4b10244e-c8b7-499c-8b87-780fa1a68159,1e368f4d-cec7-472a-9786-f42b95e664f9,false,none
b649cf29-a6f3-41f9-ace3-8e789b63a7cc,baf1b307-16fc-4a72-a7e8-64b3b51d2c8d,false,bot_purchase
fa9362fa-7e49-4a65-9e6b-f4b414c5039f,05c34700-2e50-4051-8dc1-f3318189291c,false,coupon_abuse
31861a5c-dc9f-4e0b-a486-17bcf9139b53,8dfb668a-6d50-4a82-9bc9-2913ce61fb6d,true,none
8da701dc-6a20-45bf-afd5-056eccb65511,a512acaf-1697-44d6-881a-b5de8d998265,false,bot_purchase
58ee206b-990f-402a-b18b-1b62da48473b,6882c271-522d-4ba4-9a52-a001e762254c,false,none
ae47b6fa-7945-4fda-ae45-7bfb82416be5,690a1b21-b06d-4654-af7e-4c626b992c35,true,bot_purchase
b8e0830f-97ff-4fc1-864a-7f1411691986,0a077cb2-4fd2-4b86-8df6-70bf4bf709ea,true,fake_account
28f34c7b-bfbf-4fcf-a462-2371d5acaa68,71f8bab7-aaae-4be0-a25b-f61c41549941,true,bot_purchase
557c6e05-7b20-47fd-a0a8-a2e0ed4d63c5,1044c4fc-5eba-49af-8135-9113a9adff71,true,none
22c18d9b-45e2-428b-9c91-59f3f9b83545,0f0e1261-c529-45f5-b359-94f46c5e4625,false,none
80553122-b4d7-48fa-b363-c6598a79e39d,58ee2b56-9a51-4ae5-974a-84a24283da38,true,coupon_abuse
7268cc03-7318-4c78-8079-bf55ac43f9ba,ecacdf57-3ea0-43e2-8afe-81fdf4261127,false,none
89ed341d-c0ed-4145-bd33-0294345cbca7,7e81ef12-2a3a-4582-a346-9ceb469c4956,false,none
fb2a54ea-813d-4c0e-bdaf-e8276242fa88,661b5119-f6f0-453f-a200-d14ca2e0014f,false,none
279efb3b-8ab2-4b9c-9c21-4ec1f8399791,2a4e81af-485c-4fc0-9352-7d7506be3968,true,fake_account
9363d329-9b54-4119-8566-f8f4e6db7630,37a4613a-3eb1-49c8-a461-663f6124ae7c,true,fake_account
16d542d7-6451-4970-a7e4-cbc06dc3158c,18774eb3-dbcd-46b1-b7c9-119051a037f9,false,coupon_abuse
78ad5cd3-e937-4be1-b1f6-fa9eef38bbc4,10f4234e-c525-4f62-8d68-1ca4e13e8676,false,bot_purchase
844e1a22-915a-43ca-9461-5f1eeb12f012,85e94763-1181-41e9-a16f-3b98df21ef82,true,fake_account
c9adb3d6-8541-4bd1-89ff-7880b6682a0f,4500c05c-7d4c-47e1-9147-164c8e92977a,false,bot_purchase
751b754f-c0fe-41a5-80e5-bba5ea072366,81b27baa-72d6-4993-be65-fbe9ffa056eb,true,fake_account
126354d8-8242-471f-ab09-771501b24207,c193359f-8eaa-4843-b290-c644bcc2b58a,false,coupon_abuse
8e3933f6-55ac-49dc-9ade-3b2eb966a458,f16540a0-9871-422c-b305-f48cd8b475c2,true,none
d9c2c231-50f1-447e-b9e5-95898afb1b3f,3ba243d9-083f-4731-981d-331546c369c9,true,fake_account
901106b6-ab64-4868-8a0c-c30eab7196ab,6ba00c89-cf73-4470-a007-2ec349af801e,false,coupon_abuse
cb41ad88-0705-4643-9f07-17de9cc56aa5,a11f2bc0-2285-410c-893f-a7043339c847,false,bot_purchase
68036e43-b896-48b4-87aa-a2b030299190,080c1922-db1e-401f-a54d-1379f7c3ea2b,true,coupon_abuse
d8ec347c-6057-4311-ad7a-ebde3ec1fec1,f2f96822-3904-48ef-b44f-7487c35c86fc,true,none
fc7901b5-6582-46f2-a657-4c39060004ea,a8976b43-f698-4a69-be9a-fcceb860f792,true,bot_purchase
0a0c7a6f-783b-43d0-bf4d-8740a3c72d65,8677da20-9e07-4332-90d1-0c670e8fd2fb,true,fake_account
14bf967c-ebbc-446d-91eb-a74d59f035cf,786d8ebb-6226-485c-a022-964787d45e5e,false,bot_purchase
33bc9f80-c936-4290-9813-8fd30a90ab7c,bb573825-2d70-4cc7-818c-943daa56d6c1,true,coupon_abuse
8613c00a-a86e-47e2-b52a-58b7773fa4fe,9cb2d486-2f18-4836-8a8a-33c966a204f8,false,fake_account
a2fbf853-397c-4762-add6-b8e228ed9404,48440283-1cba-4f3e-9668-3a2d9feb93ac,true,fake_account
6727415a-758e-4a2d-89ad-2a395a875e01,557d803c-27cf-4f18-8aec-ea67a53dae38,false,bot_purchase
23e3170a-aad8-4eb6-a5e5-60267b3e43c6,86655b19-ec8c-4cea-be56-ae234d0a6315,true,fake_account
47b854ae-62bc-4a9e-a28d-4b4901c62e18,82c25c55-6e03-4ff0-9c0a-6c991e69f08b,false,coupon_abuse
a2ab44f8-d842-4b0d-8d8d-50880d683b36,a85aeed8-4df0-480e-ad9e-30327c60aa4a,true,fake_account
fd780e41-c86d-49d2-ab13-76f50e6eba5b,4d64b71f-6121-48c0-8e76-1ee1326b8992,true,coupon_abuse
86604369-6a64-4d55-9c59-5f0a178676aa,1ca5e764-9355-4c0f-bad5-36e97677752f,true,bot_purchase
855e73d1-6c60-4399-87b3-61cea54d57eb,c390c816-0177-4377-b5bf-317e512764e4,false,fake_account
55913ba8-028c-45d1-ba4c-808e51e12c23,6589f86a-d54c-4974-83a8-1f80f8385116,false,coupon_abuse
cfdf7c0b-df9d-4ac5-9aaa-bb538df93c54,80634909-5b99-4fa5-a931-0f020ff4aad3,false,bot_purchase
aea5739b-edd6-45fb-bcf4-c30ba001549e,964e380c-8d98-42d8-80bf-4c8c4a427beb,false,none
73d67423-d11b-4213-b8ee-f7b24207e803,deb19ee3-f9ad-4714-9a7b-46bd15d9d426,true,none
e95f4d69-180e-4f94-91bb-5b46bc87b0a5,32e983a0-6bb2-41a7-80c1-95c81afcb378,true,fake_account
5252009c-041b-41c1-bcfd-5706995f7b5c,89fc0a18-766a-4498-beb5-f942d3a4e518,true,coupon_abuse
76bb24a8-9367-43e2-9f89-2ad766c7d36b,39ef5003-765c-4587-a4d9-72de52a8139e,false,fake_account
2fc6917b-7384-4e76-8abd-4c1dec7c5854,58052ef6-4d74-434a-a26b-83a013906b0d,false,coupon_abuse
49c9b71a-12b4-4a21-847b-341323a0b02f,b65f9c9e-f1a8-46b6-a315-bc9f98510190,true,bot_purchase
0e658531-9e84-4352-8b24-8546c18cce0d,8c478da2-c283-435a-bc61-91b0b07fa547,false,fake_account
103f9829-4f5b-44db-bc57-ac0f5983e1dc,66277202-631a-4577-bf05-c751c7aa2769,true,none
24073804-e3c8-4f09-a6ac-0bd0c4f2b604,aeba6f93-dcd3-4e1c-91ec-f411b8e93092,true,coupon_abuse
b1159572-188e-452d-aed5-e7a72cfec797,128688b8-8310-4d51-9348-1193e094b82a,true,coupon_abuse
56442092-99da-46df-8705-f2369a9e7f7e,94d354b9-2328-4041-b7cf-ae1d248be3f6,true,fake_account
89c3ae45-b48b-4b4d-b282-a31d32317ab1,6eaaa617-9732-40ef-b10b-2be42cbca506,true,coupon_abuse
278fa41b-752d-4965-89f0-41d7a1c9a51b,a336bdc3-c95a-4e48-b38f-4aeb4e9cbbe1,false,fake_account
2f225f02-6353-41d5-90f4-f824a6e379d8,8f5858be-23fd-47fc-9690-c05379526578,false,coupon_abuse
ffc9a4f9-d860-4f8a-8789-756f779436fd,3e9a5cbf-a5b5-4434-864d-29c0657a4214,true,bot_purchase
c2b0f805-4a08-498d-a1c4-4873941bd345,4d64b71f-6121-48c0-8e76-1ee1326b8992,true,fake_account
2fbf0e98-4d4c-4c8b-92b2-7e1d8574b0f4,be5a59dc-0489-48b7-a227-7c54a025d730,true,none
53f32c74-4dab-4b61-bad2-3b8ee5b1437b,fc543f8d-a021-4d41-a8d6-e2dd99d37722,true,bot_purchase
bf3d98e9-f733-44e5-9bca-bdc8e903f402,440ba8a3-05bf-4a99-b3fc-b3c532fc41d0,false,coupon_abuse
aaaca055-ce03-4622-ba6a-c33dce39e3d6,dc73adda-926c-465a-a3d4-8724344610a5,false,none
edcf5e97-bcf1-4fad-a49e-6a8843c01cae,95829a1e-1361-4cac-ab75-2d4926ed013b,true,bot_purchase
4b86b312-5cdb-41a6-8c4f-26d647ea1387,1bc87000-74a6-4b28-b2ae-391cbea03d2c,false,bot_purchase
cf1abcf8-2d7b-48ed-9701-fc17c799b297,9649f0cb-80c7-4d37-b914-c6ea556edd5a,false,bot_purchase
f3b9b9ed-09e8-45f3-af2d-8ead567603ed,5e62b6e9-be2b-4a99-9cf6-a886eb22c699,true,fake_account
7a6e663d-0043-4f81-8e1b-a734c006cee0,9b86361f-1161-4657-9115-f3da99d95850,true,none
a5be8f2f-a3ca-43bf-b771-92b7c9e73f17,8ca5cebd-7772-491d-8226-011b2b253a74,true,none
26a1cdb7-827c-4ddd-9309-726b96d9730f,d9cd3816-e8f4-459a-8a65-e26beb2765f0,false,fake_account
712b5323-3655-4058-9950-37a1a2acffc3,ad953878-5ae6-4e43-bc6f-7832194c1f13,false,bot_purchase
b3611aaf-01cd-4fdd-a658-3016c8eb9cf1,9550dd65-1c7c-4ad6-8269-67ca4263bf7e,false,bot_purchase
65c8add2-e1ba-430a-85cf-3365543cad79,3acaf04c-1edb-47d5-be8a-10b462e2ec29,false,bot_purchase
cbe039d8-cc9f-4810-b5ff-b8e9d4d9b698,be57eb1c-0199-492b-bb92-c95f9367de5b,false,fake_account
b67337db-71bb-43e4-af94-5b2b0b86b415,b0fbf3de-c8e1-45cb-af55-ed391af8783d,false,bot_purchase
46bd6f15-ff30-4d36-8a0b-d97308bfd317,ec380d4b-8421-435e-850e-dc9720f4db66,false,fake_account
f5a6cd8a-f7ee-4cdc-adf3-5a7d80e15e33,747b2d5c-eec5-4ec0-b9a3-88cc89e7da17,true,coupon_abuse
4ddd1cca-b82f-48db-948c-1c47c76cc936,b07bdb86-9a52-4a5f-89ca-ebedf554efed,true,bot_purchase
def397a2-837a-4d6f-a674-400678aca764,ea2fb9fe-a013-4ee4-a7e8-116c03f49c23,true,none
dbf3bcb1-fd7f-48ba-af45-bc0e202596aa,a32925e4-db66-4fb8-8929-de59fec03595,false,none
0557f91a-d495-494c-b40e-56ae171b3a3f,5dee0e08-6ee2-4a69-b8fe-fb4e10afb26d,true,fake_account
6e0c29d9-c23a-4b05-83df-43a5753d83bd,2eb2e07b-128d-4f80-b22f-9cf807b83d38,false,coupon_abuse
65597411-b8a0-4462-a6f0-4c47b8b99457,d1896d14-4f2c-454f-af41-112d40775356,false,none
85c5a233-719d-4d74-9b97-08c07acdd742,e7cf1352-1271-4907-906e-86dc12cf357a,true,none
6389e274-51a8-4aee-962d-e404ae4242fa,96d62596-6e47-47cb-8246-1106d0563700,true,coupon_abuse
ac74f811-966a-4594-8116-44af25c199ef,987c1a09-f4f1-4f38-b4c8-adcc525b8798,false,none
ef82cdd4-eff1-48a3-a522-ef3c4e15da89,134f17ba-8e2f-4c4a-93b7-84a3caaeb423,false,fake_account
58bbb236-0c16-451d-9d45-7bd0b234af2a,67469d91-33d6-4059-bdbb-c9bb0670f186,false,bot_purchase
56b7bd5c-36e7-483a-a841-526b435343a8,50362229-4824-4b3b-8b1e-6f5d4b6147a1,true,none
c6efd641-3c07-4916-ac1a-6d671002a02b,9c866ea5-870b-4f8f-ad86-f289f3f62edf,true,fake_account
1e94f74a-40f9-4ff3-a74b-83c9769ccd31,9dfd3a41-48bc-4a9d-88b7-f31ee06776b0,false,coupon_abuse
92c6105d-a5ce-4507-8e23-e4993f6dca42,1730f060-b0d6-4058-8656-77390022a8b8,true,coupon_abuse
da28ee2d-f18c-44c9-98ea-59c2747dcdbb,7129cf7d-6783-49e0-8764-6bec72f5d514,true,fake_account
78f1d868-ea3c-45f1-9656-fcb6233f2e20,fbe46c3c-74df-4de1-87a7-857319b0276f,true,bot_purchase
7fb77f68-ed1d-4b56-b4a7-718600d3f36a,2eca3061-930c-4e2c-84f3-71e2a7a78020,true,bot_purchase
51e83ed1-6ac1-41ce-97e7-f2353b2919a1,4353ce5b-4722-4309-801f-da659679539d,false,coupon_abuse
31c750a6-59b1-47a9-9c10-928390b89beb,ee8ea149-9009-4c54-a26d-91ae78e3fb36,true,fake_account
340fe8f1-ca6f-4229-8d76-9d8fef2f5f5c,2eee6f1d-3ae0-41af-afdc-2b62777b58e0,false,fake_account
be405d99-088e-4a9d-84a2-a66e6b45015d,a03ccc44-98ff-4316-81ac-ddc23ef3c3ed,false,coupon_abuse
44dd5f74-69a1-4513-b40c-2057f5630481,99480aa8-5acd-42a8-af25-2c812ceddae0,true,none
3884832e-a3e6-43ad-8bbe-10d5c29129c9,0fea1708-64f8-45e6-8526-f2922856ae4f,true,bot_purchase
aa22e3d5-683f-4ae5-9038-f35fcc1fa717,287d6ae9-2cce-4526-ac35-56d50ba89d6e,false,bot_purchase
6a12f387-134f-4d58-8be6-fc22e70a7f5d,c4ee277f-6d78-4213-97dc-3dca902c5c7a,true,fake_account
a2c8a131-f729-4b24-89b8-a64cc08d4ab3,a73cd3aa-69e0-4854-a396-57889448375a,true,coupon_abuse
0e430e26-5505-49d5-9fde-3417d0410d47,a6417fe6-cf6e-4dad-98dd-4419303ad79f,true,coupon_abuse
ca2b5484-4409-4664-bfa8-88676582cd42,f8739bb8-9d6c-4b8a-93af-e10072e3905b,false,none
d27d3734-2cac-4173-91a8-bc1d31e44c11,04140a2b-59b6-45fd-ba30-71053d6484ac,false,fake_account
ec13b805-287a-4862-81ac-abcc8d9ecb35,42b44ecb-c622-490a-902a-3c93ce2ae4ad,true,fake_account
d3fb8f47-0cf4-4cb8-973a-d2dcc38f58fc,09439f5c-4fb9-4c36-8083-3bcc21e8544d,false,none
05e92acd-7722-4195-8ce8-b85d8e340d9d,b7141332-3d44-40c1-8b98-25e92c4ecbdb,false,fake_account
6592bb6c-63d3-4f66-95e1-1c0758816812,e0a433b4-2784-4c2b-be3c-ad3b39bbff27,false,bot_purchase
59406657-d3b4-48b2-9b54-1a8735b2bacd,4499fded-92d0-46c9-8c23-cab7d65326e8,true,none
2a2ed61d-cfa4-474a-b14d-d0d3d263b2a4,f2589cc7-2403-4f01-b6e8-a370d6443008,false,none
91b3ae52-0308-4488-929b-0de1d5671198,cf2c00f0-1c6e-4e96-9881-626d334b05f6,false,coupon_abuse
9ec5851f-30df-4f9a-9da1-92aff39df32c,4de0f4be-a272-425f-9c62-b31e67471759,true,fake_account
f949d2e2-5897-4608-bf05-d108a30e0fd3,8c575fc2-ea5b-4b40-bbfd-df6ebf2fe170,true,fake_account
204de883-09c2-4a4d-8227-acfc4e1f3eaf,4e8db799-1b74-4882-a37d-270693654284,true,coupon_abuse
97f57eed-5cfe-4939-a304-61067f9b6292,2716a822-6186-4a1d-a48f-fe3e81083e12,false,bot_purchase
662d8175-d422-4995-9a3c-66e78b600ae5,b93bf09d-ff70-4602-bf03-356020988915,false,bot_purchase
4064ac1a-7a3f-426a-80d0-0e313b97bddc,bd52b7ac-eadb-44f7-ba16-7b7c3d1cdf01,true,coupon_abuse
36793539-7418-499e-a844-48e7fc95201e,f1a8d155-91ad-4e12-8e4d-1b84904aa6f3,false,fake_account
b2caae5c-d8ac-4e98-8188-b53a0e2d809c,9042d15d-ce41-48e5-97b8-fe88222425f3,false,fake_account
db917d90-3508-4502-9b99-a9ac6b9d0b24,823a556f-86d6-4e79-9909-d5305bb0f052,false,bot_purchase
528f81bc-4f6d-4937-a463-129892c2a536,614d5719-96fe-4fd0-895d-79a8d6223471,true,coupon_abuse
261e2b24-1096-441e-ad21-7a391af1c775,7fbd5b33-e329-4eb5-ae58-9bf655765965,true,none
fad258f5-bd5b-4350-8aa2-d0894e804d1e,8793f940-9750-4cc9-bbd7-c76d84aa94c5,false,none
c2fe1a0d-9426-4927-a304-a680ef9d5457,08e3f16b-f618-4921-9f85-2fcc95023950,false,bot_purchase
58fea5f1-0788-41d1-9fef-5e4465f34678,f8246d0d-cd6d-47ae-84d2-f0428ce6512e,false,coupon_abuse
f8e3fd1c-5419-4cab-be7b-8b1b5d7ccafd,5e737f55-acf2-49b8-a4ff-cd0e6ba8c041,true,bot_purchase
855d5154-428d-4f15-8a07-7aad0d34b4b3,54eccc42-08b1-41a1-8334-2b6350b99751,false,bot_purchase
5b4fe13b-a96f-4de8-8f8a-2eec3424860d,025256eb-2801-4ece-80c6-82b2c4676143,false,bot_purchase
62d8082c-d47a-4f65-a400-3645f1668d49,b57f7a2f-563e-4791-a04f-aae6d893fd5b,true,bot_purchase
afa3ab14-7c45-4e9f-b7d7-e1d404b15526,bf33cce7-ed55-4b76-9355-77a95cdbd42c,true,bot_purchase
f1b21612-55a2-4fd4-aa3a-4ab7c83aea87,5a331181-8a25-4670-9039-8ee3b105b51f,false,fake_account
834900bb-f7f6-4068-9082-793a751fc830,655b0a09-ebec-4d10-9f19-7e8e7c27c942,false,fake_account
8ccadf75-8aa3-46d7-8dba-c2f1e813b518,eb7695f3-7970-47d5-a048-e3b191bd7d64,true,bot_purchase
9ab87339-24b9-4e1d-91fb-b6547d287d1c,5b52f651-d37a-47d3-9c0e-af32c7721d5f,true,none
d9218b20-e89f-4b9b-8a5c-879826456978,deac3878-747a-4456-baff-cd4a4858caa7,true,fake_account
47bb4de5-36b1-4306-be38-de06d466f748,ae44a618-21a5-4635-b47c-9094b0549661,false,bot_purchase
3171f636-81e4-4f00-8e54-f25a32378c9a,2ad72234-278e-4ddb-973b-8d11c8371c59,true,coupon_abuse
4be94f1a-a592-4609-96fe-2305a938ec1b,af8f8719-e472-4425-8efc-bb23159ff6d5,true,none
6c8895ef-4688-4913-afe2-1dcce142da87,d3b634d2-71c2-4c2d-9611-f3b4f7335cbf,true,none
d63f5ba8-85c6-4639-86d2-3f7acdd26317,ffb9e705-078b-456b-84d4-4253731f2811,true,fake_account
5997bc42-be84-4896-a031-41cd3e63546e,3bf548c4-89d0-419e-87be-70d0ebd13afc,true,none
878e1a8c-5f80-4d49-a1f7-f9924a09fe50,7dd59cec-7a6b-44fb-ba53-f90eef9e52b4,false,bot_purchase
14ea2352-d37d-4197-a85f-f2c4f9269f97,99ce7600-91a1-4572-a3e7-c653d5cd8ef7,true,fake_account
0353fa4b-a35b-4016-a265-0fc8f4132d08,a01fc2e6-4b91-49c0-9d48-875bed9f8d0d,true,bot_purchase
b4d8db0f-45f6-42ad-8360-acb0a64727ed,7410081a-7b24-46d5-ad67-a84842eada0a,false,fake_account
33e44b48-c7d9-48ce-8c08-186d5e1902f8,6b042108-eaf4-4873-9a87-34b768bb47ba,true,bot_purchase
3fec9c31-8087-47a9-9ff9-72a9b587abfe,3872f8c4-17ba-4535-8cda-1a1dfa8d3db8,true,none
b6bca881-56f2-4751-bab6-014c9e6a3531,ddd5c8df-54e0-4336-8791-2718ed76986e,true,coupon_abuse
ee703a06-3879-4af8-8dee-4be48f213a31,10a18478-bfc0-47d8-951e-7ddc7630913a,true,coupon_abuse
6abc43d3-a7e7-41bd-9a49-813386741e5d,9776f291-4149-41ca-9613-915ef24bca3d,false,coupon_abuse
e36d8cdc-ae52-4b1b-90b6-064e4f15efe7,4aa5d01d-36e8-4af0-b7cc-f4ae0b852b4c,false,fake_account
86296c0a-6df3-4467-90ea-bde90978c164,a2014393-c386-47dd-9ec0-1b37298232b3,false,bot_purchase
3d21bc8e-d57f-4c9b-9d9b-6dc01335400e,ddd33b63-0791-4bb2-bad5-1b3b9dfd957c,false,coupon_abuse
4fbb281d-fe21-49f9-8322-b2bf16a281f0,640099c3-7335-4d79-b138-961386e9d18f,false,fake_account
40ea1c46-e250-40fb-8617-3c457e29f5af,f4efdcc0-9cf1-45a4-8104-7e2e371ce7af,true,bot_purchase
504e55ed-7cd8-4fad-a492-5b2d34f8e204,f1b8b5c6-924a-4063-8e5b-7bdc37c4a821,false,none
4eb903f8-cf42-4861-8355-d638517e6531,af2bc38a-0d21-4e22-8a07-fdc84841c265,false,none
ac3f54da-e63f-4da8-9b8f-65ff67dbf4ae,cc27313f-7ba1-4c4c-b478-9a8832612159,false,bot_purchase
2b833f77-4c65-48f5-8a6a-0a0d2bafc285,73d7560a-4b95-45cc-8e7a-4872fca52204,true,bot_purchase
a833d042-3672-46c9-bd01-89f047659865,80634909-5b99-4fa5-a931-0f020ff4aad3,false,fake_account
377b991c-e9c9-441a-8eb5-00fc710492e2,99ce7600-91a1-4572-a3e7-c653d5cd8ef7,true,none
b474cb4e-70b1-4711-ab96-eeabb4df0353,7879baae-7c09-4496-a6df-5be77092656c,false,coupon_abuse
3b96787b-d08f-4ee2-b175-2dbe44837416,03a816d5-9685-4305-8ce3-5af11cce2442,true,bot_purchase
9f9429a3-5397-429a-a882-14fbac73c2af,2552285c-9bda-43ce-a195-da6188b3d047,true,bot_purchase
71a98164-f3cf-4792-b2bc-c72964390407,0af1ef25-6234-41dd-8d3f-590ab92f84d0,false,fake_account
d52612f3-c4da-4860-aa45-ccdb517bb0a9,6acecabd-bd84-4f55-88ec-fe91acadc8fd,false,coupon_abuse
7f995042-9252-4c77-a767-412ff30bad51,dd8518ae-0a19-4d14-a782-03847c3dfc7f,true,bot_purchase
8f628a4c-efa0-41c7-903e-db76841c3ca1,6c1081cc-ab43-41ff-9c9a-29836c81588b,false,bot_purchase
4f9b1984-f706-4b3b-ac84-21234be2dffe,5c0fc527-6b1f-42a8-960a-d772b1c9f675,false,coupon_abuse
3e6b48ab-5dff-44c2-9620-3579eba6abf3,bdb13734-f6d5-4b56-bce6-9b350d10c38b,true,bot_purchase
466f6cdc-cc15-4c48-9532-1d5b5d0dccc9,fbcaa1ed-00de-4702-b82b-0f97d14bcfb3,false,none
d2727a0d-c910-421a-98d2-879affa1e557,569707af-e418-4c56-873f-3b45292f608d,true,none
b70e3ae7-91e9-4388-8dc5-5134ba292c77,ccf247a5-33ff-4656-ae09-e3b0fb176f87,true,fake_account
1eda267b-0283-4f95-a945-91206ba99ff9,88faa1c3-9d0c-478a-9dea-402ad0f011a0,true,bot_purchase
187ed685-0045-4bbf-8205-887c2e94559b,f8b97c88-6a22-4ad0-9009-cfda556e133f,true,bot_purchase
014715f9-a25b-420f-b4f1-5c66c9f36a73,e93e098e-671c-4972-a9b1-e3cc39ee6fc1,false,bot_purchase
a55003ee-fb2e-4398-85c0-d9075215d44e,50459b8e-3a1e-4f4d-b04b-e8248b32a6da,true,fake_account
a611e114-3ebe-49cf-981e-c3710404036c,5178130e-28af-40da-a1ae-2962678413c0,false,fake_account
0a759966-9391-4032-be6a-0f70342b29a6,987c1a09-f4f1-4f38-b4c8-adcc525b8798,false,coupon_abuse
50177c74-a85a-42c6-8a7c-4588d77c27fc,f3bbd125-b053-4cd2-8be0-28f12ce4db1b,true,none
af18ee6a-0afb-4a64-bedb-5f46902b1c82,a1fe5938-985f-44d6-b0f5-7e9712dabc53,false,bot_purchase
8aa343dc-979c-4999-a7b0-56c1714d2ce0,e744520d-31a0-4887-b49f-35747bd800f1,false,coupon_abuse
e2392824-9854-446c-a530-862e15cf5166,5678e63b-ac85-4a78-9040-d96d3c97ea5c,false,fake_account
7dfd7452-4431-47af-8d25-d382effb58a6,1125550e-6bfd-40c7-977b-5f8added01d0,false,bot_purchase
68ce2469-78cb-4f52-9b6b-1b8288d7b2b1,2c1451d0-1a61-4f55-98a7-a2759ede23b0,true,none
34fb165c-71a6-406b-b079-670684be537a,9687a023-acf7-4d8e-a74c-1d8e8639e96b,false,none
b0dd1aa1-e5a0-463d-a8a2-45a0a2d232d4,9b3ed0a2-3e85-405e-a5c4-9fca07f3501e,false,none
5b333cca-74ea-490a-bb49-2ba00675238d,b45d2a27-f282-4e87-a9c0-9d2842ca7313,false,coupon_abuse
2b8a38f0-7596-4c99-9cac-4ecd6179fe6a,5e32383f-e3eb-4db2-859c-2510dde45bba,false,fake_account
1930f53c-527e-4993-840e-bef967e81ee1,9781ee3f-f0ac-4df9-9afc-735a2a3c6126,false,fake_account
e0095f6c-95bb-4fff-8140-ecb724d1f9ef,813d0863-12c7-4260-a7d9-8fb77bf0d350,false,bot_purchase
33f8c4ae-4601-4962-aba2-7a98232a4852,9292ac51-bd5b-403d-bdf5-0780c2798147,false,none
a34f31f1-6243-41d3-894b-292047982439,07fa8333-f541-4188-90eb-f206a34f87fc,false,none
91033103-c05d-4aea-945d-3a1222363619,0923eba5-6859-4696-91d3-ee36fd5e3968,true,coupon_abuse
5b69ac26-f930-4b24-b251-715fe702e730,c4c69074-c8ce-456c-8614-8748c9602cea,true,fake_account
bbe128e0-e1ed-426d-a3f1-e03256c720c9,68ce315a-01c9-49aa-905c-2ed5b9436c73,false,bot_purchase
f13c3dde-43bd-450a-baa3-a6652b301634,4b6d2984-27e4-485a-81bc-ae97812503e8,true,none
1acba1ad-c01a-424c-9b68-3576c2766c6e,04209831-03be-4ac2-b481-8caa3ad9b205,true,none
2f534371-b7a6-4be4-8e14-1a9fbc8af8ff,7ab6b6b3-8b1a-4920-96d5-56224af823ce,true,coupon_abuse
b59da46b-32c6-482e-9d79-ce395adf2b3c,a4eeb621-e36c-44c4-8125-084c66cfde2c,false,coupon_abuse
f0db7cf1-f0c3-4875-afe7-a482d2a081e6,44edaa7b-e37d-41a6-a212-7e90dd3f2594,false,fake_account
2e6782b7-9531-441b-b6b2-3d7433270e6f,ae62f6cc-1f0b-4e02-bce9-7e8f455f525b,false,coupon_abuse
0778a2a3-90d6-46c7-bb54-27e900e4e7bb,9030f0eb-02b0-48f5-a155-5e099cf16759,true,none
f580224e-82e0-4502-b58f-c1004cd4a07e,7b4c8ea2-6342-4f28-a190-ff0ed3c9a039,true,coupon_abuse
dc53500d-4920-4dfc-ba6a-5e13a9a40cf8,228234f4-0635-475b-8cb1-07b7f7ee8385,false,coupon_abuse
739a79eb-3ebd-40a5-bb40-a16711a0de11,47617007-5a52-4ecd-8aca-e7a6ff3724da,false,bot_purchase
faf490cc-8eda-486b-a76c-d68e77896c3e,f8f0f922-a7b2-4f53-bef2-8d935db10ef5,true,coupon_abuse
8830afd9-a085-47a7-b33c-02e386c4fd9e,eb7695f3-7970-47d5-a048-e3b191bd7d64,false,coupon_abuse
696a392d-0fbc-4599-ad50-4eaf5a950625,1df10d77-cedc-4d05-9abc-aeca891d2aa3,false,bot_purchase
fffbb21c-a127-4e10-bb1b-edf537018015,7a81e3cd-9e09-4960-8b4a-ba31f79632e5,true,coupon_abuse
ed68f0cd-9f77-4d33-8ef4-1930421493f4,08097411-8ee6-4319-bb25-f23becd9c88b,true,bot_purchase
347bd938-9467-46eb-9044-fe194dec3ff3,b6138d01-2cc7-424a-8dd8-a533b6f7ec18,true,coupon_abuse
8f7bd9d5-1f14-4db1-bfaf-d870b3c6c4a4,6983db59-4bee-4cb4-be09-edd325d7700a,true,coupon_abuse
23b6647c-caee-4915-a59e-2e7e5c8143a0,ded8e6ac-0571-470a-a515-dbc847b4c7b1,false,bot_purchase
a7b827eb-3169-46ae-a7a4-be034b9de78f,d8929892-5996-4e5d-b96c-b557b9800179,false,coupon_abuse
bcb8777c-1b10-4f3f-bfc2-8eb47abd94bd,6ffc20e8-5012-4257-9e81-a70b6f2b4731,false,fake_account
8442fa3e-cacd-4ede-9f07-8da541062200,645b2f9e-9f89-4af2-b0b3-47d008d86173,true,none
ee6acec3-c74a-4152-ba18-0532b094116c,d4e62dd9-62b0-4448-9d27-b67bd85c5a7b,false,fake_account
83d21dd3-1b7b-4071-a233-fbb9504cd1fc,e953d1b8-9082-4dce-b415-03ccbacab447,false,coupon_abuse
92631729-716e-4fd2-ba88-469343b4d506,fec64ca9-a986-4a22-93de-9121fa628d84,false,coupon_abuse
6a01f760-7ae0-4e07-af3a-ae370f7fcda9,95078809-7cb3-4856-a28d-abf8782701ec,false,coupon_abuse
3f4ec876-44d1-45dc-9815-73a25e783d64,84885ea1-8426-4223-9b02-64d51c4cc762,false,coupon_abuse
e0ca7245-6d9e-4674-b8cf-7d5ec2ed13eb,f5cb1925-3f61-4223-b712-79a829d78dfe,false,bot_purchase
8e46abcf-e57c-4cce-a560-967b05528051,e65a939a-ecb6-4d4f-b578-6cb5c3c16d3c,false,coupon_abuse
98827710-9bec-4dd7-ba0a-0ac58b6397c7,0fcdf698-9255-4e4b-9355-7b3c9844987d,false,fake_account
5f06bc52-d4e1-4114-9f56-1887e3f4d56a,2c4fa98f-9fd2-4b59-8d6b-a204e078bcce,true,none
e483a0d9-7a36-4e9b-b9f6-49207ed20d97,fd24ec4c-13c3-4d19-99db-870ebbd2f144,true,none
cc0c7e9c-17f8-444e-830a-a5211c70846c,dbe4ac6b-fa01-46fe-950f-2e4dec14e74d,false,bot_purchase
56fa1770-c213-4705-883f-ba4488941bf1,2018ab2c-01b8-4d2d-830e-8b00f49bfe6e,false,coupon_abuse
ecd35684-3918-4695-9304-e2492b72bd30,4200cdad-7868-44df-b854-5bc42f58a36f,false,bot_purchase
72859910-f9dd-4e6c-9347-23cf3c06fa39,602c9611-4c06-49cf-ae42-e045f55ffbbb,false,fake_account
abaf6ea1-eabf-4f17-8e0d-e835b635b43e,abc8d73f-cf22-4b03-9466-742c2ce9848c,true,none
ad99d6ee-c726-45d7-ab27-08174bf0346a,b55e0f37-279b-407a-a8ae-82f89d073826,true,fake_account
c3174b1a-1fae-4781-9821-d4f95bd5a04b,402b54d9-98e3-4fe7-8166-c3098d9f8a67,true,fake_account
3cbea1cd-a102-45ef-ab77-ed0ad822da6a,6df88445-3c98-4565-b19d-6ed4cc51bdbc,false,coupon_abuse
e9458d90-b6e5-48f8-bdd2-7c6599a05c74,9522de37-cbbd-4764-89eb-1fcaacc90114,true,bot_purchase
cf512171-390f-4cb7-a4c7-01651594fc82,92d19787-88fa-4435-ba85-1ac7edd7af11,true,coupon_abuse
70244c03-4972-4077-8221-8f7b52283fa6,6f50a005-cf35-4638-9b3e-89c1312c0f82,false,coupon_abuse
22015605-8223-42b2-b6b1-9a9f8d6ca5cc,66e93cc0-1ee0-4535-9091-28fc05cec0f9,false,none
b6de17df-ed99-42e0-a29b-a8bf92f896b9,7d75f025-0f2b-43e0-80c5-a1fd22a1a19d,false,coupon_abuse
4a0ee4f2-7385-4cfe-9e67-554f7d691567,653d7816-e680-4297-ba29-de70b0e50081,false,none
d229cf8d-6dc8-4b7a-8146-0956a3433453,c382fb1f-6179-41a2-a297-b4c685810c54,false,coupon_abuse
0609eb98-0a40-4a4c-85e0-b09b13da9cdb,9c0d954f-d1dc-42f2-8018-213452a3fe08,false,none
8e8cde56-c74e-4f7a-aeb2-0da6b39e360f,48dc8dbb-e879-48c3-9c90-d67c9eff7da9,false,none
51eae5ba-94b7-4ffe-848c-dcbf35e986f2,ef165073-af95-4296-b7af-8eb4a6209e72,true,none
5714392c-11ac-4c15-b09c-16d710880742,25c23881-3d46-47e7-9d0b-bbc0e1f94da6,true,fake_account
13a5a5ee-a7bd-4e4e-8e19-c0e646d98e72,0ee92f05-2667-4cd8-99df-7da2fd636419,true,fake_account
1b79fc97-a51c-4742-a062-f9bb9e84caa8,d163bc06-9cb7-494c-9bbc-2944f2a23819,false,bot_purchase
2037a5a2-d732-4790-b6cc-2ae37e64717d,a0d564c7-c988-4d5f-bd8a-a666308e2aae,false,fake_account
9d2f30e3-8b00-46c2-b2b8-7f278c99e365,b2d7716b-c859-4704-b05c-10bb1466b18a,true,coupon_abuse
76a5ea3f-22ad-4f89-aa8c-e60bcd6dccd2,0a9534d3-2234-461f-8640-2c3b76c3cc28,true,none
6f21a348-503d-4136-86e8-188f7d1782f2,6670d0fa-ab71-45a0-9e2b-fcddeab23849,false,bot_purchase
76b00af8-ef37-485c-bfcc-247f9aa0e5d8,8a83d646-2b3b-4f4e-aa29-483a4fb3327d,false,none
a66370f3-95ed-4bbc-943c-7653e7b9ca6f,825abb82-b1c3-4eb5-bc06-3609a308a937,false,bot_purchase
377fce6b-87d9-4ff6-b428-ac67d6fc70bb,ba22e8d7-60c1-4555-86ac-e39f8bb8b204,true,coupon_abuse
73ff687b-c83c-49a6-96c3-7e92a866fb90,5699dc8d-ccbe-4f46-b79c-b3407ae23f9f,false,fake_account
160c6a8a-e3ef-4137-8db7-bd618c68596f,2d1602a0-58b4-4518-b22a-641da793341b,false,fake_account
fbda7e10-c341-42f2-ab28-8ce6a47ba3be,197eec14-6e1f-4a48-b526-428c09576594,true,bot_purchase
acc45b97-894b-44cb-84fc-6b688f6a2784,51a325eb-a7ae-4708-a869-b1e2e06f452b,true,coupon_abuse
b1bbf91f-4285-47ef-ac0f-59a297885d09,96843c1b-d8d7-41b3-b6e4-8570e20dd6ce,false,fake_account
118d30bc-a34f-4a4a-bda5-7f919d340a9e,87eff7a2-5cde-410e-8b5a-4b50291aaa8c,false,none
f1cd73bb-2652-4f86-92a0-b2b8bf9c0042,6ffc20e8-5012-4257-9e81-a70b6f2b4731,true,none
aeeb01c8-9356-4d29-aa83-fa7481cebee5,126ea788-56ba-4a51-84f6-ba2d0bf9df2f,true,none
f8d74360-a0d9-46e6-b8d3-e2e8ef911ee9,f5336fab-7685-4f82-a452-2c2e2104ce9b,true,bot_purchase
4acf2d56-d45c-44d6-a3bf-e6f832456e94,37dc351b-e81b-456f-bf64-05a14f0f817b,false,bot_purchase
62afae6d-e724-4284-beb1-095d7ac8e657,312eec13-88ee-430e-96f4-38cc55bc096b,false,bot_purchase
90f74a0f-edc3-4d54-b2d6-119454d18299,0d218710-ee05-4030-87ef-d527342762a3,false,none
3cf8a6e1-afe2-41d8-b0c9-47250e347271,f4006630-8933-401c-85c6-277f8eb2e13f,false,fake_account
f7934da1-1ca7-4fc0-99fb-cfe61132d767,ade40346-c733-4641-b495-ae745af9c223,false,coupon_abuse
cd186882-d57f-4a81-a44a-0a6efeadff7c,2cd05f4c-b9fc-4619-875a-4904d8e30fe4,false,none
9864faca-bbe0-47e9-8e78-bca52850bef3,cc167f4c-8349-4f7e-9254-0e4a3693a304,false,coupon_abuse
de9d7287-64ed-4390-9f5c-d3a417547416,07677af6-f163-445f-90d2-cc21a7a0c1f3,false,fake_account
96b371e3-a7c9-4b88-a373-e164e5295434,5c6d7041-f938-4fe1-88b5-d0e104ead9ed,true,none
1fd0e717-5c8b-47d8-b8b6-7f5ea27d66b3,23195d22-f020-4279-963e-b9f698b37c49,false,none
62e4a6ee-e176-4372-936b-56541469e5d2,b7bd3299-72f8-4b5b-ad7e-0109bdcc1119,true,fake_account
bdd8fa1d-d906-4b18-93fb-ca8a9fa7a80f,306afa0d-b22a-485c-aa32-7f40e9c336de,true,bot_purchase
f1ce12d9-3c5f-47f5-bd15-27e55886cdc9,418e66b3-7b55-476f-a7b4-4666f1bf7162,false,fake_account
71fb6c86-a9a9-4166-ac4c-7d722ab81a8d,f9607398-2116-4016-a935-19f5e514bf92,false,bot_purchase
39814bf3-5eb7-4336-a831-30238a6a2ac6,4ffc0ced-d8c8-47b4-b788-863805721eb4,true,none
8f4c4a8d-e664-4a16-9aad-54e0a3486f21,20ccd0db-b8a6-4cad-9a07-8ac38a380219,false,bot_purchase
23386aa8-9698-4e6c-a63e-472bae427e81,e32cd1a5-f433-4116-8001-b2b293361534,true,coupon_abuse
d4c617cc-555b-4a09-9070-c586ceb2dd13,115d5c8e-6592-49f6-834c-75a040c6cc67,true,none
34daac19-6edc-4f74-848a-41824d7e4ea5,5a8db443-1307-4f5e-b39c-af592e723bd6,true,coupon_abuse
7428091d-365e-41ad-9bc6-a17144c751d7,5e2c93a4-c505-4e1f-8dce-9185c81b9565,true,coupon_abuse
f129bc1f-1295-4f84-8f10-71b5d6cac71f,e943ca4d-e5e3-49ee-926d-3da57f5cc24a,true,none
a439e673-655d-4d7e-9950-36d94c18e52f,1fdd168b-452f-4288-b5c9-8140a4d6bf78,false,coupon_abuse
7ce2ec34-4c8e-4441-b06c-3882f2f68d2b,8d041403-5499-432e-9523-c74a49ca0efd,false,bot_purchase
ce27a6da-630f-4e92-9d36-330423f7fb15,8f810f37-0319-478d-99a6-e975e5c13f36,false,coupon_abuse
65cc566a-2475-47e3-b84f-14b70c7066c0,76fd0044-37ef-42f1-a920-59c0b832c253,false,none
964fc539-827b-4c02-a063-9018ee7c3636,cd421e24-3a38-44a5-ade5-34f8934c21df,true,none
5de16268-2267-493e-b928-60efc20beea1,41841e87-191c-436e-aabe-dfb6dbca5b35,false,coupon_abuse
68779108-e735-4435-a361-fad0c63a401f,3a793c05-6921-4ad3-9cda-14f61a7d16cb,false,coupon_abuse
cc29ba36-a7be-4b8c-b19e-c5ce28db19cb,50a984ce-fbfc-4eec-8443-3fc744e29d65,true,bot_purchase
24e49663-9865-421b-938c-77c74b085d20,28df0fbc-aa70-4fd3-a399-83cc8609ee81,false,coupon_abuse
cda0abde-654e-4e5e-984c-1c4c16ce6972,8177628d-df2e-462b-92a3-aecac74c0a84,false,none
0fc7cb4d-0e96-4c75-8513-69ce29f5d199,b1ab2a3d-2f43-43aa-91c1-dc03b2bbf8f7,false,none
ec5c3e69-ec91-4fe1-9371-edf39f8fe013,e1331834-2f5c-4c07-b94a-bc5ff6bca278,true,none
7e381fb1-7075-497e-adab-ee2afb3e26aa,3ea4b3a8-e641-44aa-ad00-08279d5b032f,false,none
8bb17b73-c361-459f-8dea-cfd5eed2abd6,b240f6ed-ee36-487b-ac80-188e4348d400,true,coupon_abuse
870efe98-9c7e-4a63-9c13-b789e3822afa,56ad07cb-9022-47e0-8f9b-6ce187a041a0,false,bot_purchase
eb0e8091-c17b-4128-854b-d98c4c6d4784,07fa04a8-8ca7-405f-915f-5134ca113103,true,bot_purchase
f7bc4e69-e8f7-49d5-8de8-0fd996ea7c96,171c4270-bb88-4e71-82f7-ba9d0640930f,true,none
503989d2-f399-4d7e-b483-6b2e299e27b1,24e58296-3738-431a-bb05-7f06baa18ddb,false,coupon_abuse
697a6ea6-b4d6-4a3f-9a9c-aed5fb3d28af,e5f87786-5e73-4a9e-b77e-3659d0c4f430,false,bot_purchase
b4d1decd-e497-417e-aa9f-d7c5d8ffb248,005ee6ee-0631-453a-887e-e6649bf1b799,false,fake_account
11feef51-f3e6-4978-b7bb-09803a3818b1,93e8f019-bcee-4e00-a1c9-868b4b1ff45a,true,fake_account
eb618749-706d-4c9c-9a19-0295383e85bb,c25df5e3-333a-4ebf-b3cf-a5ec629cd5cd,false,fake_account
d0715e9c-ea8a-4b70-ae4f-7022e5796251,979203b2-2323-42f0-bd30-e7fb7d681be2,true,fake_account
9ada4317-4a61-4ef0-a631-085645301697,08d039f8-40e3-4475-ae7e-2e5a8a617687,false,bot_purchase
b89cb821-4348-4e2d-b916-be9317247193,780cf080-337e-4fe5-9a67-389002efbae3,true,coupon_abuse
008618ac-3155-4991-9dbc-971f5c608da0,3a793c05-6921-4ad3-9cda-14f61a7d16cb,false,fake_account
ea613723-20c5-43f0-bba4-5103d36b0f66,9eea78f2-f6d9-4e11-9582-0a0e243f9f5c,true,none
1fa24bcd-9f69-4e09-b832-59537cc7388e,275b32b3-78fb-4103-a5a5-c04c8d2ac2c4,true,bot_purchase
8a0243be-b7f1-41e8-b588-656cbd317028,a507b4db-eb68-46aa-94db-13c9e309d9a6,false,bot_purchase
a3e971a1-6d25-44da-9eb3-d2e8ae7f73f7,3788e1e5-6d2b-4535-bb11-43f8ca8e727d,false,coupon_abuse
aa24f267-2187-43b0-b280-e8c2a10df0fe,4200cdad-7868-44df-b854-5bc42f58a36f,true,none
4d2bef63-3139-4560-b925-cbfc6292fee4,af2f365b-3555-4f94-abb2-3d374214a085,true,fake_account
3779a084-386b-4c88-8916-4edc5ff638a5,3d7e3601-a123-4e97-822f-7e56dfe4e0a9,false,coupon_abuse
59bb7693-292a-4ad5-9fe0-ca1189ead525,d37ddf42-75ee-4f13-80ea-a31c40f60c1c,false,none
4728e0f6-61f8-4148-8b3e-2b8b7f48f01b,6349a906-cebf-41fc-a7d4-114f7807e69c,false,coupon_abuse
f0155be8-e632-471c-8317-53c2a8a2a6d4,a6e92f28-91ce-4fff-aab4-725ca06a6742,true,bot_purchase
56124f5c-1672-42a4-9419-a8657b67d5af,4e018a2d-05e5-404e-97bc-8c92ff0939a5,false,bot_purchase
c5476229-d884-4691-b7e9-85cb9363d1af,237db2d5-67ad-4ccf-ba9d-6135c72c3289,false,fake_account
e34ba2ec-e967-4791-8d37-c41faca659d4,402962b9-1b72-4a5c-aec6-abd9bf6fde79,true,fake_account
df2a20bf-a502-4626-a41f-8f899ab16542,743ee155-9189-4c6c-9754-04a6370b345a,true,fake_account
76b55da3-abd0-478b-b291-b2c9580cf039,e94265d2-9939-4397-87ef-a1883832b98d,true,bot_purchase
6dcc72c7-d132-4a33-902a-e295ae30635a,991902bd-a577-424d-92a8-912d33215a51,false,none
a475de62-a0eb-4676-a825-42518b1f66b5,3aa2dce6-49bc-4332-bd4b-783f25f6915b,false,bot_purchase
dd28d539-2dc1-42ca-bae6-9ff06439dffb,dfcd40ad-c52c-448a-b8a0-fe6b6973dfb6,true,none
65acacb3-9593-4ce7-b342-0e3966194712,fdc6938b-287f-4170-84ca-a1b05f9f5541,false,bot_purchase
13ab2588-4efe-40cc-baa2-abd810bc1197,491bb53d-440e-4457-a599-0202555a1ea6,false,fake_account
9949d5c4-048f-4aca-813d-9870a9667e20,985553a0-d014-4ae7-8b19-361aa8abd220,true,bot_purchase
c44eeb3f-b335-4c03-9622-2e040b853fb6,d117f778-593a-4984-8ee8-aa0e66f9eb90,false,bot_purchase
fcaf0e91-44c0-4691-88b0-11d50f4251b2,5dc876ab-b6fc-4f1e-82fd-6c22c24dd77a,true,none
6d9843b0-d14c-41fc-8d21-f7ecc4b8ab1b,029af628-887f-4cab-8242-a4812c5cc73c,true,coupon_abuse
ca78f6a7-92d1-471a-98e5-d688a0371808,fd412402-7a55-4862-82d4-206709d79bc6,false,coupon_abuse
1f0cd57d-75a3-4155-99a4-13fd2076a392,c14cf368-5b8e-4e5d-a505-0ef6391799ac,true,bot_purchase
ac2df46b-bdcc-4ba9-837e-8e49a3a40b0c,fcd7aa8b-2e2a-49e6-b666-1917e1697559,true,bot_purchase
453e21dd-d4e7-465f-ada1-466c8ec17a90,7af0edff-5f93-48d6-852c-001011227ba3,true,none
3fcc030e-9bae-4ec8-9f30-9d6edb28fde4,4f58df95-f269-4f78-b7e8-f984c1ee5a6f,false,bot_purchase
2a594933-9b1b-4b9c-a4cd-ae7d941d29ef,a4ec32e1-a90b-40ec-8478-7ed0cd63f13d,false,coupon_abuse
a24d8bc0-e14a-4ace-9cd7-731d7db3aeac,3313d85f-0c45-4e94-98a7-8c63f87ac1fa,false,coupon_abuse
9a60eb19-8c2a-46fa-8a08-6e26b464bb66,735294b2-0bb6-46e9-b061-a014d9e04361,false,fake_account
59ee0147-9011-4595-98e0-2be88c861a4b,e099813f-ddeb-4c00-a4e6-afad0b4b2f67,false,fake_account
b4cfd419-0634-451f-88d1-bbe599d250db,f6b79956-1300-4967-a1e0-05cf1e76af01,true,coupon_abuse
e54c9c2e-ea5e-459d-8293-d6cf49841528,818e4d26-4f22-4559-8ba5-faaf45c61aa1,false,fake_account
6e6c12d8-8de0-44e3-adae-45be70268219,a4785f3d-70fc-4e4e-8ffd-c7be247c7741,false,fake_account
79d30522-00dd-4bca-8edb-f4fa177c5532,6cf2e53e-4330-4ec1-8843-bd6fb8adc5d0,false,bot_purchase
2a36b05a-f208-45ae-9e0d-38deed0ec3c6,f157b819-5597-4671-bea8-c2f0c91a027f,false,fake_account
e781b232-1040-4047-901e-a5d936bb342e,2a777c47-9256-4ed7-b663-5122316b99aa,true,bot_purchase
2b8b6dac-7f7f-4c1d-8321-3e50d057b662,0819a301-523a-410c-9b11-e3cc891f8f3b,false,fake_account
e3089a5d-b775-49c8-b44f-b03e6453f024,bd16f99b-5366-4667-9fc3-eaef42fc291e,false,none
15b5daa4-4f05-43bb-b94b-2d7a7af575e7,6f1296c6-7d04-4b9a-ac4d-987b94953101,false,bot_purchase
96459426-c13b-4cb2-927c-c123c8e4c439,686057af-edd2-49a6-ad4c-9fae381d2434,true,none
84e6e92a-a7cf-4eeb-a9c3-ac2acd72a288,03e9f085-3ca5-416b-9bd7-20bd027cc33d,true,bot_purchase
96bcbf8f-2d7d-4dab-b917-12a1e441d415,c218dd9c-5ddb-497f-80c2-cdb3e5641537,true,none
3ac03682-1661-4755-a190-50865b894627,602c9611-4c06-49cf-ae42-e045f55ffbbb,true,bot_purchase
66d0cefb-6124-4278-aa3c-5ffa18caa41c,4d9c3260-baa4-4ac8-beda-aeface6ad256,false,bot_purchase
6e0cb546-439b-4671-9951-0e392bd57cda,73806619-9fac-4d89-b8f6-8c2ad7a846e1,false,coupon_abuse
e53f2b70-2291-434e-a5c9-8e022033dd76,eb2e7ce0-d005-4873-ac8e-f99be3a88313,false,none
6c232cb3-3828-4c13-afe4-1ca84557d25c,6b93adf1-2b42-4393-abb0-5a2eefd739e8,true,none
67d384a2-6d62-4ce0-87f3-d7a666c7a2f0,ddeda2b9-9518-4092-8a7b-487cf010dbbb,false,coupon_abuse
e08753bf-5fae-480f-97f0-b9b43ab846ce,a21e7fcb-a9b6-44b3-8b98-38297d1dfcd4,true,coupon_abuse
1366bd34-286b-46a8-a079-2e689c08ab56,a1d7f80d-0b37-4ade-b3d7-5d8e12436234,false,bot_purchase
28909ff2-6865-4c4e-bf98-70a8490169b1,e13ea21d-3be3-4665-bdbe-f3791bd61f05,true,none
c29805e1-4f68-4dee-b533-4473425c9af4,b81a4f65-742a-4428-87de-03dff32259a8,false,fake_account
31e15299-200b-4ef6-818d-a33665f7be42,644586cb-eaa5-4d3c-84ea-f3b18f8301da,true,bot_purchase
d862f882-0f72-474e-934c-9ef5be762e00,fe40b89d-7f73-440a-b4d3-f5ac64d19fae,true,coupon_abuse
dc9db99a-f1fd-4624-9952-5d54e66625af,e36058b3-72f1-4309-947d-2987178cf56d,true,bot_purchase
f7e55ea4-ffa3-4c56-8fd7-d9bac7a09b26,5c8dc196-e325-48f9-a33b-85a490da3235,false,none
83f1f614-715c-48d7-aab6-58c5127dbbf3,9a6b8232-5a74-4d91-bfb7-871946603472,true,bot_purchase
2535904c-7946-4750-85b3-73038daec907,d93bf278-dd72-4fdb-b114-10e84b81e22f,false,coupon_abuse
3ee6d634-1125-4541-a89b-3448e44a2eab,dfca1df9-1515-436d-879a-7cdbf30475a4,false,coupon_abuse
e1149a2d-ac88-4479-a516-b2f79a5e9aa1,c21a8ba3-e250-46ca-a024-aa03a4aa2a51,false,fake_account
5ab8deea-0176-4006-8f81-2e9699552362,0de98e97-3f6b-4efc-8637-f5bbec095bf9,true,fake_account
ae85a775-6ee9-4fc6-a51d-06d89118f93d,fef2c162-0d16-468b-80d4-545a27a53958,true,coupon_abuse
926931b2-9ef5-4c28-b826-f5815be25717,fb09e12b-a7a1-4259-b730-4961882bcf11,false,bot_purchase
354f1718-882e-49f9-8920-380d13d7d485,0b25b8a8-f75e-4037-ad06-c0f1a8832b13,false,bot_purchase
f897510e-fa7c-4b61-a1b0-0fa681f77549,3317a4ab-a555-47af-a1bf-fccc2f03e71a,true,fake_account
edd67299-8967-4c06-8c73-a30ad7e3d233,639e2b69-9673-4e7d-a012-abb946528c23,false,coupon_abuse
2bcc0ea3-078b-4ef8-8baf-981b02b4b496,4699ef1e-f5ef-48ea-ad2d-78075f433b12,false,fake_account
9b7a84e6-0ef9-4d2d-b233-51ab03214b43,6ca8baca-c242-494e-8ce7-e109e6995ea9,false,bot_purchase
6c9f0229-a5d1-4ec9-a9ef-f70e111df3cf,d24836bd-d5d1-4280-92a3-d5e64c437519,true,fake_account
5096b581-4a10-455a-ad11-00f9cff7624f,a9dbb1c3-0b33-40d5-bdc6-914e0c8290ff,false,coupon_abuse
4e40d913-0219-4674-8555-9ba0d7b2bf23,0db11b85-4144-45b8-9884-aea0c0afbaaf,false,bot_purchase
4be24fc5-ef4a-4e3d-abea-d731bf2377d0,c877701b-41c2-469a-805b-738fa2156598,true,coupon_abuse
27f4ca81-fbdc-4735-8f16-6bc90ec2bd22,5c9dbc7d-5a9f-4023-8e77-dcfa9de816e3,true,coupon_abuse
96bcb844-b924-4375-959e-876b1343ef4a,9081c4e7-83a7-485b-9d57-7fabfb8279a3,false,none
c7660f83-ba4d-47aa-a232-f9e09cbdacb8,8f5858be-23fd-47fc-9690-c05379526578,false,none
0d2d91f9-6f93-4e21-b651-c3c911c3288a,bf9e4fdf-5378-4bbb-b2f7-c18bc426290c,false,none
5cbc0d5b-11d7-4972-9a80-f65b44b49258,3aa2e63b-6d57-43fa-9143-8ccb0af044b1,true,bot_purchase
3def2861-0b88-41b7-86ff-1308bc44dc21,a6e85d72-93b5-4697-8a45-73775db55445,true,none
c853bbc3-0366-49d8-8bea-56c5aff68d2b,ee5edff6-a083-485a-9a7a-e5e877ccd300,false,bot_purchase
e711a038-b95c-447f-8e60-b44a9b726167,9833a80e-49c7-49b2-b078-c64115b51112,true,fake_account
d5ab6914-f77e-4280-a5cb-a13a27f074cf,5d3b3fc1-9c18-4e9e-9dbd-87fee090aca8,true,bot_purchase
9e3ff89b-b04a-40d9-9af5-0f15e463a6d1,84617049-c8ab-4dbf-b61d-717c64231d77,true,none
27cacc6a-d84c-4c04-b7d7-3b1339d665ca,9cd60ce9-daaf-46ca-8142-d8a0fd4f9589,true,none
9cc70701-1d90-40e3-9d97-5b312074edb1,1ad119a5-d75b-4cb6-8626-ce693e3dce9c,false,coupon_abuse
ff7a518f-4c83-4908-a401-39fa88751440,66e50ad7-7353-4333-87c1-6371a43261bf,false,bot_purchase
f1e19b95-5eba-476b-888c-6454d8b1b8c8,97515996-19b8-45b6-940f-35cb283227f5,true,bot_purchase
b7810747-18fd-4c5e-ad78-4587d6f1f135,b7fcf2df-ccef-46db-945d-9d16f236135d,false,none
43c4fe67-632e-4ceb-ab2d-de2e488afe99,b353cc8a-c00a-495b-b69b-b15e2f04bc06,false,bot_purchase
f98bd1ec-e4e1-4e54-b7de-1fc0c94f7ba5,e0d2044d-65bc-4e0b-b488-71c277262b04,true,fake_account
40dcb4ac-ac9a-4054-b90a-c8a232734431,4e4508e1-a531-4967-b631-f8821ae7e409,false,none
4c3cec5f-ec9c-4fab-a2be-e51f91d087a0,82582dbc-e297-4c63-95d9-b4bc4aaa0d2c,true,fake_account
eb15c837-fbca-4595-844c-757ceb57cbf8,3632d6da-abd8-486b-976f-e23d14ad08cb,true,coupon_abuse
ab53356a-1466-41ab-bc02-59f1a764878a,e0524768-927c-44f0-8fed-8e9eeda09f50,false,none
7238c57e-4073-4802-a833-dc25e91cc317,c7cc9452-adf1-45fd-8971-098075897750,false,bot_purchase
4e720d3b-0258-4c2b-a13d-c3db93b3997a,e6b6635b-e3e1-4cd9-b95b-dfe0daf40586,true,none
0f6d6a72-2415-4d82-9fdf-2075cd386ed2,619ad091-59c7-4d4d-9d64-4ba9f87f1109,false,none
98f07728-f762-49c0-838a-8b0d6bdf93f4,ade243d9-8be6-46de-a851-33fd9cb64170,true,coupon_abuse
a0c6d02c-221f-4112-93e9-ea1046c1e827,d66c8bc2-ebfc-4f03-bd2a-2544d2ff770e,true,fake_account
f7d1ebdf-15bb-4619-a41f-6f654fdac80e,17a27436-8223-4f5c-9b32-ad1466b2f0f5,true,none
162da6d2-77e6-44c1-83bc-836955f35518,8e61c4f5-bbbc-405d-91af-ccf723009802,true,coupon_abuse
8d6da951-5e12-4927-8727-af661b6607bb,91753a45-d21a-4012-8e9c-2f20f74471e7,true,coupon_abuse
c90d3c66-1041-447a-8366-a108ff750a22,2009cb31-cb64-4367-8734-af883994e770,true,fake_account
4ab4811a-b7d0-4698-97b9-ecf946d9db4a,b240f6ed-ee36-487b-ac80-188e4348d400,true,fake_account
fc73bc89-a05f-43d9-83f5-8e0e2d08a829,8d53289e-792e-4178-a055-9ab39f3eb80a,true,coupon_abuse
b52a2576-d765-4a4a-9e07-3ff641eb0fbc,682c6eeb-0446-4849-bb58-7dff40342284,false,none
509e097c-a2ac-4dd9-b49d-1b75aee1ea39,72144c20-2e2c-4535-bbd8-159be2329d69,true,fake_account
6256736e-b81d-48ff-8ac8-32a17e9ac717,40586f2b-dee1-4c96-9929-313825c30af4,false,fake_account
94b81a8b-3302-4797-a075-55442ec50e4a,fb1282cc-cf5c-4b99-b77f-ae505e8cd944,false,none
d40d263b-762a-43f2-bc20-6ea8be541d38,ec77be4e-bc2b-495c-aada-e3d10cf7fac6,true,bot_purchase
b2bbb5da-f048-4444-9069-eca1ecfb88af,fc7752a1-5cdc-4996-ad92-99c2451bb547,false,fake_account
b89f9c5a-7ff7-4984-a17b-5eff42362c33,1aadb2c8-14ec-4d21-866e-07637e7cc1df,true,bot_purchase
d7589abf-b493-4aa8-8caa-c23b351fc148,a4b9f6c0-281e-4b7c-9530-7ff416c657fe,true,bot_purchase
b472918f-bebc-413a-8a00-e7ce1aa8b910,e32431a0-7868-4186-8ec8-39107401264d,true,coupon_abuse
0e4050c8-9fcd-4366-a565-b3ab3aefb483,a23a58e9-8f3e-4fb8-8d74-3a7d80b7363c,false,fake_account
44f3c715-4731-4b1b-92c8-cdd136168f4f,f81c8165-f391-4cfa-a064-989853a8c94c,false,none
75130101-aef8-4fd6-a482-5d01b3d59367,59ab1ae5-4118-4008-977e-c6ff40ac58da,true,fake_account
0f5a70c8-d932-42d1-9ba8-bd1f85babfbc,0c4abe56-7873-459c-b76f-49554d13c63d,true,bot_purchase
cc4d63c3-5c21-4984-aefc-1363325cd848,4c9415f3-18d7-45f7-93dc-9ba0e1b25c37,false,fake_account
7f0c5299-ae4c-433c-bf26-fcf96631dbff,185b4e21-58da-4c42-ad2b-5b8584269eab,false,bot_purchase
74a97821-6fe0-4b6c-a954-b8e94f356e6e,4fd74232-f9d0-4ba8-928a-4926d5fb8360,true,none
9b6a4bf5-c720-4084-9338-c6cb4cdf0394,979de9a6-dee5-4644-b158-37f782ae1d40,true,fake_account
f3afeb17-2a1d-4efa-aafd-ae61e1f8722b,79fe0a80-2801-4925-a4bb-ad031fd095fd,true,none
baa50d8a-9058-4262-8ccb-9c61a73a38ea,0f1ce691-bfd4-4aba-8f22-4d4a2057cd57,true,bot_purchase
e7183ce9-b6f7-49b4-814a-35130af90b11,cd439871-3c02-451b-a310-6d4abe2fc041,false,bot_purchase
34f34aa8-dbb7-4424-917a-e67e6547b137,5f50ca9b-3aa3-4206-990c-85b8a39d5696,false,fake_account
27d54afc-9b96-44cd-849d-3a2d8547f078,396d2052-79a4-4e74-a597-ec49e96c4c09,true,bot_purchase
709dfce7-ca63-4733-ba1e-718c2f5572a6,afdaee38-d72a-413d-8224-56e59b1cbb7c,false,coupon_abuse
177bb5cd-9eb4-4273-a67f-95d603bf2f26,f23ca05b-73bf-42fd-aa57-2eaff55d205a,false,fake_account
7b9cbb3f-886b-4305-a0d3-4f54c1dbc9c3,59fb6d86-e726-4bf1-8865-d6325616b1da,true,fake_account
9e7b5668-ad8b-4f29-8ca7-b8736cd677cd,ede55f69-1808-41a7-b1c8-2649400bcd86,false,bot_purchase
51fd14d4-1578-4ba4-b7e1-dbe030ca8009,04059329-cd60-41cd-bcab-40f2fd4077f0,false,coupon_abuse
d730a8a3-c180-4888-870d-ec0e3b908ca5,2fc52931-b1fb-40d3-9860-d585452c4e39,false,coupon_abuse
0c9564b1-8aa5-4817-b9cb-6aa52e196018,18e7fd00-28d7-48ff-8434-d6deb4108792,true,none
0027af5a-5f38-454b-b2a2-0146c563e2ee,a89f218e-9811-4774-bb41-0ccc41281302,false,none
5303f51a-6308-4686-ad76-9e9f3106090f,e33a9227-eea3-404c-8db8-633111726bbc,true,coupon_abuse
af355e7e-4d38-4d88-aa30-3c5cfea8510a,ad198567-52b6-4ea7-93f4-8f46d961494f,false,bot_purchase
d0f440b4-e41c-4d74-a03f-b85b121a1653,57bcc40d-29fa-4eca-86d4-6c2c5600ab7b,true,fake_account
44d71cd1-634d-4f0e-be96-7ca933bd9413,a9a78d4c-d579-4a34-a857-8f0c6083c3c9,true,fake_account
39e90646-05cc-4864-bf3f-f4a30b72333e,aeb6ff92-bb4e-418f-aabf-6502b94e7862,true,coupon_abuse
ac3a8d29-ec85-4290-bfdf-6991ba61437e,19afcb24-ca6c-4707-a307-cab69a463f5e,false,fake_account
f7d9431d-93f5-4e55-bfae-708be96b4206,81ffe0c7-f204-405d-80de-34ca8ea543ce,true,coupon_abuse
16c20325-f2cb-4260-b9c9-29c5586a0848,e1240451-4bcb-4c92-9528-f61b1949e0a7,true,fake_account
109bf244-62ee-4558-a8ad-fa40619a5c99,6c6c08c2-c49e-4110-bd84-3b1e6cff0105,false,coupon_abuse
ef37b86b-d231-44e0-ab4c-953f95026cf3,9f336a66-1a23-4c24-8e30-e11692ff109b,false,fake_account
7dd02649-e869-400a-b5d5-20bb534cbabd,176d0f21-1d96-4bac-8298-cb42895ff68b,true,none
a60066c1-b156-434c-8033-a74f62e4bbd2,2bb137fa-1cc7-497f-8a9d-5690425ea25e,true,bot_purchase
1b6ea781-5a76-48c2-8ce8-3388df8d0de7,9da3a476-5f8b-465a-847a-8a8e75b47d30,true,none
751c90e3-e8ac-43f3-97ee-760f604f821d,025a997b-33f2-42ed-8a00-de1525844bdb,false,fake_account
d6ed86c9-e3ce-44f7-9bf4-229f55c77c50,f2fd8a39-a7fb-4168-9748-0bc3f3b65b59,false,fake_account
35e4973a-712f-4ef3-8584-a89a34186e0e,0d83014e-0944-4a65-82d0-35fbffadb77b,false,bot_purchase
b5f098ea-cd36-4c02-b322-eb6646806824,5d1ac16b-a6e5-4237-bfa5-be6a6f38339b,true,fake_account
81150637-505a-457a-8327-8d9f43f81961,55259d2b-17d4-4389-bcba-fd2a5b20dc8c,true,none
cd9a3e24-3b3c-481e-a1cf-ee7803d9d27b,d5dc0df8-3cb2-432e-a53b-9bee8b1461c4,true,coupon_abuse
0477d13b-9d6c-4dad-8d67-cd12b75b34c6,0ea2c258-a7cf-4585-ac62-77b4d467f29c,false,none
5536b2e3-5c7e-43db-b3b5-3f1e880e29c0,88fbcff9-4f82-4c3b-9f4c-25ea236aec37,true,coupon_abuse
f78c99cd-5a06-4991-a099-4b35cad24d6c,7d16fab4-44bb-4b26-822a-790dce8e201c,true,none
5ab70a4d-05e3-4fc3-9e6a-d56f4309d7ff,dd38d5a0-80ad-4931-8632-bf8303b48223,true,fake_account
257717c4-d69a-4b1d-8bb5-238daa397769,caf7810f-9d9c-4439-9ac1-0c9e24ccd384,true,bot_purchase
89ab7942-e9c9-499b-b9d8-1d53e7318424,9d1063db-9812-4970-839c-c1d1ca179cfc,false,fake_account
f63a0608-8dda-497e-9e1c-560a434d6fab,2fca256f-500d-4463-a6e7-d7ac70e0552b,true,coupon_abuse
379068d1-93fb-4c1b-b919-84027794b595,3e0afa2f-966b-4c36-9c58-1d6cca16e1a4,true,bot_purchase
054a2570-76f8-4864-871b-d35902e40325,2b1e62d6-931b-477d-b659-d24fb80c4d63,false,fake_account
ac2fd38a-58a3-42b1-8322-e03aa32ccbd8,74ec5244-7c3e-41b0-8eb5-1ff8c81bdb82,false,bot_purchase
d17d912c-ba45-4c6e-b128-0f24e5bbc6d4,c1164a2c-644e-42d7-9c8b-bbe60a033b07,true,coupon_abuse
20d63379-9b69-43d8-b181-39a6f8702f7a,0b8b851a-4177-4cd1-9763-101c5a73bf0e,true,none
8e7512fe-81f4-47b9-89b9-3e5ef8b55746,4a4f3811-a76c-4815-b6b2-279aedbe2e89,false,none
d795c75d-37c8-4849-9029-999d270ba099,e790ac55-fb9a-4216-8cdf-78817ca634d2,true,coupon_abuse
8bb381cf-0ed6-4a57-94ab-46ecec3c8e5c,82fcb1b9-bcd0-4bb0-8ee5-33982aba64a3,true,none
239e4ad3-7cf3-4927-93a4-6c2091d5801b,5497d5fe-c186-406e-85c9-6a3f47276f8c,false,coupon_abuse
0fd42b93-9b82-435b-b989-d38e2463747d,ae44a618-21a5-4635-b47c-9094b0549661,false,none
d2de2d0e-61bf-4cc2-b85a-fb41c26613d9,3cb8b5b9-c33c-487e-a590-964b94d4508f,false,fake_account
d9c223de-236c-45d0-a62c-e5f0d1a36007,d237ec37-bb43-46e1-9028-731073b341a0,false,fake_account
d8f90871-3edb-4ae0-af35-e3a91c905faf,0ae31997-9a4f-413c-b98c-f4f710640414,false,fake_account
d3557ba5-e327-4845-9c2d-aee70ea4e9f1,b24bd5ab-bd1f-4bef-a65d-c3261e109be1,true,none
df2cae2f-635c-41db-98ab-df405c806ad0,d53c2fe5-f568-45d2-a97e-51fa2990cd00,true,coupon_abuse
0e4633ef-1519-401a-8a53-71570cdae60b,bef3fa34-b83b-4983-b03e-90b1f8fab69f,false,coupon_abuse
02a46acb-1c4d-4c54-b124-eb611cb909b5,dd55cc75-213e-4444-9d88-694f9db18229,true,bot_purchase
e4704538-8d9e-435d-8855-2c0913db7d15,617339f5-d7b1-4ef2-83e3-9fef6eb74805,true,bot_purchase
8521bc05-ac8f-4a43-8b6f-4f60ac6cb7a4,4699ef1e-f5ef-48ea-ad2d-78075f433b12,true,coupon_abuse
3421e069-4253-4c2c-8692-7da4ffae034c,4de0f4be-a272-425f-9c62-b31e67471759,true,none
a4addf76-8eac-4157-bd24-0051de3f83ae,8f613270-6b19-4551-a961-a35524b25e38,false,coupon_abuse
3f0dec30-5db9-45ea-825b-e87d51ad4d10,2fddb9fc-4de5-4a77-b6bb-cf30a4e56213,true,none
44aa9189-ed31-4114-9050-c355cb553d68,2c1ffb21-233c-4526-9fda-208cd840e1bb,true,bot_purchase
7b772515-7e4c-4f29-a94d-27b7118cc9a3,3632d6da-abd8-486b-976f-e23d14ad08cb,true,bot_purchase
4c1769ad-4aba-43f0-8511-97ef642d6116,dfe0314a-b1a5-4591-a2dd-11737d4d2cd4,false,coupon_abuse
c974999a-74f2-4a4e-bc12-6271ffa5c525,b78ca2a8-8791-4729-a64d-d57aafc6149d,false,none
fb43f861-4392-4f82-a1ca-836ccce395a8,42de8638-62eb-4f47-807e-1a9e19523620,false,fake_account
c9e25ea4-2fd5-4333-8c55-eeef05935bed,f1886dc3-1475-4085-b27c-77bcc33d112d,false,fake_account
fcde1c6b-5bbf-4fd0-9967-1c44d1d641ea,18cd5c3c-fa8b-4a61-8a66-76bee3d4e229,true,coupon_abuse
01da6379-7be7-47b4-9f2e-a65905dafc23,cd439871-3c02-451b-a310-6d4abe2fc041,true,bot_purchase
a49aac4e-e4e2-41ca-b346-632354331655,790ce006-81ea-45a3-bcf0-86e827a7cad4,true,coupon_abuse
b64ae86f-44fb-43a1-b7ab-64752ae91242,6b39571d-7da9-4d26-9b9f-c1d4d766ce92,true,bot_purchase
bcc3321f-b013-4e14-890b-3a316af290a9,b6f3e9d2-5c5f-42ae-9d7b-b5c533238a59,true,coupon_abuse
152b7047-7468-4c54-ab55-3877882d9cca,22f1a1b5-b3c1-41e9-ae22-2f994249e899,true,none
a3734921-8561-471a-aac0-a32ea240d52c,11bae757-1a3f-4ff4-93b8-3df92e8f700b,false,fake_account
225b4b40-e5a5-4c36-be84-652ac42ba680,553540d5-e901-4f09-b2c9-6d0e5e455f96,false,bot_purchase
e09c7f3b-a4ac-4382-8f0b-a0ed647b0ac1,76b0c1b2-7f21-40bb-8b1f-3f76f249e41c,false,coupon_abuse
6ea84d15-d65d-4be0-aac2-fdf9cd5e0a56,3103d1be-e735-48f4-a308-4e17c9ef2af9,true,bot_purchase
053fc3e0-18d2-4b82-9192-1165a1be381a,7f88d1a9-4ea3-4662-8e8f-3815e82e33d1,false,bot_purchase
d37c1b95-655b-4a45-8362-97b6bbc20507,002905c7-e57e-45bc-904e-df762e03e524,false,fake_account
7fbeda41-6b98-4b10-9714-579d12525883,741e3ada-2edc-47c8-9c14-93a9e1e306ef,false,coupon_abuse
a94c13ec-f145-4ec8-82ea-50f4931928c9,b6deb387-9c6d-4603-a9d7-0ca39217c658,false,fake_account
77b682ee-281a-43df-bc0b-7dd371f5646b,de84c063-0e8e-45bc-a02f-4e14dd6c72da,true,coupon_abuse
d6040b04-8eb9-4b39-a047-4b7236f8d551,3e616b5d-2694-476c-9d07-b04c034369ac,true,bot_purchase
5036f328-f88c-47cd-ae08-4d7318d9cb02,6f22b89f-6d65-43de-b568-55aa62a388c0,true,fake_account
ab0b065d-3176-4e71-af37-ed73bb225248,0019223f-0c1a-4c70-b0e9-52c1cfa67edc,false,coupon_abuse
9541cd5c-0eb9-47e3-a004-9e14925b3d7b,74bc3c14-a3bd-44cf-8254-6ef447458c34,false,fake_account
0f27fc66-5bf0-40fa-a581-a6de90608c73,2448da85-5721-4dea-9e20-baf43f96e0d4,false,fake_account
5f109fc1-c6c5-4a91-ab92-bc06088f453f,46c2e1e6-6662-4eca-be6e-c5042a9d37cf,true,coupon_abuse
9e9cb3fe-eb4f-4267-819c-b281c76175b0,1d8034c2-a5af-452b-817f-f13383511e14,false,coupon_abuse
fd36a31c-7e9f-456b-adfa-8031cafc97e4,00b15076-f62a-420b-944f-8ff7be31117f,true,bot_purchase
c7cf4f86-918c-4364-85a3-fee9f4b20666,28efc17c-21b8-4b03-9cf3-2cbcab6695ac,false,fake_account
4a5abb1e-d0c9-42e8-9320-be0fb617af85,23abf324-96f9-47f6-8c69-17655266cb3a,false,none
1a03b54d-3453-461c-a61c-dbf93d3b3612,488e785a-deb0-4b00-920e-74edf1018315,false,fake_account
e280fc6b-b8a8-4c2a-b9eb-162e48383953,ecbae6df-2838-408e-b55c-a06ff9c73cd5,true,fake_account
c4015c63-065e-42f0-9f80-0cffb3eee95e,f61fd1b9-c90d-4a33-a779-814ab896aef9,true,fake_account
293935cb-db2e-4e60-8c3f-3cd8f30df845,c09009be-136d-4447-bac3-a5ec3a16fd41,false,coupon_abuse
5b01b4ba-0e3e-4578-bac0-3b7f76511504,7aa0ba44-d2c2-41ec-bb43-2faf92869966,false,bot_purchase
f196ea8a-fc97-4326-bc1b-c6a669863fdb,9213fa73-e453-4010-a1e7-20e72063cb4e,false,bot_purchase
03a0f894-7aa1-4179-960c-dcf3aa321086,85663d24-a308-42a8-bf67-c7898a4760ae,true,none
887ab245-1552-4d34-9933-18fd0fc7f0b5,52eeb374-4a8b-4936-8aa1-5f486f142814,true,none
f30f6deb-fd10-4c69-b0d1-0222f65597bf,baa51c87-2ad2-4e52-abd9-54998784790d,true,bot_purchase
4d0df4a5-14f3-4b61-bab3-fe739d07662f,62161147-f7d1-4f26-afc5-0c504769ceb5,true,bot_purchase
75f0e98b-9219-44af-a317-03b9b3d7639f,ea4d4b50-133f-4ea2-b6c7-2a246ba7e239,true,bot_purchase
3de5dab2-e885-4019-811f-87304c894b58,65766077-00ed-49af-a3e3-43b134baf979,false,fake_account
6a71d8f2-b3bf-447d-b223-9da927ba0265,7a0d1f1c-143c-4242-817f-32a7f7864718,true,bot_purchase
41af1812-7f62-4967-8016-bcbbb559c254,2b52792e-29f3-4f0d-9c0f-f0a17d9eec0b,true,fake_account
971f5a1c-0a80-4642-b656-3afaf8374c9f,c521a0e9-8aab-4f60-8459-ef0f8fd4275c,false,none
65f9fd7a-3ca5-48b5-9e02-ad303e37f7a3,bed8f7ef-2689-41cc-8052-39b94e8d3828,true,fake_account
25c6089b-40f3-494d-8e0c-2fd2e8ff58fd,124480f2-9b64-413c-835d-e79388896f62,false,fake_account
71581219-ddc3-4978-b0fe-37bfb41be1a4,c877701b-41c2-469a-805b-738fa2156598,false,none
c3776cb3-608b-43b7-be0b-ad2b6b32e522,a4a70580-b6ab-42e4-ba1b-1328817a608f,false,bot_purchase
a0d95f5e-7818-4648-b8e8-c95dee5575fe,5858fe44-fbaa-4396-9853-68e0c63ed8e7,true,none
de9dfb30-da12-4670-b391-2e2289f5c1c9,df55eaf1-f927-4292-a41b-da1ea4fe9a15,false,fake_account
7f4e2dc0-1b6a-4e0a-a9c9-5fccbd785dc8,04133832-8cb3-449d-b7c9-4853b1b77c14,false,none
34ac48c8-5b93-4b36-aa52-f6ab1a3ebc47,28956fd0-33ad-4ff5-8a20-018aeacc92b1,false,bot_purchase
f96bce8c-adb7-4625-a13c-5c8cecb96a40,646bbb8f-be82-4955-97b7-1c0f4b5ff944,true,bot_purchase
f642c910-d58c-4231-896e-5cb5a961d0e9,3ba243d9-083f-4731-981d-331546c369c9,true,bot_purchase
7efa3ac0-d209-4c43-8476-626de5379200,0489c979-fdfd-4e31-b169-c3a092f92baa,false,bot_purchase
573d0039-cb36-451b-9dfc-870ad0111cd7,779fe337-9f8d-4707-96c9-4cdcdef061db,true,none
132886ad-ed51-428a-8a8a-de57c1953822,8b8b30cc-ab54-427e-9818-8c7e8e5141db,false,bot_purchase
09812e9f-da2b-49a9-b5a1-a6e80d8a63be,2a3a9934-e5fd-4901-9795-8174a6e401c9,true,none
94021ec3-85ed-4dc3-bf18-44a58ee34659,4d64b71f-6121-48c0-8e76-1ee1326b8992,false,none
349f7010-6c21-4b07-8746-cf19c4f3f890,61ac8911-68ec-457d-bd57-94368f9d3db7,false,none
abd8d133-b5ee-4b95-9f4c-add3671ef31f,a12c4bb1-c3d3-4f2a-b859-d05e1960b440,false,bot_purchase
805594b2-becc-44fa-98fc-85063348823f,7a1ffa8c-d55f-4742-9fb2-f57a744cd7c9,false,bot_purchase
e44c5cd3-0a35-4184-9b49-9a385a1e39ae,b0685583-1d07-46d2-b109-151d06290b0e,true,fake_account
0f499717-925f-43dd-8ebf-77b2f1cca282,b1559f78-e6bd-4695-a7a2-f661e46254c2,true,bot_purchase
ef7c0ee4-13b3-49c2-9e8b-819a95642768,0ba77d3c-ee39-44b9-9ce9-71b8a1d97cb3,false,coupon_abuse
70f7885d-1d95-445c-9115-e1adb47a08e8,9b7ab633-f621-4fb4-846a-9c44786462ad,false,fake_account
8cb24b26-88ca-4a46-bdd1-674db7ccc1c3,cd6b9e94-d4ef-46fb-bb5b-b477e08482d8,false,coupon_abuse
50b9f1ad-5efc-4155-8453-273f80b71d62,b07bdb86-9a52-4a5f-89ca-ebedf554efed,true,fake_account
0b8c03a4-8929-424c-98f2-3d11330725d7,19afcb24-ca6c-4707-a307-cab69a463f5e,true,fake_account
fae17199-9d93-4ae8-aa89-92b76ac18b9c,c6a370a6-9988-41d0-922b-379dec93aa35,true,fake_account
3421883b-fa6a-4f17-b22f-8155a454eeab,e9f40f4a-d732-45ce-9008-e8e4e5422393,false,fake_account
a5781176-7a6c-41ea-a969-40f1395b7b26,8c228259-2acd-4cc4-bc02-6afb8c6a96bd,true,bot_purchase
cfa1aef7-44aa-447c-bc7e-0ee6eabcde2e,e1289715-1b93-45b1-b3b7-545a350b4500,true,coupon_abuse
53fa1490-d81e-4b3e-a990-1e61d3706d10,5d094178-dc70-4f6c-9508-f8e1ab48cacf,true,bot_purchase
011115b2-a219-4b96-9599-29b1b5c953ff,eeabae8d-7e3d-43ef-9b18-c45771e2da69,true,coupon_abuse
7be5e22f-2b27-4094-96ec-2fa924b51cd3,62906f7f-3ae6-4ea2-bc98-fcb98e2207f3,true,coupon_abuse
084d018a-8b7b-424c-a0a8-60fb511bb9ce,23d2c6c1-a76a-4db7-b65d-a00fd1e69f45,false,none
96879488-b972-4718-afa4-f64e2dd403fd,4aeb732d-e2c7-4ed4-9c17-ef8c924653f7,false,none
ac104e1f-11b6-407b-a574-549319518a7e,d587e85b-64cd-42f5-8745-f8b49d39d4eb,true,coupon_abuse
b3082f47-e2f0-423b-aa19-c3ffa46e71a7,2b432bf7-a8ef-4963-86b6-242bb81f99d3,true,coupon_abuse
2bedeb47-1fc0-4aeb-b80b-4f7abeb27bee,92c7e14c-2004-454e-8de6-d0037c4abb91,false,coupon_abuse
98b2775c-2fd6-442a-8610-58ec29ab4ade,80b25a58-41ea-4b47-8cef-c30278c694e3,false,bot_purchase
b26729b4-148a-4903-ba7d-0214482293b3,e0babe2a-1e6f-4895-907e-e3a423c2701b,true,none
4c089ffb-d698-49b6-bd9d-f172275a53dd,ee83809d-1f89-4540-add8-004f52b3e184,false,fake_account
d5a9eee0-fc45-4afc-822e-1752924e3391,9d8f9f2d-0cf5-40fb-8bc7-b4c30b6c8ba8,false,none
c3d151e8-6759-44f2-b098-c4229b7f5426,62202d9a-fbab-474d-90b0-bb5ab91fb8ec,true,none
a38a3f1c-1a29-4523-bdcc-336b360187f9,d117e445-7181-4935-bbd7-42631f79a91f,false,none
fb663d9a-a1d1-4846-9520-e0e1e7dc181e,3b7ae2ff-c97c-4398-b96a-d67c18ecd668,false,fake_account
a83145a2-7dc7-4c37-bb1d-b146a35d4a2b,dd69d8da-ebad-4751-9483-48660816deb2,false,bot_purchase
bb4ee532-27a1-462e-be93-7c0c73fcd235,d6988de2-4d3f-4477-a3b0-f194f8019e4b,true,none
5bfc0cab-ccf5-4ffc-87cf-192fbbfd9759,2a50978c-730a-4828-b39a-939be1cc1207,true,none
2332d14f-0968-4f56-b663-df8622b6f49f,52cb2bdb-7614-408b-9182-e7a421ed7a62,false,fake_account
7bb3c69b-6f4c-4420-b331-379b1cf9a059,16c97daa-c417-4169-a4ba-7893084a7ca7,false,bot_purchase
9b414533-0d1e-404c-b3ec-1ba515214f42,3896c01b-a0b7-47b1-a1af-a266d369ee1f,false,coupon_abuse
7ef85b72-19d5-4616-8233-7df57dc49e90,80c5a431-03db-4d5e-a10b-160c7a1022bd,true,none
460cb808-f177-4ade-8abf-e26c4e72ee31,84a25002-f10b-45f0-aee7-9dcb2d5e6752,false,fake_account
2c35c4a3-e85c-4913-a033-01573cb857fd,226392d1-99db-4322-b425-ffd30d1ae342,false,bot_purchase
167441b7-1993-4a63-afe6-0b9d831e8447,c437ff4e-faaa-4cde-aafb-9652fa02e3a1,false,fake_account
4800030b-be38-437f-8e64-fb35fe7950fc,1084331a-048c-4ab1-a55d-7dff573d17a4,true,bot_purchase
40fa375f-1cac-4ad8-a795-1d190cebd09a,639cd2cf-5d88-458b-9e3d-07201c3a4cef,false,none
f44777af-9334-4fe9-8d36-d9771a174acf,0566837b-7130-4a6d-9992-0a0d16cd060f,true,none
6088b062-8fe7-4db3-82b3-ed5df585ee53,142a2356-af42-46d6-9175-2231a76a723e,true,coupon_abuse
73b295d3-ee4d-49f8-b6bc-927d743a3e87,bc3d9464-b305-4a35-b51d-504fec38b4b8,true,coupon_abuse
27ae21f0-eb18-44a3-a87b-9d8d022ae084,632f1647-73d7-4f3c-ac14-5cbf75094a27,true,bot_purchase
4ee8d689-4191-4905-bb48-0a4f48b008f7,1cfeabb6-0d11-4be3-8327-b39408faf5e2,true,coupon_abuse
5d125235-6619-43f2-bd3a-50e06ee8ec07,9086a0fb-4211-4c85-9435-87c7250f7aa8,true,coupon_abuse
199466fc-68c0-45df-afe0-25c538011408,a93e578b-54f0-4b01-b47c-df94fb37fb2b,true,none
ec11f2bf-8877-4ced-88fe-258a37b742f1,b115a39a-1040-4335-a244-559bc81a53e9,true,coupon_abuse
9d14a03b-3069-4c85-92e2-d361dc111500,01697ff3-789f-4233-823a-68ada7083f0e,true,coupon_abuse
585eb732-358c-45d0-a2d4-58c66ff25d7c,375dd07d-e301-45b6-a531-cc2ef86d5daf,false,fake_account
36026982-f5e1-46ab-bc84-7c572eeb6f49,eac934e4-71a4-45ea-a951-5a350515da9f,false,coupon_abuse
4718b960-42e1-4be6-bc30-7473f768e3dd,2616afb0-8eb4-4655-96e0-6b447b667f3b,true,none
be15dc97-019e-4d5e-8385-7048161cc6d0,814e3f58-0a63-4b53-9188-7e49b3b4531e,true,coupon_abuse
bb1ffcc0-52ea-4853-b7e9-076fa5125103,52b625d0-24a7-4552-9b4e-1036f0d82e43,false,none
8ea4d470-efa6-46e7-af4b-aeba74bbff75,6a0f369a-33d0-45d3-947b-2b5fde100cdb,false,bot_purchase
0ff9c84e-8a43-46c1-9bc0-98001e1e8803,098277e6-c338-4072-a1a2-7b62e0ebf635,true,none
050c6d44-2f1e-429e-82cb-693b29caf497,e998e71c-5e5d-4d6d-82b2-8e44fb394e6c,false,none
de1c81a3-b7dc-44bc-953f-e1fae12c31b5,3aab9ca3-726d-4ecd-93c2-4cad40defd8f,true,none
c4db346f-e7a5-4c21-b6b6-c3fb903c7e43,e29d7a2e-893d-4190-b427-d16cdf52a9f9,true,fake_account
cb5f84c6-850c-4cdc-a1fb-6ff06f45b933,584c57e3-f951-4eac-8a40-2d8d92b48e96,true,bot_purchase
54adecf2-704b-4264-9cd2-9016e6a64f0c,92bfe0a0-e565-433a-9690-bc6e00e34db1,false,bot_purchase
ddd8b596-d6d6-41a9-8077-af1e7ad3b03e,deac3878-747a-4456-baff-cd4a4858caa7,false,fake_account
0ce0ae0d-04ba-4ef6-b0be-52d96c0ec120,3a911b79-de0f-4d83-afa3-5968764e2d9a,true,bot_purchase
2ade498c-1025-4059-9fbe-109a2baf11c9,b93cc56e-cf01-430d-9ad8-0797f1482a3e,false,none
e5719259-c885-4ac7-96c5-2ac8af1b6390,78d0c34f-b517-40ff-87ee-1f4e181d6322,true,fake_account
75426e05-75b7-4359-9c73-e4b72c03ea25,dd7e1741-aae6-4c1a-b6d3-997d8023855d,true,coupon_abuse
33b561ea-ed5f-42ee-8012-83ffc904b58a,66118821-97f6-403a-a797-b6e89633dd0a,true,bot_purchase
8e15c771-a9bd-4639-b66d-f3c6e5c0a194,1a571867-8009-460c-9747-b1cb226aae2c,true,none
f821820e-eda8-4b5b-ba11-75d32dcd3d72,f05422ca-4b27-4a63-af73-8da17e753707,false,fake_account
ef4517ac-957b-4096-a23d-0656cc1f2fd1,c1d11b21-b81a-4487-a16c-7b1be5f45999,true,coupon_abuse
81be6be1-d372-4533-877b-7c7c8e8bd111,1c216a16-d453-4452-9c72-d5e0f7fd832a,false,bot_purchase
43cc865b-5f9c-4a95-be48-ce942b6c3b8d,8e1cd23b-cac7-4a41-bc19-20c0ca7e9587,false,none
ee8c350d-3d52-4274-8340-6fc9b3456bc6,53646569-518c-4ae9-b23b-8777d5b28b80,true,none
d139ebd1-1aa7-462f-8569-8a30077ea6d4,ed4b2d0b-aa04-4105-9169-2fe6991480fe,false,coupon_abuse
f0f75514-b0c1-4ff9-bfb4-4cfd40071706,1084331a-048c-4ab1-a55d-7dff573d17a4,true,fake_account
7ba1674d-cbc8-4c4e-acd4-4186eb9e5236,51a325eb-a7ae-4708-a869-b1e2e06f452b,false,none
0ab98c95-cfb7-41a9-9cda-f35d01cdfc83,93ed1aa6-646f-469f-9f94-8ede0bbb3828,true,bot_purchase
f7500c5c-1299-48ca-83fd-cdac83083639,fcd7aa8b-2e2a-49e6-b666-1917e1697559,false,none
5317cb9d-3d29-4ddf-bb84-16bd707bb19f,2fd6c66b-6675-498f-a063-f3f4118686e2,true,fake_account
d9201367-2016-4d59-83dd-72ac9c3cf4ac,0e79fe82-91a1-4ed7-a598-8de583455d60,false,none
35be9ae8-4718-45e5-acf1-753929a7b20c,a6a17de0-20f0-4946-bc99-ce8e729aef73,true,fake_account
be2d0522-f961-4ed1-9848-a101bc77b40d,94f08a8f-5398-4679-af0b-c0f71e047ac5,false,fake_account
36853cfc-8b67-491c-be1e-751195915b9b,d945caac-7165-422e-a029-216a2985cd12,false,none
a8469468-1272-4087-bd30-385048660871,da59c276-aa7d-474b-ac9b-0d5f76539236,false,fake_account
43a54c89-77b4-40c6-a7ef-ff97c92a5044,f4d83fc5-53df-46e7-90c9-71d87c791155,true,coupon_abuse
c9ff232c-a049-4e21-ae03-15ee7421f9cf,45ff040c-96b2-47fe-ad90-e50a423599d2,true,coupon_abuse
936643b6-f3b5-4a87-a9c0-f61459c4f7b8,e3a5e197-55e9-466c-b4ed-8e3c0dfed95c,false,fake_account
1f4174c1-81b2-4d86-b7b7-b81428fb89fb,afde0223-e1a2-4af7-839f-5749aae6575c,false,none
a9271bc9-c82d-49d7-bdf4-736d7c60bf92,9563d826-5f22-4a1a-bde5-602c72203bd0,true,bot_purchase
142d87d7-8f01-4570-95d6-e2c0daeb8537,ca4d62a3-20a0-4b59-b72d-e1fbc4acfadc,false,none
773016ae-075c-4233-a8a6-1d5cf3c6aaff,1b543ddb-cdd2-4b5d-b700-6a799f19f799,false,bot_purchase
3988aa94-29af-446f-8569-8055642de254,562f466a-463d-4b7a-96cb-dd698d66bd3a,true,fake_account
360eb6a1-39b4-4383-a7f6-ada55439ee6e,2609cc8b-8358-4531-8f42-67aae4f6bd6a,false,fake_account
a234f5be-bfac-48e0-aba3-14ccce81f565,93ed1aa6-646f-469f-9f94-8ede0bbb3828,false,bot_purchase
e8a9b2a3-d2b1-4052-9ff8-9565396f426d,78dd3261-c3e0-4bb7-9e38-9f939fad9ddb,false,none
5d180148-9048-4ac6-92c7-75c3d80fe969,f651af7b-7647-4d33-b9d7-062ac33813c3,false,coupon_abuse
a6ec2c84-3aad-47af-92b2-41724cbe67a8,7af5baf6-d3f2-4e31-bd01-3e0ad1511567,false,fake_account
d970ab71-b60d-4c1d-b88a-7f8265a4c950,ac42a352-c65b-42f7-ac2e-9b1f629bf450,true,none
00c5615e-0077-4ad9-b25d-3f93ce226b06,ccae005c-d11d-47d4-913a-562b8ed4570a,true,bot_purchase
f94d44a5-b0a9-4d29-a78f-1ad3fa9922cd,53da9813-696d-4a13-b887-39dd6a13622b,false,coupon_abuse
38ff9e2d-26eb-4e67-8a82-a9302ef87f26,6981ea47-36ef-4f4a-8148-3a73de131759,true,bot_purchase
e3b14993-e10a-490e-b1e2-ac1b712f0315,e1677b6c-1377-47e8-962b-884256fa7125,false,bot_purchase
9fede824-5c18-48c2-8fc3-ae4c45b293f4,2c0b2ff8-1b15-4740-8e13-598066129330,false,bot_purchase
c5c33abc-68f7-4eb4-8978-4fbfc565d4ff,63fd3476-ba9b-4dcd-bd8a-4e06fa102333,false,none
8b429e24-b320-4e11-baad-8b9649c3f507,303ac113-1d2a-40ce-a26f-47c07178bbd0,true,fake_account
1d633da2-b2c2-4463-8eae-7a2d95107bf6,5a36fdf6-c6a4-47b8-a9e0-a950c688146d,false,coupon_abuse
de39089e-71dc-4e8b-9794-582bacd98399,aeb436bf-9987-4a0a-8e2d-55b6771ad83d,true,none
8bf12ef6-33c0-4751-a2a4-e0764754c2ff,1360b057-f539-41a9-a9ac-2475351dc232,false,none
297edc91-7e54-40c8-8b9a-6ee257b4c5f4,7ec13cc5-9912-4c06-913d-c1e9fdc16d56,false,coupon_abuse
6c592f96-3664-4d8e-a820-dd422845d0bc,2be127b6-5381-4775-8a30-ac2172e9f9fc,false,bot_purchase
20d2b619-e0f3-49a1-a2e2-78228f5edf46,893568db-0bac-4c1d-9c3f-8e00020efc5f,false,fake_account
75f0dc5c-514f-4bd9-be9a-3d4915dd9ede,6b426254-610d-477e-86a8-22222ce88d20,false,none
5e9706aa-8ba1-4426-8cd3-111807e72d9d,f36fb689-f93d-40df-9f10-5e93030f5a53,true,none
1622d476-f899-48ca-829d-74ffb4bad936,97d8895d-9b2e-4a0c-9ef8-810900133f72,false,none
74a43508-0bb7-497a-9f30-6100e711422d,d6ad4c69-2665-4e08-955c-e0c471927ea0,false,fake_account
0933086e-0cd7-428a-a8df-c63988352de6,756366bb-3cfe-49f7-9a56-540899903f69,true,coupon_abuse
c7b4daa9-921f-45a1-be26-583f0c9a93b2,38676081-554c-4814-9435-d3b46def14a2,true,bot_purchase
d9b0d9f4-faf9-4507-9ad6-ffefd36f1227,28d2e302-e3a8-453b-a76f-e6ffc2c18c92,true,bot_purchase
3d25b04e-08c5-4d81-8d55-0f048bbc75d7,9b8625a2-e9b1-45dc-8fcb-9230ddfd01ab,false,fake_account
9547315f-37d6-4ff8-8e07-3583b74150f6,fab24520-2bdd-4177-b00a-c6bb89e7bde3,true,none
cf1c64c7-794c-4a9b-a023-8f666ab9d302,724b30f7-6585-4a29-857a-6bf5ece51e3a,false,fake_account
dc8ba5d1-d85d-4764-9d34-2f21868de60a,26c86707-beca-4e9a-92da-1eef32059bbc,true,coupon_abuse
98009731-f96a-4533-936a-e8bd9960ba74,44825dfc-2762-489f-a2bf-7dd9ef4ddef8,true,coupon_abuse
9b05b566-9b07-46cd-b134-892c32d8581f,5963bf33-750e-4fe7-b797-38b5d497a107,true,none
e5c0a74e-30eb-4d1b-941e-2763cd2a9bad,cef0cc2c-3acf-438b-8a5f-3769387d7661,false,coupon_abuse
e770d666-72e2-435b-872c-251ee0548d9d,0a098603-da32-478d-a02b-25d95c7814ab,true,coupon_abuse
edf2dbdf-280d-4019-a70e-26473ff90547,4c282ee3-1ab8-450a-bcde-3a59820eac6a,false,bot_purchase
8fb83aa7-a08e-49be-839a-80e8f4d56635,c04bd977-c942-470e-a01a-222cddcea781,true,fake_account
26b5cae0-215d-4735-98f8-dde7c432cf03,f99b7c9a-e44e-4da5-83db-ba4d51ffba9a,false,bot_purchase
2aeaa8ea-24f4-42d9-b706-3d54f7ea5591,796ed8f2-ba34-4357-9223-e80edfe2ed5d,true,none
3c1e47aa-a541-45fa-8831-e50c758d7c2b,eebbb712-fb1f-4869-a5fc-1b485015333d,false,coupon_abuse
8e815bb7-010d-455b-9623-f2655b84018a,173da208-df5f-4aab-95f7-3c247943906d,true,bot_purchase
ad4d1a1f-85cf-46e0-b772-30edf3704fd0,1b2df7b3-fe14-4580-b99f-1f173f3c27cc,true,fake_account
aeebb563-a26c-49f7-819b-84e0ef27b1c6,5056d4ed-5958-47d6-93e3-de901a155c0c,true,fake_account
84bb7368-20f4-4e06-a76e-3522aec7add8,db44803e-dbf4-4ddf-8f8d-8100650f6025,false,coupon_abuse
486c1815-6dc6-456e-8cd8-23b4d05b0a09,dbe98a26-4ae5-46bb-991f-36e75e6fe60d,true,coupon_abuse
dabdc6bb-86ed-4245-a820-82866a61e2f5,cb8d384f-a534-47c8-ad3d-8e66df1cdb56,false,coupon_abuse
f49340ac-48b8-4bbe-b8c6-df053b467dcc,f1034c56-43fd-4080-922a-8d633b5e4e2b,false,coupon_abuse
773d82da-e22b-4432-a94e-57bf21ccf92b,95796edf-b14a-4702-a82e-59899d091466,false,none
128fa60c-b004-4723-8ec3-898a126541a9,5ad5bc8a-50a4-4b70-a37b-d3bfeda9259d,false,coupon_abuse
20e45f63-9ab7-422f-b725-33ef7d3c5de3,c0b11e1d-a077-41dc-972a-0eaa0305063f,false,coupon_abuse
24cc919e-0edb-47c1-8bb8-c7639846debf,9cb951df-3471-4d17-8db4-a3ca1211c0ed,true,bot_purchase
e2f26db4-e3ec-4331-b87f-35e3de38c0af,02b1798d-6c18-4b7f-b7a5-87180ac82373,true,bot_purchase
9d34cea9-f4b6-4db4-aaeb-0e63e75c3b9c,a1fe5938-985f-44d6-b0f5-7e9712dabc53,true,none
0fc87a01-79cc-49d9-aeae-8f7a902d92a2,080c1922-db1e-401f-a54d-1379f7c3ea2b,true,fake_account
6aacddba-21ea-42fe-89a5-fa4cf4663919,fb372ddb-9c6c-47e8-a09b-de6eaff14fb4,false,fake_account
705c4090-834c-46a4-adeb-cebe5d457582,84dd1f44-d9d0-4d5b-badf-2472811f4e1a,false,coupon_abuse
a203fb5f-e9f8-4329-aa77-e309f20b17cb,fe26ff76-3d3d-4deb-87ec-103c1068853f,false,coupon_abuse
4dc5f63b-920e-47e9-9443-c13a96cd5ba5,be1afe6b-9540-4444-adf2-cc79a8e41fa8,false,coupon_abuse
8e875388-b358-48f0-b3a9-cc453ff0b150,eb5ae11d-fda4-445d-89f0-c4e3666593ef,true,fake_account
1400a38c-d5f1-42b2-a806-eff8e350fa48,51a67e7d-bb5a-475d-8a64-64fc670ec634,false,fake_account
b5061eea-a00a-42e4-8d35-5fd61819e482,fef2c162-0d16-468b-80d4-545a27a53958,false,none
afe45d45-4a2d-46ec-8437-c54ceff80b94,5b601fd8-685a-44ae-aa4e-f69a402d8f7a,false,none
ce49cbcf-64c5-4f44-a855-1d39edee6cb8,b2e03eb8-1100-4e62-abbc-de071f189f82,true,fake_account
549247a3-2ed6-42c3-8c00-c5ded534ce48,4e7e0513-3b53-4176-94dd-b07943383621,true,none
9ed1860f-a3a8-4161-9b30-a759cbc87151,1c6a4392-fe4d-4d0a-86b2-9abc0ea19775,false,none
9a5eff60-c507-4e32-a92e-a0533f24c38f,58f374cb-500a-4d9f-907e-ca6c8297bc90,false,none
daba0fea-ba94-439f-9678-378743e55d11,7e1f88fc-2f07-49dd-ad14-d98fcb27ee4c,true,fake_account
8eb84c57-41bf-4f6d-96f3-72f32ae80b1e,6ab54d02-8e01-48cb-8e23-3b120f94b7bb,false,bot_purchase
d70d2d11-4434-49d0-8145-b32757b9923a,35b2a982-c0b8-48b5-bf04-510fb4a81cc4,false,fake_account
b67f21e4-cf20-4813-a68e-f90252b0f706,45e959e2-78f1-4170-ae29-068c6a455adc,true,fake_account
080eaa9a-7cfe-45cd-9753-bb4edfad0584,df5c8635-a7a3-4435-b95b-b475fa243bb1,true,bot_purchase
431e126c-d5f8-4737-8a63-d65ca66a52cc,990a7a96-fc08-4d49-bae3-6d3a06805e31,true,coupon_abuse
54ae0aee-915b-4be7-a033-671e20ec9340,b3ae60e2-8779-490d-9241-ae92d7512fc8,true,coupon_abuse
b8dfb6a0-498b-48c8-a7a1-ec948427a8cc,25683e41-363e-4914-bede-d2511a942904,false,coupon_abuse
c388669c-0648-47e2-b7da-c8db61b0a2dc,be71219d-a232-4284-8c08-7006ba8fdf79,false,none
e7d8533c-2a72-4aab-ac94-1e0a48fd9fee,70f2dbda-4d56-4e76-b5f0-27f7e8a0631b,true,none
abf928d0-5149-4725-8f3d-50f588263a0e,158412b4-ea9a-4dc6-9125-6dc69a6a417d,false,none
23fe5691-a4aa-4372-a8e4-960da06d435c,24356078-c8fa-4f16-b462-0765db27064e,true,fake_account
7ba7959f-a391-4203-a225-3fa962738e5e,402b54d9-98e3-4fe7-8166-c3098d9f8a67,true,bot_purchase
9bcb3406-e317-49d9-9f7e-01bbd4a24c8b,f54d63aa-4520-44f4-a733-96dc1b6798d5,false,bot_purchase
ef65083b-4d94-4ae3-8f45-2230251eb1f0,29cf2e8b-0d3d-46ba-8abb-299d1f1cd432,false,coupon_abuse
cd69259c-efb0-45e8-ba71-7e09504404dd,a7ac03a3-54a2-481b-8117-59d6ae5c048e,false,coupon_abuse
c423bda0-2de4-4ceb-89c6-7621f157df33,436df7cc-63f4-46f4-a4d9-24d8fa49d8d4,true,none
28245088-1855-4f6f-a67a-1c41285dfff2,a512acaf-1697-44d6-881a-b5de8d998265,true,bot_purchase
fe5a0da6-6540-4692-831f-530108de5c74,fe8b739a-b7ab-4cc6-ab76-f253c115c5e1,true,fake_account
0d1c4268-ba09-4899-ab6d-272b85ab9f05,33d41a0d-79ce-42bc-8a07-919d3afdca4a,false,coupon_abuse
5e68ce33-5bcc-419c-b706-93a518563efc,52d6a835-c9b6-4ad6-ba08-fcf14d97e450,true,coupon_abuse
cc01485f-2267-4d19-bea2-8da6e8f37352,e6a67af5-7f38-4f20-9cb2-ae53193bdd1c,false,bot_purchase
c6072002-ac04-448a-8b86-cd1152ebe028,41eee06f-de32-4ddf-b0e0-2b584580d6f3,false,none
e6c6b89d-458a-4c79-9efe-aa828946700e,fffdfd36-62a5-4374-9aed-46627db89914,true,none
b8658c6e-ab97-4da4-af04-cfb0187b3f4b,08d56b7d-44fc-4a04-b7e0-80348a6ffc56,true,coupon_abuse
b6cc7a5a-c708-427e-b2bd-21bb82af4a4d,cf6e0880-7084-4c76-bf26-80a360b43368,false,fake_account
1f51ffb6-c0e2-4cdf-bdbd-3590d1eda080,3011833d-907c-4989-b09b-52935431947f,false,fake_account
738527f5-1da5-495d-aff0-34e17cd53fde,a29b0e74-7d6a-4f4f-bcac-78f0cd61acf5,true,fake_account
106e06bc-7a77-4038-b32b-3bf786a6e2f7,4ab80b00-5ad5-4453-94db-7db0d61bdfbe,false,bot_purchase
726fe855-7178-4ef7-8b8a-7670377d7674,fb667a91-11c7-40a4-aecf-0faafe0bb6ce,false,fake_account
ee673095-63d4-4bab-a7f8-ca842a17b45c,a1f68e81-796a-4a82-abe0-83a4d98732eb,true,fake_account
8932e961-4835-4288-b7ed-25e2a325db06,69ec0d40-0bfb-44d7-b53f-b0f06660f306,false,coupon_abuse
d5bcf9e8-e8e5-4812-b097-314c3a343051,938fda5f-9776-42e1-a5ab-a0f8ea7b61a8,true,fake_account
88740655-e9eb-4bc5-994c-a79a38b6fda5,3e988390-f4b7-4f00-becd-cdea927a3645,true,bot_purchase
44eff57c-98b0-490e-a26c-fe928e83e45f,e37134cf-9431-450a-bd8a-a6de624d95a4,false,coupon_abuse
788c0a70-03e5-4b61-bfb2-99a94124fc1a,dc939f98-c4fc-49ac-b467-e9904a316b94,false,bot_purchase
ca89831c-f17e-468b-a402-f54a8bccaddd,b1621da5-bdec-4fa8-af5e-9904bc9fab81,false,none
0bed34c7-22e0-4793-a171-af7bbc8b02ea,c91556c8-346c-4a2d-a80a-a9e44dce4154,true,coupon_abuse
649304da-0a0f-44d2-90dd-66eecdb79cc3,77d7b687-a35f-4cd9-a0c5-3766c7f18f9f,false,bot_purchase
4492cf0b-6e66-4932-b6a0-8afe8bbc3b3d,9db5d4e6-9a32-49f4-951d-4dd782ea18b5,false,coupon_abuse
be4cdd9f-a246-4b14-9e16-0d37811b901a,e031a79c-4c97-4b91-baed-da8af8df35e0,false,none
62740193-7462-4019-9910-43fc4f834458,8dd43063-1785-4e7e-a642-a77c21a4e789,true,fake_account
8a3901da-b740-4198-b6f3-6d51cbefc78a,c1619ffb-eb79-4197-b750-64c85169de58,false,bot_purchase
a05bd3cb-302f-4c12-9ea3-fcb7441943a6,f0b207b4-153b-4f57-ba6d-cb63be9690cb,false,none
e9d0b844-d48b-42f5-a944-a312afd40518,0af25fbe-5382-4d49-82d0-a76202df1724,true,coupon_abuse
3186457b-6221-40b2-b71e-d731531c4f54,82f0abee-f992-4169-a1f4-8606a514461e,false,fake_account
02782b11-1075-45ec-9b03-aa629dcaaa10,5291e8f5-dc40-4a36-af11-720ef31012f2,false,fake_account
dbc100d7-da0b-4e07-ba6d-554b4c28b479,0d291df1-7b7b-4237-927c-4ba2f87d1922,false,fake_account
11675e5a-7afe-4d72-a1cf-ea138147fb69,05dd16e2-cb0e-4712-9392-ca13fef02b1e,true,coupon_abuse
11677249-86a5-43e3-844e-00abb3cf5247,a78afed7-3dd1-4eff-84e2-2c589ad49588,false,coupon_abuse
3990e8e4-e128-45f7-9f04-841f1344bab4,49442683-37a2-4bf8-adce-e20b02acc44c,true,fake_account
bea5d413-76b2-4ad2-a0c1-69b3308ab71e,e5389473-7d7b-4345-87a3-635d7242fa91,true,none
7593d034-c1cd-4f26-b0de-9855c8a945cf,fcea9474-3fd0-43e4-8923-caa1466b6102,false,none
f0e59bb4-15b0-4f25-910a-494599fc3c93,acc86ad4-941c-47d9-8cba-c5be60f795eb,true,fake_account
17b0d24f-0a6f-43a5-9c4b-f50489e3c324,1fdd168b-452f-4288-b5c9-8140a4d6bf78,true,bot_purchase
38f1f067-59a0-4ca7-96d0-0057efab5d1c,7b26653d-0c6b-4b12-a6b6-54d689b94b7d,true,none
bfaae25a-f6ee-49b0-ae50-abd7e6cca820,2fd6c66b-6675-498f-a063-f3f4118686e2,true,bot_purchase
9db27df8-d28f-4fe5-99a3-85bcd4014bda,c06a2fe6-7f4c-4a5f-b5a6-bd80004b8fa6,false,none
970e56d1-307b-4976-b107-c6763bbc6c4c,a9dbb1c3-0b33-40d5-bdc6-914e0c8290ff,false,coupon_abuse
8db03ffb-50d2-4ba1-86e7-8c47457b1e8d,21657adf-6c47-4693-a0d3-247f750799e7,false,coupon_abuse
6c387322-a1ae-4dd6-8bc0-5274144a59a4,5ba44b64-d679-4bf1-b421-a3627350b2f7,true,none
0f71498b-47ce-454a-96d1-22151bb0bee0,d69de0c5-04d7-4f57-b762-377ff58b64da,false,bot_purchase
2558a537-3a52-4e69-8ee6-c5349f5e5a5b,de84c063-0e8e-45bc-a02f-4e14dd6c72da,false,none
e61f34e0-16b9-4af0-b4f3-16fc8b191b26,23f32c33-a37e-4723-b1ac-370de72402ba,false,bot_purchase
da7c940c-eaa7-44ae-a30c-e8a53f74ac53,aa386d51-2b50-49f8-8d51-28e586c8acac,false,bot_purchase
16da0d5c-9f13-4bac-97cd-fa6cc1715daa,ea036328-1a47-4913-878d-ea917ed98101,true,coupon_abuse
dc38f8f9-1634-4d04-be0d-9e5a61e7b13b,ed4b2d0b-aa04-4105-9169-2fe6991480fe,true,bot_purchase
f0457da9-9028-4370-81d5-24091a6d7130,a496400f-9e89-4c49-93f4-66d61a569b8e,true,fake_account
07fe8142-9f97-430d-b044-d2c20c83a1e3,8a411e7b-221b-48e0-a838-31aed7aeb35d,true,fake_account
96ab2c25-2b9c-4cb3-9aeb-59ba4e0ffd4c,06015da7-14c9-4ca0-9091-a39f5aa7ed91,true,coupon_abuse
e8c7911d-a7e5-4805-a59a-ab00c993c022,4b17934f-8bf1-4053-ac61-e37cd64e1297,true,none
1f8fa0ef-e2cd-4e4a-a7ba-e56aa340c320,29fbd893-e166-44d4-9eb4-f1a75d7327e8,true,none
f6ddfbe8-8fa5-44d8-af15-8b84ed1f6a6b,575b2d09-081e-4471-b773-1c2ef4457aa8,true,fake_account
3cd4ab81-bdbc-436c-9e73-c6b95e201fea,b86e829a-d382-4d27-ace5-d36ba880c1b9,false,fake_account
a934f7ac-68af-4f49-bbf1-5d2e6895034f,42a277e8-0360-4fc7-928c-0e86e6eef030,false,none
b101a3f3-3d4e-4383-9118-8bf9066bd33e,3bf548c4-89d0-419e-87be-70d0ebd13afc,false,fake_account
06cc1233-ad95-42e7-bbc6-dab59c4e6992,9271c143-f39e-44d9-b729-7236353bab47,false,coupon_abuse
276d6386-5fd2-46f9-af04-d235bec57d40,2364c26f-da45-451d-a4a5-7e5e89fc0dce,true,none
00ff1e52-8fa9-41c6-a166-a957d0cf0484,62463ec7-dbb1-4dcb-8223-fc973398028b,false,coupon_abuse
79948ee8-9849-4016-b81b-aef288ef3a34,f9baf24d-21ae-47da-8288-c8f80dd0d536,true,bot_purchase
50f5ef78-b6b2-41ca-bd61-2efddc6f5f70,65766077-00ed-49af-a3e3-43b134baf979,true,coupon_abuse
293496a3-73d2-46f7-b4af-63059c4607e1,61f73213-0844-4e00-9d72-711e8696b520,false,none
14ab0008-536e-431f-bb45-501326915d5b,c6ab6607-8700-4743-b6dc-bbdb3f20deff,true,bot_purchase
7f9d5a35-0105-4f20-8134-c61867b0d6fb,57018929-5207-4056-9b15-a63f87631aa4,false,fake_account
d5502f4a-c77d-4a4a-8f7e-cf575965cee0,199096f2-9c39-4c10-a20a-321d8cea059d,false,fake_account
10e3bb94-b92d-4122-9e34-7be68b4016bc,e13ea21d-3be3-4665-bdbe-f3791bd61f05,false,coupon_abuse
5b919c73-0766-4b5a-9f77-ac53cf3e3c9e,e4d3fcea-d675-4d3b-9805-f522dd8bca59,false,none
c680db6d-1f44-40e1-a5c2-f7afd39a12fd,9d62510e-c676-41e4-9e70-61290a0c0520,true,fake_account
e24e8bec-df35-4b3e-93ca-cc67e6a6daff,3f20dd63-b787-4cfe-b5bd-dc0c33d23b00,true,fake_account
54b1aaca-ab32-4de2-8492-1bf69579a44c,02a18a32-8bc3-43c3-b9f5-db0f1fe1e6db,true,fake_account
3bcfdfe4-7e17-4f4c-9750-1343d9f72cca,2c18d739-f5e5-4eba-bbc1-a1539c44ae28,true,coupon_abuse
44814036-222e-42a9-8e8c-458704fac2f8,0aa58eed-c9de-47e5-990e-ec0dcd04d1c8,false,none
8e3cfe46-d9ee-4c52-9a4d-fdf974b5245a,94a7a1f7-b68c-4534-b4b8-cd6d98988707,false,none
fe5cc73e-90e4-4c3f-aef6-925bf6c1e63a,4835afc6-b2ca-4992-8182-666f2079a2fd,false,bot_purchase
7d52d470-77be-4951-8ffe-d61de6986bd9,9e617ede-e95b-4a34-9601-3e3191689514,true,coupon_abuse
e4f8f724-cf42-4d69-b18f-77792c86a97b,cc6a3258-7931-4873-9c67-d69e26747c1f,false,none
e8b615e1-3aa3-428a-aa9a-a8ff9da9a200,5feba9e3-2a8e-4902-af6a-170d77670439,false,bot_purchase
970f4513-d53d-41e6-8d71-5bde6acf2157,2adf598f-b24f-4a32-85c7-e0d07fe2dbb8,false,fake_account
5ca2be8a-2cba-4c8f-a7f9-7a6b69c15c12,a3335571-725c-4264-bc12-4b06f2e4ca79,false,fake_account
05d80259-9ea1-4bbc-aa57-a07d3fe638e5,491bb53d-440e-4457-a599-0202555a1ea6,true,bot_purchase
d59297ed-91c3-4cbc-b5bb-66db8e8614c4,9de52ef2-5242-4622-9848-6289d3dd5481,false,none
0068bdec-7f31-434c-ac4f-a8f1b9cf4dc9,53047c7f-9d21-47ae-be85-76c966f57779,false,fake_account
8e482289-2898-46eb-a021-e7bfd1b357e4,34733e74-f220-4bd3-955c-1f2757961701,true,fake_account
d556a821-f6dd-4e4d-a919-8458c5aab642,ac82c5bf-c57a-4724-b382-272914a97819,true,fake_account
036db583-1682-493d-856a-411f72c79469,0cfc92f7-3b91-4111-bbbc-5c16dbd4bc77,true,coupon_abuse
36f8d1bc-57d8-4744-a128-0cd9ef77f550,473c5e50-ff7f-47db-9d4b-a1a00352f0d7,false,coupon_abuse
3a30fa80-03c6-432c-88e0-e3c39de81e86,a5c8953b-11cb-459c-a528-11aa71548665,false,fake_account
62ca5457-8304-47e5-abe6-8ef7d21c1c37,c3e3dad4-d5f6-46cd-80e7-8ed1e8309200,true,fake_account
3ae67156-6d7a-4cb3-ab2e-789adf43dba1,4ff750bb-9405-42f3-8e56-aa2f844ba5c9,true,bot_purchase
ac67303b-e78e-49f5-b67f-dd89b3741c9d,ab24a6fc-c7a6-4c69-9977-2fe4a0df33a3,true,bot_purchase
4326895a-c0f1-425e-8890-121c7568ec38,e7b3e2eb-b720-442d-a4a8-296c66cbb1df,true,fake_account
6c3e71cd-99fd-4dd4-9af2-4a16d7194d6e,2adb4ac1-abe0-463f-aee2-0a23229eee06,false,coupon_abuse
bb7fea76-bf72-41ca-866e-f978e647020f,fff20adc-f499-44f5-afc0-ad3f20439ebc,false,bot_purchase
aee98f75-ca34-48e2-8a2a-ec63b51251fd,e19a062b-58a5-4483-afea-8c22bf8ba41a,true,coupon_abuse
fae19d54-62d4-4ad8-9aeb-b1185beb48f3,d2659f99-c49d-42cf-907d-cb9c53339ca4,false,none
004e8774-fe97-42b4-bea5-9742ff438d11,b2328d10-dceb-4c9e-aca1-0147df6437d6,false,fake_account
2812ad97-fca9-442a-b8a0-d40ccfb97450,ee83809d-1f89-4540-add8-004f52b3e184,false,fake_account
c678440d-664e-4f65-8f19-d98a62aa25de,dd8518ae-0a19-4d14-a782-03847c3dfc7f,true,coupon_abuse
806d1d7e-89e9-45c1-9680-42aceddfed92,be5a59dc-0489-48b7-a227-7c54a025d730,true,bot_purchase
97042771-843b-43e3-b431-276f4c819a9c,c08a4248-38cd-4532-a0dd-f3036fae0fea,true,none
58dd0ed3-77c3-480e-b3bc-b2f75ac8b864,f0c8f16e-2de8-4639-bc7c-006860b0720c,true,bot_purchase
4ea51d90-f746-43a7-91e2-85bbc4518486,9a13d92f-386d-47b9-b9a8-ee6294cdfd64,true,coupon_abuse
788054db-06ca-4641-b9c9-f363f6f383fb,df2d84c3-be7f-4f23-8361-d9ce8765b42b,false,bot_purchase
f7b5b3a9-ec42-433d-8ac7-537884f35887,6aeb9c45-813c-49c9-8b6d-127b5446866b,false,none
894c62b0-44a1-4bd9-bb09-96fbb25e2985,a41bf18c-9492-4ffa-a114-0e2fd2a74249,false,bot_purchase
f24bc234-b607-4ba1-97b9-73e712bf2b9b,080eb17a-8c5f-40ee-8aba-6a4b33d73361,true,coupon_abuse
4799f1ac-a53d-479d-a177-89dd2d9eea60,298a6030-9646-4b38-b294-de1aebc163a1,true,coupon_abuse
dee3c081-f97e-4ca1-8090-da54a170fec3,38f458a2-831a-4998-a182-907fb91ecaac,false,coupon_abuse
f0c34452-5faf-475e-86d7-f899578f359a,e9d84c0a-c547-4b75-940c-41585478a5a5,true,coupon_abuse
1a8924ad-6e32-487a-b3c9-cccdfba3d4d5,53cec741-e60f-4c0c-97b0-321307c8af19,false,fake_account
a640ccaf-71fc-4dd1-975f-6a2ea232c9ed,7742d600-c4b2-4d23-8418-ebb809fdf77e,true,none
10fd9010-432e-4840-bcff-d656acdd74b3,b240f6ed-ee36-487b-ac80-188e4348d400,false,fake_account
0739dfe9-d273-4bb2-b750-fafa5a6af2b8,bc012dfb-c416-4f09-a099-c625804b9c5c,false,none
d9f1c1d1-fb3d-468d-b910-efee03e31609,f86f923d-cfc6-4c45-a6bb-967df2948ab6,true,none
fcd885f8-f892-46e1-a622-35fe6f225853,ad5e21df-a053-40d0-b6a2-350f21a0ba62,false,bot_purchase
349cecd6-3e51-400a-b30d-c9a6e1a5ce41,f7c348b4-8a9d-46b3-9b1f-0f4182ca2cb4,false,none
fc4f6240-63e7-496a-9845-4715406cd0a7,1920e617-5ae2-4702-9831-219b2f66099e,false,none
4034dbb3-04a9-4b73-ad48-2794ae94edd4,8fe3c425-7090-4fee-8e17-107e4dc54fac,true,fake_account
3a66e87f-a6c7-4547-8653-756e6cc2f3ee,04da430e-1bfe-4763-a9f0-c065bdd481c6,false,bot_purchase
34ae4eb2-f547-4605-b4bf-87db575aa98a,acefbff4-ba69-4139-8166-958be415c5bc,false,coupon_abuse
83c2e4fc-9f42-4c3f-96c0-1dee52bc2f25,59409204-b6d6-473f-804c-dd81ab517489,true,coupon_abuse
32dfa41f-c999-4220-9e49-d69b7a1713fe,1084331a-048c-4ab1-a55d-7dff573d17a4,false,coupon_abuse
e8ce6c11-8225-4b63-af4a-5ac067626ee8,7eb43a6d-1a80-4e6b-b7f1-5609ff299c75,false,fake_account
78347d61-35f5-406d-87ed-0193649e9686,581db44c-f5d3-4903-8281-a2787eb2813d,true,none
8e1ffb7d-5809-4803-89d3-6ec79377f894,8b8b30cc-ab54-427e-9818-8c7e8e5141db,false,fake_account
b83f4c0d-c666-4e93-b731-f7781581b4dd,0dfb013d-6815-4098-bbdb-b2eb8a9032f0,false,none
b86b1f22-8b08-4db3-818c-ad76c65844ca,37d15ff4-e909-41cc-8557-9eb970ff7f40,true,coupon_abuse
c8d28758-d202-489e-ac9c-d67715ec5f81,bb17c9ae-f13e-4866-9817-0d958179689a,false,fake_account
f149d398-f969-4a0b-bbd3-a6fb591bd8cf,6e30075e-1dae-4d3b-b983-1cdc9db616b5,false,coupon_abuse
c6620e71-5a39-41bf-95ce-bdd4bede4fb5,2e8a9887-5195-42fc-a247-c0e694cbc805,true,none
0418b20c-209e-4f73-ba17-1eb984dafe8d,d36bac59-a9fb-47e3-bb44-641d0d4b5c36,true,fake_account
4c08566f-d2d2-4e93-94a5-28bdf29c664a,6cc0b54a-1ae1-49b6-9b6c-4bc3e761ce6b,true,none
aff9efee-6b89-4a8c-969b-95c733cead4e,98139720-68a2-4e88-88f4-8a2f0571e735,true,coupon_abuse
edd0da60-0d7b-4ad0-a75e-2e9245a7bfab,09beac27-f74d-4121-bb9f-ae863e238ad5,false,coupon_abuse
247b1b36-5f87-4d6a-8b11-31ebdfd3b07f,02518540-81e1-4e1f-8460-1d8155b64b7a,true,coupon_abuse
340f622a-9efb-48ae-87d2-6a206c7da45d,31216ba3-5c36-4899-9291-ad12761205e4,true,none
a1a3b9fb-3d19-40a5-b1dd-b8b532d5d5d3,5235b85c-f64c-4b59-b21b-3e5dec8024cb,true,fake_account
8560362f-8246-49b1-b8a4-38fc734221db,06e47858-59ff-4a34-a0d4-e14f79ee3e47,true,coupon_abuse
bebbe6b5-fb20-491f-9058-70f0f39af8d6,9627316d-ad96-4ab4-96fb-874dfea4765a,false,coupon_abuse
3ebd60de-cddd-45c1-9a1b-a55a24c2ff1c,78f5c97f-67c9-4b7f-b95b-3a092d1cacdb,true,none
d0e6375b-3cfa-4a8f-bc16-044a485d9072,881d6261-adcd-4c46-9875-b7bd7f830dcc,true,none
275fc7d0-95d9-425b-9e09-e38a70bd1c5e,b48270bd-b2cd-4552-a39c-6c61e2e453ed,true,none
ebfd1809-e30a-44c3-a7e5-38c5ec7014d6,5c1f2138-dfda-4d18-89fd-2d89e3392e36,false,bot_purchase
eff12df6-05ed-493e-bc70-9ae691ca069f,d3b634d2-71c2-4c2d-9611-f3b4f7335cbf,true,none
d3e6eb11-3715-41ce-8837-556a7f0c003b,e992a6b7-17b4-4d3f-a279-44373a6ea39f,true,bot_purchase
084c6f6f-82d0-4d56-89b1-4d7d1513575c,faa7b38d-6731-491b-b1f9-aea75b622974,false,none
4127665e-62aa-4595-91bb-f656596eac6b,b7a853c4-4c42-4ead-98a0-acb23fb1e6c2,false,coupon_abuse
6d98e6a5-5371-482b-abee-f3a65c7c6686,a8902f0c-94f6-4d51-a71e-1a08823688f9,true,fake_account
c04f0dc2-e754-4051-a383-36caa5fbe6d8,88faa1c3-9d0c-478a-9dea-402ad0f011a0,true,none
1823e01e-0e0b-4ce0-99ad-8f88b7c3bd7f,8739d51f-0437-451f-8ee7-77303944d17e,true,bot_purchase
bd2a40bb-363b-4c8f-9ec8-31a37a92ffe5,6c3a8df6-9d83-4e4e-ae6e-7042e2ed15ca,false,coupon_abuse
8b7a509a-1c54-4a5f-be16-1ad0384b3b8c,7b30b345-3879-44e4-bb07-36107c98de83,true,coupon_abuse
996daa6e-8234-4e31-b696-ded627fff5d8,ddd94984-15f3-472c-8628-429704798e5a,false,coupon_abuse
31dc84ff-adfa-426a-aee2-a1d823a643a3,b07d7fac-aa20-4a06-ab27-d561ae162511,false,fake_account
e4ba2dc6-39a2-4968-acb0-8739c7dd00c5,fbd6ce85-2166-4040-8a8e-d48020d383bb,false,coupon_abuse
75d45899-7e44-4481-91f1-3f0af98c5326,3f4a4097-dab2-497c-b0a5-ac86455e45cd,false,coupon_abuse
7813f974-8c56-4e91-9b16-091c1c0c1fcf,2720e4b3-a4de-4b74-9f24-9900a6a0bf2d,false,none
54a93dc9-656a-4b49-83fb-5f62fb7dbb62,dd55cc75-213e-4444-9d88-694f9db18229,true,bot_purchase
37c2d6e4-830c-40c1-abc9-ce3a817e0e55,2f9c0cb7-c695-469f-b7dc-04655a77fc99,true,coupon_abuse
7d931de8-9768-49b9-8fa6-bce57123eac4,82996e7c-fc60-484e-ad5d-46aa87d109a4,false,bot_purchase
db21daf3-9bd3-4e83-b10f-bbfb42e10f05,f93544e1-3ed6-45fd-97cd-2fdce57c66c7,true,none
57e88688-d9a9-4c38-8843-b7d6fd2c3871,f13823d5-4195-493d-add7-5e7dcb123539,true,coupon_abuse
344ade8c-2413-4763-9aae-09cc7d65eeb7,73b7734c-838d-48a9-a5de-80bf72d0fc93,true,fake_account
8b678824-405a-4df9-afc0-e57c3d462e78,d1a71137-2d43-46c9-b443-c1fe58e19ec1,false,bot_purchase
c74d1d2e-eeb1-449f-8d43-0367d9c9933d,eac934e4-71a4-45ea-a951-5a350515da9f,false,coupon_abuse
01d5c965-de79-4733-bb28-99de2e9d2f7b,234c6f2d-dfb5-49fa-8225-4d108559bb61,false,fake_account
a217419b-9356-4838-88a1-988153598c93,959bdafa-12c5-48c8-89ba-0af18b4a2f9c,true,none
db137b61-cc2e-4e8f-9247-5fcd4cc1d924,cf94d4f2-aa2a-4607-aab7-11fcf9867e43,true,none
ba1f8d53-f489-44c2-b8ae-2f9a2f292594,d40c660c-e427-4d06-95cd-921afdbb715a,false,coupon_abuse
259b62c2-8962-42e5-a5e2-5832740c7f6d,a777fba9-3bdf-41b9-8f0a-0e62633a2102,false,none
eec2bd7e-0554-4e68-b332-7ace2eca2eab,69f034e7-b01e-4689-a68d-f9a394743f23,false,coupon_abuse
0df8c297-07a8-4732-ae3a-eef73d7e4460,fb1223bd-2020-4158-a12f-9174189e8381,true,coupon_abuse
d8439663-56e0-40ed-a8cd-6c9b1b5d9e5f,9b8aabae-f353-48d3-888c-468af0342228,false,coupon_abuse
776c5e13-b2cd-4256-8735-05cd783dd227,c7e9e452-3e6e-48d5-a075-ab38fc59dead,false,coupon_abuse
016c0dd2-a7da-4cbc-9576-0b1aa446ae5f,b708b844-3f5e-4d52-a8a3-db76e19e8562,true,coupon_abuse
3ef56306-a6f0-4691-a700-9d972fb9cc6b,f49c0328-630b-4819-a65c-4ce0168c668f,false,fake_account
4704939b-5082-473f-a099-a78f83cd9f95,f6894c9b-354c-4a9a-a9bb-202a101820d3,false,none
73c250e5-f0ec-4918-8b8e-077580987b38,be15de37-6896-4cf4-89a6-b9b28adb948b,true,fake_account
53e54bef-37eb-4747-a0c4-6968e1860f65,24a10256-315b-4132-a68f-459353b95d3d,true,coupon_abuse
7cca48a7-125b-42b2-9ecf-17b8f470694d,78275000-e31a-464c-b0fe-aaa6c6ac885f,true,none
cd66bece-6f8d-42d0-9cfb-ff5768d326de,cd8033c5-e3a2-4226-af96-f2a3a3dac9d8,true,none
5d6080a4-9a5a-4c8b-9783-5a4697fd2eec,c9f00807-dc4c-497f-b201-28f415808d2c,false,bot_purchase
134b8d7d-368f-4c37-8ea2-9cb4d97ca958,2a5fa318-1936-4d77-9e81-0946c749879f,false,fake_account
005f4e26-a636-4751-8eab-bdf68d7de395,312eec13-88ee-430e-96f4-38cc55bc096b,true,coupon_abuse
63b07881-5181-4540-9e4b-7a11a16d5529,addac69f-f3fd-4be7-9268-3567a427f008,false,fake_account
bd72584d-0176-474b-a814-7b10ca8e7912,8828140b-8ff4-43f7-a181-ac0d70b1b646,false,fake_account
0b1e962d-933f-4b68-88c9-05d02fc524de,f04cee4f-0f6d-4eaf-b393-0ba10d0b02d9,false,bot_purchase
97bed349-40da-4c0b-95ed-e28dfee2674d,f84a9704-0a80-4178-8b20-228d102e3a87,true,coupon_abuse
b36b705e-89ee-430d-b7bb-465f6ea05852,dbe4ac6b-fa01-46fe-950f-2e4dec14e74d,false,none
aa664c49-c567-4338-b56b-8e3bfb937adb,3b6c706b-05f3-4317-8a73-dd3e50f15f49,false,none
340d2f17-5e00-4d20-8836-38e80a95a09d,7eac8617-eb50-4e72-861c-54c2244bcda7,false,coupon_abuse
a427d306-0ddd-40b2-8efc-31cc26e49474,ec87845c-e4e0-41a5-8d1a-66e2de5093bc,false,coupon_abuse
782683e2-0b83-46c5-bc72-0f1b89ca60d9,87968b67-f28d-45c4-ad2c-7cb2621a5979,true,none
24571da0-5752-46f1-a9c9-e7fe617dd998,28df0fbc-aa70-4fd3-a399-83cc8609ee81,false,none
2668445a-1273-470c-ade9-74b797feb861,51222eb0-d68f-4dd7-be63-d78c24c68098,false,fake_account
b4710ba7-4266-496f-b292-20af70c3ed20,1d07a9f6-d998-49cb-85b1-0281f172e346,true,coupon_abuse
5fa2908b-8383-4c2a-8691-3aaa53b3a44b,71ae52cb-1b8c-4aff-85f1-943c4e168391,false,fake_account
61e2b838-d598-4b3c-8aa9-1e792c1102bf,80d57e08-fa5c-4f7c-8ba0-893c0dbb9621,true,coupon_abuse
54d31fcd-1b4b-4086-bc61-7434f8b4b2ab,b9334894-0d24-4bbf-be23-03cc295cd793,true,coupon_abuse
28949354-6f3f-4698-8347-3fdd4e6d8d9a,a7ff0b66-4dc8-4251-bb8f-28f180b5d4a5,true,bot_purchase
26f03e33-7e25-4189-bc5f-0a86448c9537,fe7aca47-2ec4-4bd5-9668-ecd3ad2058da,false,none
db4577dc-f2bc-4296-9846-060046316614,e0fbf1ce-f73a-4419-a08e-f71d68b0aff9,true,fake_account
6a6a88ec-db52-408a-acd5-2261cc5e2bed,6d2da4d4-4b0e-4307-a764-e2cb0ff999cd,false,coupon_abuse
04695f83-783b-4eee-8306-b92d054970fc,4f2877e0-7baf-49ec-b7cc-215fca46e23e,true,none
260a059c-f957-4dde-bd09-7b0223b421c1,7e328b03-fa28-4a62-9e90-ef98ec036364,true,none
ac6089ef-7558-4b64-9b84-dd0111dbd19b,c21d1d2b-f1fd-4a43-a541-a46405d3fc0f,false,none
5cb63ea4-77da-43dc-a668-de857694f3f2,61690637-ca69-4772-bbfe-2556703dd2ee,true,none
0508d329-6a1d-46fc-b7a6-0ec77ae9b5f6,64165b8b-a072-4bd8-a86d-208d0f3d7ebe,false,fake_account
ddc9fd26-772e-4b34-92fa-d30edc921411,963ea86a-f687-401c-8a17-6d812f5052b7,false,coupon_abuse
6aa1a6f4-5be8-46c5-a839-d6f04c04cc54,ae7b60e0-814b-4293-b1f8-c17a6cfec7f7,true,bot_purchase
7c9f1350-76d3-4ba7-996c-dfcd09809cf8,d84fb550-ea71-45f3-b1c6-56a794a931f1,false,fake_account
ce32550c-ba5f-4b97-a181-9ad66c287cc7,ca538319-0a2b-41b5-a809-b545301d6b12,false,coupon_abuse
83e8e814-82bc-48c0-b3ac-8e61cec649c1,ea9de3fd-9be3-41d8-ae3f-4d52eb4f91aa,true,fake_account
214271f5-e471-445f-8f65-285935fc2e27,cb9e6a4f-1c12-49e4-a715-905d74a1e868,false,bot_purchase
a529afdb-26c4-4af8-bdd8-d5a90172b9d7,a96662a7-d429-4bb7-9ab2-dba8bf6616d5,true,none
eb83825d-dfaa-49ef-a61c-9100fde4b65d,0939eec4-7338-4bc4-84a5-f13473b7803d,false,none
c77ff994-f418-43ad-86da-9278d7b26656,fc1eb013-15ae-44b2-bcc4-bb2068759762,true,bot_purchase
aabb367e-0834-4dca-bb5a-22f34f622dd6,235ec473-2409-4064-a858-0b5f38468c0b,true,none
59345882-75d7-4c10-bf80-7af1951697f9,16dd172b-c7a6-4e3f-b679-aa495dfcaed1,true,bot_purchase
dd8ea488-8dff-453c-af19-b09170af5549,620458f4-fd70-478c-9f10-46af02d8d883,false,bot_purchase
3be387d6-4616-4bc6-a0ab-f89721e16254,d55fa617-ae04-49bb-921f-8e97b69960b9,false,none
a545928a-74d9-4aa8-983d-a36f88886fb2,594517af-cfe6-4546-8c6b-3e9e1523e39c,true,fake_account
d98895c5-edb7-4282-b09a-f4462019f4d0,926c1e3f-d9d4-46f0-9d19-8679031c1d61,true,bot_purchase
2c1bfb11-928a-47b7-b345-567b56c8a0b5,c21d1d2b-f1fd-4a43-a541-a46405d3fc0f,true,fake_account
25f8ca68-054a-41c9-88ea-6b6d0d9a5f85,54efb5a9-362d-45d9-9518-2199da23336d,false,none
d6d9ee2e-3e0c-4aa5-92d6-71602d9a0de3,ddebc9c9-319f-4c88-a355-f38a0d105c2c,true,coupon_abuse
f413f567-584c-4c8b-a1d8-569bd04b8b68,e268dca3-8bd9-436a-9085-9cc723983eab,true,coupon_abuse
472c0cea-bcf9-41e8-90a0-6d980c132541,05e40121-58ed-4ca4-b45c-956ebc82f082,false,bot_purchase
6e383a35-3e05-48e3-93ee-cbea684c0f18,291f82e9-c840-43ad-89a1-077b8a8b54fa,false,bot_purchase
16eae96d-179f-488f-b061-671568eaf246,c400881a-086c-4500-bedd-67c21e4176cd,false,fake_account
84709bd0-c6f3-433f-92d2-877c959a6d19,6b042108-eaf4-4873-9a87-34b768bb47ba,false,bot_purchase
ace37e53-750b-4ace-bbf7-307b3585b5f3,02f9c358-c277-47c8-91a8-0f9ed00e9740,false,fake_account
63b2b79b-e04f-43af-bf54-fa16b5904cd6,1c1a696a-2119-4eb4-a437-3c81576101b0,false,bot_purchase
d9a1127a-60df-47fa-bd50-f45312f201d5,406cac24-f8d3-474a-9fcb-dae77c2726a9,true,coupon_abuse
9473b2cf-9bce-4cda-9942-8b95f07d1e51,306a70bf-8e83-4063-b227-8e589f2aee34,true,coupon_abuse
01754ac0-3ee7-4033-b0c5-303839752ba0,c317cd7f-17e0-4804-ac69-bb81ad8a3a15,true,fake_account
0d2e8298-b6ce-4e25-b03b-8c750b10da7b,15834c26-4b0c-4071-a514-9e9dbf86e2d1,false,bot_purchase
d8e4c4e3-6de9-4f83-9ab1-37b3ee3457af,27031a4e-9785-413a-83bc-764c56792d39,false,fake_account
01b167d2-e814-427a-b71c-dc2cc41553dd,a46c4558-8618-403a-a264-5d9d0978e998,false,coupon_abuse
71fc0eee-d883-4cab-90c3-eb705835fcb4,aa8691b3-96d0-43e6-9081-c7a73e58e3d6,false,coupon_abuse
bfd37fe3-9726-46c0-b5c1-29e9b1e69dcf,e134b495-040f-4154-9561-0ef5dc20ee5d,true,bot_purchase
2dd71cdb-bfd7-4a00-b68c-05ebc6a4d3de,90872d8e-a290-4c77-bb5a-4bde1a75b2b0,false,bot_purchase
6437da96-a8a5-42a8-ac5d-0ae156d819e6,936d9acc-8643-4e49-bf64-89bd6f92d23b,false,bot_purchase
6ebbed67-2551-4165-8b1a-e7dbd0bcd67e,989a527b-eb2e-4a92-81e6-7aeeb11118d5,false,none
dd68eed9-446b-4717-8fa6-ae6cce7fe8ff,44825dfc-2762-489f-a2bf-7dd9ef4ddef8,true,coupon_abuse
db54d557-e67b-43a8-b48d-a51484b52cd6,d423ad5b-9aaa-43f8-9ee0-fa22fcd7ac3c,false,bot_purchase
e45ad45a-6e70-4722-90af-6a770471e359,4ad8604f-3b97-409d-bbb5-dd24f77ffd20,true,fake_account
81910039-0e6f-4930-b1ff-073751a3cbbf,7b831b82-05b1-4254-abde-5d6296cdffe5,false,fake_account
f11e8555-f1bc-49f6-b694-25ab56d2cc1e,2c1ffb21-233c-4526-9fda-208cd840e1bb,true,coupon_abuse
71edc0ca-1bca-4199-975e-dcb76ad3dd63,da8a2102-d0e8-48c1-ae87-abbde2c7e3ca,false,fake_account
e7836395-486d-4e7a-8d48-8da9e81293c2,a8cd4069-9978-4d07-815b-9a99950a5e05,true,none
cacc09d5-2125-42ba-bdea-308bf56fd6da,9dfd3a41-48bc-4a9d-88b7-f31ee06776b0,true,coupon_abuse
b9263c9f-eaa8-4c19-bcef-eefbe1705293,5044cce8-a380-4224-9b6a-1cb5d1e98cfa,true,bot_purchase
6853711a-f6c9-48d6-a5d7-19434c4edfca,202a9513-cda0-4655-a66f-661f3353f35e,true,none
92d31c70-6e68-49b1-a023-944da8c81557,840d5c1a-9b7c-4550-8272-93676c5caf1c,true,coupon_abuse
e91fc9ba-2e04-4c13-bfbc-722ed0824f5d,70ecd451-bb61-4fb4-a998-a58a324294a7,true,bot_purchase
b27d6b9b-4a70-48a6-9dd7-673c221e2481,87a049e3-fc95-4fda-8358-23feae59a372,true,fake_account
e3901426-20b6-4493-9152-aa9cee5d7f64,a8157dde-c9b7-4ab7-8429-c186dc3c56ac,false,fake_account
152d37d7-fa8d-49e5-a66c-baee4ed32f4c,f9607398-2116-4016-a935-19f5e514bf92,false,coupon_abuse
96eac205-de41-4167-9720-63fb6fec2b64,6f9350aa-2b97-439c-bebc-56a85955caa5,true,fake_account
7752ae44-006e-4d59-a15a-237c73bbf9ba,dc1acb80-957f-4fd3-b3d7-b59e99454515,true,bot_purchase
5334fd23-e125-4907-b1e7-9cdeede09e25,a1f9cc9a-f0fa-4b8f-9fbd-6bcefde77446,true,bot_purchase
22b8587f-ef77-4d72-a4d7-d278074577b2,08797f92-7f5d-42c7-83f1-bdb0848554be,false,coupon_abuse
b4f94636-65c0-49a6-ad3a-34a3e9d85f0b,0d0bae81-df3e-4fef-a1c8-58251b9ff679,true,bot_purchase
fe7c066a-2c8e-460b-b9fd-b5c0d83ecdc0,cfec728e-b92b-41de-8ccf-cc7e1aab3512,true,fake_account
1366edfa-d93b-4a8b-ad4c-4edc6b155212,27c886df-ce5d-4252-a94d-e572a50c1ac7,true,fake_account
e536cf93-60c2-43e8-b5b1-c21382d3ad8b,93356c27-20b7-426f-82fd-9e97c64e1667,true,none
ac476992-1070-4694-ba6f-a4e08b4def56,8344c8f5-3e60-47f7-992d-ff15f0b5b1d9,true,fake_account
f81cec9e-a5b5-4ad1-8848-26167a5a2864,d6d8c389-e3a9-41ad-92cd-47a6589371db,true,fake_account
379a138c-6036-4bdf-9f20-8c259204b9ea,ef13b116-0368-4634-b213-b04412fa8c6e,false,fake_account
5f63e893-bb15-40c4-80f4-76dc98d2a800,f345653d-9ddb-4c56-b99f-dec45df5e90d,true,bot_purchase
a64a06c9-6b67-45d2-b3f9-62d2fcd42ce1,b3f06441-399a-425c-b4a2-81f7bad32bf2,false,none
68d2342b-bb95-4be7-9839-8b537a521bef,dc8c7a9c-b72b-4f2d-935a-7b747a0809e0,false,fake_account
1296365e-d5e8-4307-84e0-0b9d2da939e1,0e594426-065a-4e9d-8af5-958c7824fdea,false,none
864ac447-2ced-4641-b1ca-8702b0964e02,49442683-37a2-4bf8-adce-e20b02acc44c,false,coupon_abuse
6b1b5df0-6063-4225-9e66-dc1245272663,f6fbbd41-4d5d-4c9f-bd08-10aa624bd0db,false,coupon_abuse
3c55309c-ac72-4d41-b6bd-d5feaca43b6b,6f3ddf90-0308-4009-ad2a-69f0fe944c4a,true,bot_purchase
afb2a09b-838a-4861-9daa-b3aada3b24c8,438421ab-867b-48d1-b0c5-7053087f33de,false,none
cb2a8733-63d7-4b99-bb18-7f6f3d1eede9,24a10256-315b-4132-a68f-459353b95d3d,false,coupon_abuse
31dfe4e1-c568-4a51-b51c-b59242c0d869,929b2d3f-a912-4363-bfc8-b2793050dfc5,true,none
7586ebb1-a760-4482-ad9f-090d247fe14d,bfca041c-b15e-4318-964a-288859dbf5a8,true,fake_account
699a4a07-7761-4607-b011-0edf0892a826,bd3c7a66-d125-4ed3-aa6e-5cf17d9b3976,true,bot_purchase
b372eb03-8773-4cd9-81e9-99f4ccde9135,bbca710f-71a1-4bf0-8ac1-ba488163720d,true,coupon_abuse
3b5dcc3a-84e3-4456-a393-8add5c5af252,a32925e4-db66-4fb8-8929-de59fec03595,false,coupon_abuse
243ce573-735f-466a-86cc-a437642240d9,fa5f5230-fdb9-47ba-bc3b-7bf324f76d8e,false,bot_purchase
2841e9d7-91db-4c2f-a585-2946dfde6add,681a4d61-4f53-442c-8190-9f80e6f7c5ce,true,coupon_abuse
0d20d03b-a685-4434-8c39-59c33f2b44f6,ae7079e2-645d-40d6-890b-7842941fcdee,false,none
8dd947a4-5533-44a6-92e5-f148624a1275,5c3fc647-a816-4b7e-b766-739692a7a833,false,bot_purchase
5d546e9c-dbdf-44f1-ab4d-d2c2251fa054,af617cb2-5393-4cab-9d68-696181bac3c1,false,fake_account
3aa9a791-a6cd-4a40-8328-96ea2f6f6c19,996a0ea2-0b13-44c6-a879-9fa6d09b0d48,true,coupon_abuse
07e95b47-4230-497c-a832-69d9d6da241e,290ddfb5-9c85-41b7-9ffd-df03fdcba3aa,true,bot_purchase
1c6c916f-d21f-409f-9853-7a900d4d7c6a,940bf89c-af3a-44cb-a8d9-699026fd1da9,true,fake_account
2e3026f7-8d5d-45b6-9bbb-99ede035aed6,7cd4335d-a943-423d-ad3e-e304b7b3e2f5,true,bot_purchase
88a1bed6-949b-46ec-a2d5-3d9ffe85a049,90a8ebc1-9ae4-4654-a85d-daa8f86556d2,true,bot_purchase
4acbe66d-5954-4912-ad5a-7004be724442,f66be4c8-4f7e-4b44-bb61-4f7a7873415d,false,bot_purchase
13ee4305-00ad-4094-b703-fe6768fc95e8,028631f4-ffd8-43eb-866e-523677cf57bd,false,bot_purchase
7ab2c3b8-c1b5-43a0-b7a0-e2da5df601be,472f10a7-0253-4bd8-9b2f-85cfd8fceee9,true,bot_purchase
81bb5554-3b1e-4bc9-b6e8-5849478c7c87,20468453-682b-4d69-8dbf-9775b3ee2800,true,fake_account
7e465cc9-f618-4da2-8a4d-db7f01f49ef8,32805923-42cb-42b9-83f0-9ac0958b25f6,false,bot_purchase
c578cefd-d2c2-4f98-a808-860531f537ef,3d2b334b-08ee-4606-b4a6-bffefa0d0492,false,none
c1dee45a-f506-4a23-a2ce-a67aa22ebca6,0e8f094c-c791-4197-b69a-1549c087892a,false,bot_purchase
e61760d7-9523-4464-be49-a3bdfc5a03c8,386fdae2-9411-407d-9e20-e4d2229b4842,true,none
f14bad5e-8bd9-4d1d-b405-4bbe2f29cbd5,989a527b-eb2e-4a92-81e6-7aeeb11118d5,false,coupon_abuse
e770ad14-fff4-4ed5-baad-f23f14fe3879,ef32efa3-882b-49f3-a94e-94eac568387a,true,fake_account
bd643e3e-84cb-4b29-89a2-70642d59a56f,a1eee308-5044-401d-afc2-6e55ee92adcc,false,none
a6468f38-ead8-4344-8de7-f403b12b3f1a,d8ca3966-1289-4c4a-a279-5a63bfde2c90,true,bot_purchase
bdfb8b20-4e76-4751-918e-c1fb6966c6a7,e5826303-1dbb-433f-a94a-f37d681612bc,true,none
f640eda7-1ff5-40ef-99da-56e584700064,2ad72234-278e-4ddb-973b-8d11c8371c59,false,coupon_abuse
fb99003b-7c30-48b9-acb2-5c00e31c5d65,d117f778-593a-4984-8ee8-aa0e66f9eb90,true,bot_purchase
90ff6486-d83c-497c-ad3c-a77d83c1cd6a,81d769cb-35bf-423e-b001-96e4bf877c12,false,bot_purchase
533cac6c-8feb-4581-8133-b49b9cc251e6,6b6ba074-fc05-4e2d-b31e-cc61193286f3,true,coupon_abuse
844f0bc2-2edb-460e-bede-1ae2c423fe2d,de81bc14-6f7c-4528-84da-919a15b93627,true,coupon_abuse
fae52e8b-e01c-4d42-8c19-2c0bb2c8b509,261b564e-a880-4e1d-b1fa-bc9e6b03892f,true,coupon_abuse
b30086db-290e-4c39-8617-e5916581da30,9cb2d486-2f18-4836-8a8a-33c966a204f8,true,none
f9ca26a5-d5ae-40a0-9b62-493591974bad,cd19b20c-da51-4b0c-a1b5-028fd0561274,false,fake_account
f3147353-8b52-4b74-adcf-74e255fd6371,5629e099-da29-4016-9c8a-77cdb7d1eba6,true,none
980ad155-237e-4514-be6e-cde84066da46,b86e829a-d382-4d27-ace5-d36ba880c1b9,false,coupon_abuse
17a4eb5b-b403-40e2-ab98-03c0857fbd89,afaa7028-b45d-4d0c-af9c-5d949e8838e5,false,bot_purchase
4fabff5b-6143-4772-a527-b2983b4e60a7,2fb8942b-0b6e-4fdb-9967-4816808fd2a2,true,coupon_abuse
69a22b1f-cacf-4b45-8853-58248ba98b74,f0a5ead0-3cfe-4331-9c8a-e7e40f90b6a0,true,fake_account
ee3d0890-310a-4718-b9ab-239035cb1a12,b6bcd027-bd6c-48c6-a3f6-c62e53c67ffd,true,coupon_abuse
b852e5e0-86a0-4481-9bb2-6f5d77f1eebc,d56cfdc0-6965-4e14-98e0-45be8280f966,false,coupon_abuse
8da02b43-ccdc-496e-a3dd-a648e4b014c8,b88da330-be24-4227-8b00-d3fe9ac65e73,false,fake_account
8f35d0ee-6ac1-43e3-bb42-04d309dd13a6,dd38d5a0-80ad-4931-8632-bf8303b48223,true,none
9dafc1f3-a902-4965-b1d6-6c3a99e643dc,d023498f-cf3f-453b-abca-a36b2cb2fe8f,true,coupon_abuse
6ad2e120-35aa-49e9-bdad-1881163e35f4,54f41bb5-21ed-433c-b0a9-57e3372b15da,false,fake_account
b410315b-c243-44bb-a051-6e5dad91d5a5,986c3752-cbc7-4ac4-b744-ca0fc2458431,true,none
7e079e7f-20b7-431b-8935-5249e5309253,99b36e03-b262-472a-a1eb-2f8f2afe6719,true,coupon_abuse
c1c95f9b-896f-428e-8759-c8d15d1e5916,d5d1fd87-7bd2-4aa1-8c84-ad0bc4bd8d98,false,fake_account
3f67fde5-2825-4a26-bda0-5b1a7d31986f,2ba23693-de4d-4498-a4f0-a25809707c27,false,coupon_abuse
ba917f16-1ff2-4cc4-b065-9fdc60172f2c,b85af1b0-20ec-4a7a-a0e9-649cb8efe2ac,true,coupon_abuse
ba886cfc-3221-4245-b0d0-4c9ccea05939,52d6a835-c9b6-4ad6-ba08-fcf14d97e450,false,bot_purchase
925a986c-592e-4a50-af00-63ab45474e7d,735294b2-0bb6-46e9-b061-a014d9e04361,true,bot_purchase
5039262f-90db-4c83-91bb-238bd7f99157,1399c9b1-e328-46dd-a1b1-09d1bcab38da,false,fake_account
7248391d-9e11-47f2-81b5-818be086cc4b,dfed6420-e039-45aa-8233-b06b2e76b73d,true,fake_account
80f968a7-a6cf-4570-9000-ec047d1423b5,080eb17a-8c5f-40ee-8aba-6a4b33d73361,false,bot_purchase
1182c8c9-bb4a-4e58-a492-04dfcf6f20f3,473c5e50-ff7f-47db-9d4b-a1a00352f0d7,true,none
3328ec81-7f63-426e-9fd1-1809041437b1,4eb04d92-b976-4035-9b0e-995df8de2e93,false,coupon_abuse
dace93b5-7362-49ad-9397-88a48831a5f1,7904b986-3476-41ed-bea5-1e6783e34c08,true,fake_account
b1d8a687-5e2d-4ba9-8a34-97c9d3f47d77,d0708a7b-27be-4154-aa98-a145dc289a0a,false,fake_account
2358833d-1f84-4b48-9a62-85298198cb5e,dc52e96a-6f9c-4818-89c3-27dbc811883b,true,fake_account
bbad1bf4-f8b2-41c3-a049-ae7d258c025f,6251a507-de79-4394-b9ee-6f69aa59de41,false,fake_account
5c836c8a-0c59-4ee8-ade8-2c5ecf76c06c,d73ea493-bda3-4630-89fe-76693f7fd022,true,none
25a0bddb-18ad-411e-8fdd-b945e015dc4c,96fd7ee5-38e8-4271-a650-86e2ea440637,false,fake_account
a6c5a182-4b38-4d9f-9988-c2f93099b933,702738bf-27c8-4801-8935-93bea33cf69b,true,fake_account
8e262b4d-db98-4a09-8e0f-04089c78b173,bc06cd0d-c3cc-4b50-9578-bb879e8c1230,false,coupon_abuse
eb7119bb-76c6-44d3-8afd-4f130e994e2f,ffa7be2a-26bb-4105-9941-b1dc88118810,true,coupon_abuse
e9df7a6a-b267-4376-9105-2533fd81fe04,5e59365c-ef98-40f0-8f87-8932d6c72750,true,bot_purchase
1277cbb9-c9f0-4aca-a0d8-e10ff17dbd91,b8e4dd8a-7513-4b00-87c2-31c279c89d6f,false,bot_purchase
91fb6000-ace0-4ce3-924e-58a9d67c4501,4d85ac3a-5d1e-4a2e-a94a-134e2b2b0f15,true,coupon_abuse
474bee08-3949-40b4-9849-0bbdc7ae10da,6352fab7-bf1e-410f-b3bf-ccbbc0cf78ad,false,bot_purchase
1a77bfd2-35f3-47c5-98d2-93c21516b32c,a7690d1b-1f77-45df-acb2-ad4cd1d9e301,true,bot_purchase
06218047-d9b9-4f25-88d6-a35dcbb84ac9,acd3216d-49c1-4c8f-9c21-ea2fb8a5e849,true,bot_purchase
3a2adcf9-7b5d-4c26-ab76-3da2e42d47ae,999b9c3b-103b-4097-bdee-a80fa6579222,true,none
b3da248e-b23f-4d04-96a1-7610da70a7e4,2089b7c1-760a-428c-889f-29e83db399d6,true,fake_account
59f48d0b-35c0-4fcd-82d1-b53f8352fd31,2364c26f-da45-451d-a4a5-7e5e89fc0dce,true,fake_account
f8c80bd6-01a3-4371-ac9e-81659686711b,27a59d3d-68bf-45eb-8239-b8ba92d0253f,true,fake_account
6cd5b77d-3651-4578-800c-265f3d80f9d1,98986ab4-1e9d-4e7e-a8fe-c1c72cd062a6,false,fake_account
4a95ba40-0bf5-4d85-b8d8-c055e6929b72,014b159d-ec3a-472a-914f-817d852ef3ee,true,bot_purchase
0791d1f9-be4d-4bdd-aabe-a33493932559,862e85ff-0786-4c44-bafe-d7de558abab9,false,coupon_abuse
ff3080fa-f10b-4a0f-ab2f-9c797ea3fe6c,eb1ba796-714a-4293-aa89-910f97490e57,true,none
a20a6f99-6d41-4bb7-8c24-f1785d6220ef,24302016-1fb3-4846-a2a7-51c645a9e17a,false,bot_purchase
6d928a13-af61-4577-9c5a-8c108c1f2139,fd412402-7a55-4862-82d4-206709d79bc6,true,none
d58b5ea8-73e7-4871-9b6a-7bdd30389f56,e2fadde1-a6e7-4fc1-ab2c-24ce6007336a,false,coupon_abuse
155be9a1-6a1d-4b1b-832d-109e98974321,47ae15c1-8a39-43f8-8760-ca4e71c7645b,true,none
4012e17e-5325-4f5b-a895-e318b1153027,229223ad-9152-40d7-a61b-a275d42ea6d7,true,coupon_abuse
54c057f7-70bf-45ee-b345-ae3be6d6c77c,2489b2ba-4ae1-4d75-9e56-63b2d61dd56f,false,coupon_abuse
96dece40-3028-46a9-ad49-0faaf210be6f,59479aec-bb21-4021-a32a-3213907e2772,false,none
676d8bd0-0359-4df1-ae4a-f112f1e00b3f,62a90e6a-6b10-4168-a62f-7a6b6a34c88f,true,bot_purchase
83abe4e3-df4a-4059-b5d9-f14aed173914,d4ed1922-94d0-48ce-b753-8b20871b6e6f,true,none
18c42297-c11d-479e-8c69-49796acdaa36,4b51fe7d-4c39-4c4e-b120-6d4aa70beecc,true,fake_account
7f9faf2f-5d87-48ed-a5ff-fab6ff0342ac,10637ea2-7346-4315-8e23-8731cc1391ac,true,bot_purchase
525d4624-3148-40ed-8270-ac996acb8c44,786cfb52-c562-45d9-894d-37d9b3aa2176,true,fake_account
d95f923c-32fc-4b5e-89a9-79a78aa5f92d,82417d17-440b-41f3-8767-d60e633a07fc,true,bot_purchase
433de800-acd2-401a-842e-616f05fed962,3657dfcc-6c26-4727-a28d-c698f26ef12c,false,fake_account
e8c0f07d-31c0-46da-9d48-60cecb67581d,1778209b-bdda-476e-a4df-cc5b1541bdc6,true,bot_purchase
61b9fc0d-e238-4e55-a3d8-a2161a47975c,97301073-acc5-44e9-afe0-8c807c9b7441,true,fake_account
7c947290-7a34-49fd-8a8c-528330a769cb,b4e2cdef-c4e6-46fc-b262-092a6856d3d9,true,coupon_abuse
cbdd7114-a23d-43ce-b144-de49b9d7b76a,5df10adc-3680-4bb7-b1a9-43f51487b1b7,true,none
9cb4e316-85aa-4ee5-91ad-ba8b02e14d0b,01697ff3-789f-4233-823a-68ada7083f0e,false,none
43437cc9-4a4d-4d04-8a43-8cb2c852ffb3,acc22492-35d8-402b-9344-42659ebbd88b,false,coupon_abuse
c112e93b-d96d-44fb-a89a-01d67e93ba0b,de7b3a36-d768-417f-94e5-03f1bb35bc23,true,fake_account
9a538eb3-bc39-4e95-ab7e-85e4ca0d5c53,49c6a2d8-e9f6-4650-a67b-6fd3799548ae,true,none
47f12705-e992-472e-93f9-dfa2dbcfa1a5,f2589cc7-2403-4f01-b6e8-a370d6443008,true,coupon_abuse
bc0df2b8-29d6-46f1-87bc-444eed18530c,4f774a79-0c3c-4cb9-953c-975a82f926f8,true,bot_purchase
e151de60-cf09-4b03-af1f-61f70d815823,e017bccd-e607-4ce3-bf97-9b95f0b1a97a,true,none
4acdd102-d985-4606-b5bc-96d24cbc6e4f,b6479205-a705-4353-bf1b-53904fb5aacb,true,coupon_abuse
99a331c9-ee9e-4197-bb52-a0232e3127fa,dcf26951-c2ba-40df-bc1b-5db5b63f195c,false,bot_purchase
a08b56a1-3151-4d13-9b0b-5c1d4034d261,81657e03-05bf-4164-9797-489a2363642b,true,fake_account
7c645888-f6bf-4e9f-9602-c7cbad4f1ca2,9f47c31e-fe99-4a54-bdfa-582bd6236aa0,true,bot_purchase
dd97b408-ed3f-40b8-8e03-b3cffdc81f11,9a024027-b704-4690-bbe6-a3d1eb79fd80,false,bot_purchase
4c4ee9da-9ae3-4de0-90e4-fc919c5644d3,523dd4d0-118b-4fe3-88f7-dffb4fbcb7e7,false,coupon_abuse
eb6b37a0-3e9a-413d-b382-2a7bd78ad5da,65bf3ef3-a04a-4cb3-ab87-50d63aceed25,false,fake_account
d6cfed68-465f-4f4e-9d7c-6c73114748f4,f7274f54-e92a-4fe2-a5d6-f7a1f73cbe4c,true,bot_purchase
9a1433da-0e29-4d59-97b5-01e884ecb084,c21a8ba3-e250-46ca-a024-aa03a4aa2a51,false,fake_account
71bdc9b5-b1c2-493e-a1e2-e8ab7c202eed,14470d86-c7ea-4be8-a13f-0645d987d274,true,coupon_abuse
31f0df06-9739-447f-8ea3-53b029c01867,4cb88ff2-dc9f-4952-aaf1-a5ed3d8b15c8,true,bot_purchase
abdf2d83-480f-447d-881f-74a8959ab4b0,e51a0049-ccd6-4020-bf36-721ed4757488,false,fake_account
02acc6ca-9b7b-4974-9c06-e84fa16ca975,88eff95c-9873-478b-9707-727c7e4458b7,false,none
4dc233c2-0aac-450d-b145-4b289efaa838,790ce006-81ea-45a3-bcf0-86e827a7cad4,true,bot_purchase
a0ede4f4-7eba-4428-a55a-1120abd0910b,c804b7f5-41d8-403b-b929-c73674c5506e,false,fake_account
f7d8131b-a710-4e41-b1ed-03ca661e2807,1cd78d29-ffab-432b-8016-c3c81c59cdb5,false,fake_account
4c98c2a6-7a1a-4607-831c-4578b831e4bf,06e9c190-bae5-4761-a9d1-9e646934c913,true,fake_account
6b2882a5-da55-4229-b290-3ee100a0a07e,ecbae6df-2838-408e-b55c-a06ff9c73cd5,false,coupon_abuse
b27c1f6b-d5f0-4c21-bcfa-7541ec39a05f,6e2766a9-0b38-4b3a-9ab5-1f60a9214ec3,true,fake_account
05051432-234d-41b4-b1a8-0ee06ed37f37,99b36e03-b262-472a-a1eb-2f8f2afe6719,false,fake_account
f5836187-9f9e-4919-957c-4fb2c29a82e9,386fdae2-9411-407d-9e20-e4d2229b4842,false,fake_account
245a8610-0f49-4f0c-a4cc-e5634859cf0c,18b55372-8f4d-4e9f-b6a6-122c03648dc6,true,fake_account
de108c49-2868-4e5c-a4f4-9065423df940,c04f7d7e-a712-40fc-9372-43a4db42a36d,true,fake_account
4ba4b8df-2d49-4af0-80d0-a0bddb01c885,4ad8604f-3b97-409d-bbb5-dd24f77ffd20,false,none
15b2e780-8672-450f-b596-115ac548b4cd,e2ea3208-e3f3-4c0d-94f4-a5be82f71568,true,none
cd455e1d-f055-4928-bcb0-471ec9dafe1e,378a84fb-5c6e-4875-bc7c-f900cee3d890,true,bot_purchase
0f4fa588-bfb6-40e2-8fc5-451b51de3db9,5d8bc47d-6c4d-48fe-86e4-d2d4b1bb8dc6,true,none
8594ff9d-203b-4aad-99ff-c83716ed21a1,4c40be59-7a8b-4551-945c-08113fa92f6d,false,coupon_abuse
02c6e3a4-8d1b-4668-bd08-8ea61692caca,178a16d9-7da3-451b-a9ac-20a2de234035,false,none
c22da53a-13bc-4e41-905e-eb272089100d,e527e547-d239-4e17-957c-e51df16fd04f,true,fake_account
364613b6-bfb5-4039-8a38-55798ad2a05e,710f8216-97a2-4464-a799-a3583ff1bd2a,true,fake_account
2c9b7f2f-5dda-4c11-aa11-7d29a248bd13,13a7d192-daac-420f-baf3-19fe42b2bd73,false,none
6a8cae6b-bacf-42b2-bb6f-18783ae25b80,40af0d9f-81b1-4505-912c-5676e43f989d,false,none
136f5429-cc44-4be6-9743-493d87196d68,00c91446-3da5-4c6e-a609-cc5ebace0be5,true,none
dbcacabf-5ed1-4036-86c8-a5a085405a42,b2cca564-128f-4d62-ae3e-a4669f456c9d,false,bot_purchase
23f40ef9-be98-428c-9661-9b048c3a339c,82ed1602-5cf1-480f-9601-26d8bd1fc94c,true,bot_purchase
38484c4f-6571-49b0-8d5e-e8c8cd0fcc74,f323bc4e-fd38-429a-af57-7622639fa27e,true,none
a18dc76b-1e11-4355-b411-5e78b06fbd97,937c4b2d-9145-4110-9caf-48c3ccae4578,true,fake_account
ab1a4f90-ffe0-4a1b-8b96-5ea1653326bc,9687a023-acf7-4d8e-a74c-1d8e8639e96b,true,coupon_abuse
6906ab06-59bf-4b91-915d-97a4285694b9,1bd2ec07-2b7d-4973-8701-e73040e5a57f,true,bot_purchase
fc964beb-74bd-4c5a-8b61-eefcd78f3705,e16b512b-98cc-4754-bac0-9f753f9bce4c,true,fake_account
ba8bb76b-50a4-4372-a417-bf1357d789d4,6ffc20e8-5012-4257-9e81-a70b6f2b4731,true,coupon_abuse
0d00336f-ed1a-45a1-a73e-eb5801a02ea4,bb8a3dd6-af60-45d8-9892-f1882e70994f,true,fake_account
cd99ce2d-94fc-4327-a514-50a0002dc6d2,5c46fc7a-e1c3-4c80-971a-1bd5b2068208,false,coupon_abuse
c986569d-57f5-426f-b7eb-322648770a1a,a99b6d17-a556-49e2-94c2-80662549cd80,false,bot_purchase
f1ed3755-84ba-47de-bde4-c8f988eec8ad,c1288e28-6fdf-41a7-9de9-3d4b71aa7145,false,fake_account
4ef81c91-0a99-45b2-a177-8c386525ae50,bb76cc64-d601-4974-b401-df6d0a3603cd,false,fake_account
008149df-014e-45fa-a673-1827dc8315c8,d99cee39-14ea-43a4-b3e6-9c604c8822a8,true,bot_purchase
815e0561-dae7-41a4-bdc6-0b93e43e05f2,81bdfef9-3a58-40b8-b635-788b2a016fe3,true,none
3b0af364-9b0f-4b29-958d-e7f2efc33ecb,9d2bacbb-d586-4aed-8ff9-f9615853681e,false,bot_purchase
6a356cdb-be2d-4520-b258-b31c455b9090,65a0aefc-7edf-437f-a911-5b6f9e6329b3,true,none
f9d08f49-cf53-4f6b-a746-603c6954cc05,a979fc5c-349e-4466-8334-adcdac5e5688,true,none
08c4c3f0-a1fc-4e3e-a217-1ed1e6968cbf,fec6e631-054e-491d-a848-15568c8de6fe,false,coupon_abuse
993af076-0821-422e-bff3-4520f75a4157,93654d4c-c54f-47d3-9ab2-971c39541e7c,false,coupon_abuse
72db1abd-4ee4-40e1-bc2f-24e8e2dade05,2605c0ba-7751-4d16-a462-5cfde6415649,true,bot_purchase
bfa5107c-6f02-4c15-9b92-2d7cdeb74564,657dd7cc-3fef-4564-8724-1be9f4efd4a7,false,bot_purchase
613848e4-9a18-4d5a-9592-f5486c6675fe,3a6b4c72-6d46-4d6e-a609-b5693595b464,false,fake_account
21570c37-8d1a-4c07-9b9a-c822fee2849b,e1ca49dd-3b54-4b29-aeba-c5e40e2e006f,false,none
7e219fc0-f397-4f0b-ac60-f0a1706ec41a,31e8abcb-10f2-4b6b-a004-84d2b892b20f,false,coupon_abuse
aace6eb4-243a-46ef-9e19-99dde71a561d,542da2c8-5966-4152-9375-cbe15bbd9c4a,true,bot_purchase
b44ea202-594f-461f-9f34-c6e61ebda66c,58d5d947-8a32-4422-a832-5d3bf4c9326f,false,bot_purchase
2c8fb54c-4491-4400-beed-6ff13b57a6d7,302c0b9e-1f82-4cf7-bc11-ab62b567dd1e,true,bot_purchase
459894ea-3dd2-4d7a-946b-ecdab34561e7,a2b7ebcd-496a-468e-afb5-b7db380ef881,true,bot_purchase
c70b76d8-dffd-429f-899f-0ddbd8ef0a5c,7d75f025-0f2b-43e0-80c5-a1fd22a1a19d,false,none
f73c7632-ab2a-43ef-a034-37742dadd167,b0fbf3de-c8e1-45cb-af55-ed391af8783d,false,bot_purchase
48fe6dc2-7933-4a6f-81e8-16832b12fbb9,dc25844b-48f5-4132-82d4-68d880733ddf,false,none
f24934ef-f551-46f5-831b-97b95eabe617,0ad23921-22c9-4fb1-93a1-07974430622e,false,none
501049fb-0212-4a6c-b760-539bb6dedc4e,3badd6e5-a67c-4261-8d91-1173e8dbbf68,true,fake_account
3ce5cbc1-5c1c-4287-90c8-a612fa1758d6,4015a57a-da34-4859-afac-51d4475a9668,true,fake_account
e2c1a89c-4f7f-476a-bdc3-7a4b3f84514e,5ff68a45-1757-4090-9e62-42a4d23d3509,false,coupon_abuse
640e813f-ce55-4ad4-81f0-6df4fca2aafc,d0bb6043-0020-4cdb-9d85-2c8a1b612fc8,true,bot_purchase
bebe4ae1-45ac-4ddd-a9b6-e4e5496669b8,90ef8b48-8d4b-453b-862c-50b86152553a,true,fake_account
0d8d8fc2-bbbd-40d3-a731-8dcd2343e9fd,7f987526-0a6d-44f9-a2be-2be733dafef2,false,bot_purchase
f4cc1821-094b-48ab-8643-89259d59518a,2cdb1004-d9a8-47b5-a5a6-4d11fd00eda8,true,bot_purchase
a581e130-98c9-4855-bcf7-15a6c3c8e945,5366e466-c6f0-4d8b-b9bc-228434f90886,false,coupon_abuse
e25ed168-738b-478a-96ae-0372e6429ee2,6e38e722-a9de-4c20-a77f-4dd0dbe7959c,true,bot_purchase
5b6dbd7b-2719-4ef5-ab69-561385fca80d,8793f940-9750-4cc9-bbd7-c76d84aa94c5,true,coupon_abuse
32989496-1e2a-4165-b1eb-638ce1bf895c,d36df6cc-505b-40e2-a38f-b63ac8beccde,false,none
346c6205-2f07-4411-b98b-7a681d76736c,1f072f26-51c3-40d9-94be-e7757f6c1c8b,true,bot_purchase
81267034-98db-4bf7-88b6-63aa8972219e,c24d6497-b2b8-43a5-b97a-dce6f90a7574,true,coupon_abuse
12406fe9-4395-4d3d-aa51-0761f4816baa,65c36c39-89ec-4c53-aa3b-e0b04d1ec247,false,coupon_abuse
df03b3a2-a447-4340-a4ea-bd2aae5ca432,b54fabe4-3176-4633-8d07-4e79173582cc,false,bot_purchase
27484eff-49fb-4876-8ec9-60333c69d3a5,1469938a-251e-4e35-8820-c33b48910a6f,true,none
dda35f3d-aba7-48f8-b2eb-1748ecdf19ba,4bfb566e-bd6d-43a1-8732-fc9e39fcc4b3,false,none
a6f669d2-35b8-4b11-9888-c30fdeea7e89,cf98479e-17e3-4889-bc3d-48827e770758,false,fake_account
7c33d095-98af-4204-881f-92a7d9adfffb,5ef0559b-8a04-40f0-9d74-d9f28b29ebaf,false,bot_purchase
cb15bd0d-e520-424b-a934-ca0d79fbe191,2ce7facf-201b-436d-822d-dfe38ef64542,false,none
bb29ba41-24eb-4661-9383-304c053a25d7,26ee99a4-f712-46b1-9aba-933c72ead5d9,false,fake_account
a18f68b4-e13c-4bed-a1f6-0288cb627097,402b54d9-98e3-4fe7-8166-c3098d9f8a67,false,fake_account
177e590b-138d-4e32-b2db-945a730d051e,32a6542d-6cd1-48f8-a401-8ccd041f0573,false,bot_purchase
0588cabc-d097-4bfe-8e24-b27d158ad237,4addb78b-74bc-4ed4-b540-3ee919d52344,true,fake_account
42e22dcc-7907-4dd6-820f-8a1ba33a7a67,c9d9d8a9-8ac0-47d9-9ed8-544043d00a64,true,none
f1345bbd-88e4-4298-b04e-a9ed47859279,4d64647a-5bb5-4d37-b3ba-7cf4b90b2266,true,none
2d77199b-a61a-4d77-953c-909db69e50eb,83acdf56-5221-4d08-92fd-243145b4307f,false,coupon_abuse
0b97795b-8417-4d87-a3c5-9ace211093e7,f6b8d032-b4c8-483e-9a5d-8690e353be94,false,none
92d78082-9aef-4951-853b-a79fa1956917,4b117359-e3df-424f-baa7-bf37696aa69c,true,bot_purchase
13c1389e-d6a9-48e7-a203-3e0aaec60be9,bb0630ab-e898-4376-949c-daa6a1c5eaca,true,bot_purchase
bd4f0a75-f696-4ac5-99eb-647104d95720,166f5080-13b4-41d0-b644-afc873aa95c3,true,bot_purchase
ca5f580a-f623-432e-8caa-a42fd8bdfef0,7923173c-3660-432c-a1ab-631e648376f2,false,bot_purchase
a9c4d1b0-4c69-4748-b3d3-1c4134d9ccb1,1fc3e6fb-7882-4890-913a-97b3515dcdd8,false,coupon_abuse
520c5c41-9a14-4e7f-8c32-5dc9e7ba79dd,eb3e4489-d82c-47f3-9cc3-c11900a28ab8,true,none
ecd88435-d5f5-42f1-bdd8-90b5c112b3aa,6f96f1fa-cd39-4778-8985-cea9c78d8154,false,bot_purchase
46bf9e1e-8dc1-4209-ab31-bb2ad9fb6ae2,f5bbdbd7-3cba-4101-b404-c3f7846dd7fc,true,none
94f3b086-8f44-41bd-9b12-6b1b8b3a48f9,12db042e-8afa-4924-bb07-379f17cb435e,true,coupon_abuse
2c799a33-94ac-49e1-ba73-2ab0ca2783b8,378a84fb-5c6e-4875-bc7c-f900cee3d890,false,none
65d51607-568c-4c69-8fe8-0bc3bc3a89b4,ceeda312-6ad7-49d3-aa7c-e51b5b81140e,true,none
ca21ca16-ee2f-4bd9-bf65-9c88128a9b03,ea23a091-5d4b-4b07-b4fb-05037ad67d7a,true,fake_account
2766ff1d-7778-48e0-9f6f-a52ef8316136,b69a58fe-115e-4b5d-a88d-897d2126e209,true,coupon_abuse
b3e1cee3-8450-409d-a5c3-ddffe59aec1a,3eef6793-02fa-496f-9d75-48aea2de1cf9,true,bot_purchase
8e8857e0-7105-4737-9e8d-af17eba821ad,299336ad-4912-4fec-b6f6-aa596431c7fa,true,none
183395e6-96f0-4f1f-a16d-d96c5a9dd6ab,fb89bc15-7628-47a3-9e7e-1e499d208e37,true,coupon_abuse
f2a87c5b-c82c-4b7b-a1f9-f897639c6296,3afa1165-b823-43ff-a467-0aaea3c43fe3,false,fake_account
cfacc93a-4aea-4062-813a-a747c1bc67ec,49a6f1c4-2c72-48a5-81ad-89cd3b705b21,false,bot_purchase
dab23245-9934-49e5-9bc9-792fee9c8fbe,1ae631c3-356a-4d0c-9d90-4720b1869450,false,bot_purchase
abc30cf8-bdf2-4028-9b54-89e4511b051c,b1ab2a3d-2f43-43aa-91c1-dc03b2bbf8f7,true,none
0b60c8c6-e9f9-4411-b1e6-05842f328404,1b631911-cb5f-4f6a-9b49-846ade4363c4,true,fake_account
16bbecde-bebd-4bd1-b924-4b97400d3197,1efaca98-1d81-46ea-8efd-e9c172c7b823,true,bot_purchase
0b4121e4-2fb0-4647-9875-ff908b35485e,f271fdf5-ba99-4836-bac0-3d7fa87938d6,false,fake_account
75157fbc-ded2-4029-8a38-14a2d84a5d0b,ea0d0287-e6f7-427a-bf38-9f31a8a375f6,true,fake_account
4b8315ab-ec4a-4647-95d6-d5e33bb42e51,4f4eaae0-c7ba-4374-a513-335e0a54aa11,true,coupon_abuse
a7d25a10-b22e-49b1-a25f-a120e81db4fe,d9ee4d82-e26f-483f-b35d-deaa7ba7d03d,false,none
b786adf6-0026-4e63-a431-d29234786e1d,7e4403b7-d42b-40af-b7b0-ee7db8cf9d23,true,bot_purchase
65852f8e-260b-4d60-ae63-77580916e219,11b0d16c-a0fc-4e5b-b303-fb14db9dfc56,false,fake_account
62913b3b-95b5-4b15-9081-abfc4e716e2a,ff2c7d94-1cfa-43a2-90d1-009c7d3af470,false,coupon_abuse
b318026d-bf14-40de-941f-d116a866805b,6499220d-d5dc-4ecd-b730-4bdb1cb72797,true,coupon_abuse
1ce1f1d6-81f7-49fb-b995-9a5a378ddf63,1c90cadd-28da-466d-8965-ece838782fdb,false,bot_purchase
5fb16ddd-9ba7-49b2-a5bb-744488aa45e9,4b187d91-c646-4366-8e89-167ccb33d7eb,false,bot_purchase
02a98d08-16d1-4119-943d-e11681d1ebc5,c0bfb6ce-54bd-4b52-bcdf-a2e8cadf960c,false,bot_purchase
b0bd1407-872b-4aab-a10c-686844fe93a9,665e4391-eae8-4e70-998f-7f87cd5b8a64,true,fake_account
a4889e78-3a97-4d93-b170-3a97a68809b7,f81c8165-f391-4cfa-a064-989853a8c94c,true,coupon_abuse
e2d88dd1-02a0-4ba1-9a4a-d490b0c435ea,d662632c-52a0-48c3-8c0c-207a38f305bd,false,bot_purchase
7823da63-ee1d-4b41-9b5f-71b5d00f7875,9eeb7055-3d91-40c0-a8bf-76abcbd5edd1,false,none
7a45531c-5123-4592-95b0-7b9323b52961,1a25a0c6-292b-4eae-9fce-43d752800dac,true,fake_account
8af58582-3172-48d2-8cae-fa50fd09689c,e316401a-349b-4b2a-adda-9ac76348d535,false,none
77029fca-125e-489a-b35f-5fb117614504,df2216ba-8864-454d-bb27-e8e1b93157af,false,coupon_abuse
a4eb6745-1bf2-44f5-9b14-e0e5e543a77a,509b57c7-06cf-49f0-943d-78222d71af41,true,fake_account
188c79d2-97fb-44bf-a826-165c451324a8,84c61fa0-3a5b-4e48-ae7c-88526a96546b,true,bot_purchase
bd2dbc70-abc5-4e6f-adde-aed5a549e670,bbcca26e-5faa-443b-bfb0-6673bc8cdc56,false,none
c0200341-c7d7-4aad-a992-f48187371d5e,0cd1f0ec-9473-4d94-a691-c527e200e802,true,fake_account
1eafc264-b7ba-4059-abb9-17e8689fd214,61bc59e5-ef4d-4e3e-beee-613cbed2b7ac,false,coupon_abuse
98ccd373-c139-446f-8f91-21715e6fbfc4,4377df46-4401-4de5-b5a5-bfed0ce746ca,false,fake_account
c18ed308-f3a9-4cfc-a6d1-863c951204ec,8776be9c-c576-4796-aff8-e000a1889156,true,fake_account
07baa528-185d-4739-9690-11851fcfa815,c0ebf26f-8681-41ed-bbc6-c98acfcff505,false,coupon_abuse
d811a0ea-8d9e-420d-a853-a78816deda44,28b54f1a-d8aa-4837-ac18-08072d9c8bb6,false,bot_purchase
258ef634-e515-4b16-b0da-dfb3eda2d421,95141480-7dd3-4c37-bd19-762ec4afd100,true,none
cbb04f89-9e8a-42fb-8a10-a97406c81439,ead249f0-83f2-46ee-a3de-283e385ba778,true,bot_purchase
c1e954a9-6053-4f21-83e9-e49b5ce253d3,e41d956c-1190-4203-9b78-a6e14227a035,true,coupon_abuse
2f4dc559-cece-4d4e-b33a-a42e0c793d9f,b7fb06c1-e52b-4ac7-9bf0-e637379b4b0a,true,none
6b4a811d-6169-40e9-ac24-be059da464c2,966ba08b-d2cb-4510-8cae-1e38475011b2,false,fake_account
641d21ff-6114-4f09-a6af-14d3b537a48c,7b26653d-0c6b-4b12-a6b6-54d689b94b7d,true,bot_purchase
b4b65b39-b771-4886-aa2f-f66ce517a8e3,9a5e49a3-f96f-468a-99db-cef1e4f91ccd,true,fake_account
414001d1-3f34-4f3f-ace7-279fa1b2bb20,8918beb8-2646-4ebf-b48a-c9e57a68e1f5,false,coupon_abuse
999b0913-5259-46cf-9434-8ac4f43d5035,b989bd72-7fe2-482b-916d-c1aad0da0627,false,bot_purchase
c29e4659-00f4-43a8-acb9-aa2ff37f30b4,0f980be5-c1f0-4042-990b-55ee78f2e174,true,none
4672abcb-280b-4a4c-82ef-b527cd6a4689,9eb6103e-7bdd-47a0-b674-1e300f5ca84a,false,bot_purchase
b3650387-9896-4557-81f9-7191bf869344,89e0e90e-8209-4f8a-a930-3d6d0ee5e59b,false,none
7d15c678-bd8f-46d1-b7c8-0786e34ba5f9,2ae511c1-cf64-485e-94a2-0beb1f499ade,true,bot_purchase
5cfdf4c8-93ac-42bf-99b2-bb600d14cffd,488e785a-deb0-4b00-920e-74edf1018315,false,none
3f0ddb14-d3a1-4d4c-926b-01f763700b11,8e137c98-5129-4d09-82c5-bb4558823dbc,true,fake_account
fbeff072-626c-458f-a250-e65d5ee447bd,13a7d192-daac-420f-baf3-19fe42b2bd73,false,none
b2c71a4f-a519-4c9c-a7c1-2c127f7edf9d,fa88f05e-be3b-4cbe-b148-03dcc7272ac2,true,coupon_abuse
1296e342-8b00-4c3e-92a2-954639a3684d,99f18c6b-71f4-416b-8964-a8bb204a8dfb,false,bot_purchase
b9e3b97d-bcc3-488e-b9b1-dae6cd8fad0c,9f2c9f03-faba-4dd4-89cc-d97eff55f4b4,false,bot_purchase
bba79480-8158-4d60-90e9-643632775488,1b543ddb-cdd2-4b5d-b700-6a799f19f799,false,fake_account
409dd86b-f05c-4856-95bf-0597ff072438,f2fda3e5-7a8a-45ab-ba0a-47d3debc4b50,false,coupon_abuse
4199e24f-a517-45b7-91c5-a0f1f2d0007d,24b034b3-f171-4ce0-a865-6ddbc0d74cb7,true,fake_account
6c7a2d4f-3860-499e-85e1-846bf30e9d6b,3487e5d1-ec13-4012-9169-6f576b3a75e8,true,fake_account
11c40b37-55e2-4bce-a437-3d9b02dc056e,391d65ef-06c1-499b-9cee-cd912633a8a7,false,none
2166a854-88d7-4069-bbf8-c324598efa0d,d42dfb63-e9de-493c-9c6f-e7768bf6a1a4,false,fake_account
96844a52-43fe-47cf-8caa-a25271929e5d,b3e07a4b-21e8-475c-b35e-de8bce0a0582,true,coupon_abuse
6258058b-f111-4580-8697-9d0876846fda,d47d6d5e-6c73-4f8e-8f7d-58a07b2de5ec,false,none
be2346f3-1502-4b7a-9ba4-127faba24878,33ffaecc-a0fc-4d7e-aa7a-c8608e6db02c,true,none
107c0914-6aca-49f9-a1b5-eee214f47394,fec35634-1980-4c04-8aae-c9f1d1c8915a,true,fake_account
0a79f920-8302-4c5a-bec0-f5c6c963d051,22ae6876-e80c-4537-9f68-98a48c9ac4ee,true,coupon_abuse
d6252bd5-b055-47e5-8015-f73fa50de7f4,e9032087-6416-4c1f-9aa1-ae045977b1f8,false,fake_account
fbbffa0f-a5f7-4581-9492-df9bf363c213,006a617b-4850-4824-83dc-bccc44315250,false,coupon_abuse
8d17a413-8969-431b-b640-1bddf4682e30,eee800e5-4b60-4017-8678-e7cb0f6e990b,false,fake_account
e91ed7b5-5969-4840-8830-866c8512bb91,2dc30dc5-8933-42aa-b3b4-5eff40e1b408,true,none
9cf5c1cc-9c48-405b-a22f-c108c991d9bc,a16af518-c5a1-406d-ba41-87c43bf207e0,true,none
244da04f-f6ab-425a-ae94-b64acd7718c6,567f3e82-ea73-4b02-89ee-2ee05dbef278,false,none
213cd66c-345c-4dc3-8b7c-f07fc682e681,eb2ef847-657b-43c1-af5e-773b800bb026,true,bot_purchase
7c7fd821-1b39-407e-b434-48d6902501e7,07fa8333-f541-4188-90eb-f206a34f87fc,true,none
ba7052ce-d159-41b2-9957-cfc9ce83dcc3,5ef0559b-8a04-40f0-9d74-d9f28b29ebaf,true,none
ed3b4e49-32d2-42d9-8b39-e721ac603856,cb3c931f-f7c0-48be-b7b1-8758c00de0af,false,bot_purchase
936a8f9e-0352-4d1a-b178-e550e61c6941,7a81e3cd-9e09-4960-8b4a-ba31f79632e5,true,coupon_abuse
4479da2c-c63c-4aea-8084-ed404b672d57,95bf8c8b-3eec-400c-8d16-37867ba673e8,true,none
61fe9d1f-2f79-4b0f-ae17-749b9c48944f,2dde77c4-b0af-499d-877a-15667cddf7d3,true,bot_purchase
8ae77b07-a904-419e-bd25-e8a049b47ba7,f6356b74-b9ed-4dfe-bde4-2adde1f4a2f5,true,bot_purchase
5960a3ad-1e87-4f78-93d5-32ae6fb60d5c,2a051470-f119-40d8-95dc-f4b61f0b6b78,false,bot_purchase
3115bb76-ea28-47b5-a1fb-0e4077a1e613,4b4382cf-ccf9-4486-9eb6-2b60f2a50a88,true,fake_account
d35a646c-49ad-4dfe-987e-d43d06582129,d0011fe2-8436-4965-8695-9b6b75488545,true,bot_purchase
22715678-7909-4575-911b-4a460a849123,ff2ee258-abed-4fcf-9fc6-d52e95b12230,false,coupon_abuse
18d88245-b09a-4caf-b974-88036d5a1646,2c198f1d-b387-40f7-89fb-2b127534a973,false,bot_purchase
68a28650-ce07-49a5-8798-b706ff292451,39965412-0f39-498b-8d6b-9b1e861a7ffb,false,bot_purchase
35d03981-7dd0-4cf5-a484-547c8bf33a8e,0b9775e5-60fc-42f5-8e1a-5e44401eac78,true,fake_account
07775c12-3fd9-4852-b7c4-869d1c280c57,d2c87ed2-3fbe-4c31-b0d0-36d82ff3a7a6,true,bot_purchase
32d02ece-bd81-447d-95ec-d26579c965d9,029ac5a6-64f2-4b69-8c5e-216088d535bd,false,bot_purchase
33d4797b-12f4-46bd-b78a-161f8cc3a9d0,4ecdb71f-1f72-4706-987a-8072899b0a30,false,fake_account
d1a9de5a-5d9b-477e-b031-c73858ccb85f,7742d600-c4b2-4d23-8418-ebb809fdf77e,true,none
8a818c0d-555e-4869-b263-14642ee8f5de,94374df0-1dfe-4fb0-9e37-ca68d677728a,false,fake_account
9d8c779e-da97-457d-93f5-48e3247fd0ac,84585e74-0644-45e0-bc2b-54588b364aac,false,none
280dd50f-a3bc-4b92-96ef-2619362eb07a,0a9534d3-2234-461f-8640-2c3b76c3cc28,true,coupon_abuse
56885586-ec25-4799-b13d-56480e87c343,220fe158-a0ff-467c-a2f1-1048b63c444a,false,fake_account
e8c6fe08-1442-4442-ac44-9b8de2aa3367,2afd0d0e-835f-458a-bac0-047a7dc730ac,true,bot_purchase
b57cf45d-a1ad-48b8-be77-78562c49c04b,4ec0facd-8181-49ba-933d-2db0398a4b67,true,fake_account
009a1bf3-8218-442a-9f47-3ea04ce7f123,185b4e21-58da-4c42-ad2b-5b8584269eab,true,none
6daf289c-b7cf-4f10-af1d-d08022bd57f2,da9f8048-fb91-47e3-b072-8555afb06eee,false,none
6c02281e-57ae-4304-a1c3-15928c588d87,7dfa245a-4eb6-40c0-904f-c6b673b3db7d,true,none
3f423e90-ee7b-483d-ac23-ef9737c0eaab,2dde77c4-b0af-499d-877a-15667cddf7d3,false,bot_purchase
90aa2438-61da-4b78-a29d-ebd729353bd3,6b2114da-9706-439c-8fa4-2453e883c8f3,false,none
9cd0df60-9b2c-470e-9c8b-b7672317eac5,61738117-75fd-4040-9bce-7668dbf39397,false,none
dcd747e0-f118-4857-8c32-8452a04cd271,54acab94-68bf-44ea-b18b-bd7a976b570c,false,fake_account
c05349d7-00a1-476b-936e-43dc03797cf9,7968b560-76a1-46ff-8b34-f29e31a76251,false,none
22c454d4-dc24-44c7-be0e-494b04f1a9ac,e91ce222-959e-4327-b2a4-92e1a9b1a639,false,coupon_abuse
0a45730e-7b8d-4a9b-b583-8deae8f90fe5,8d44850e-b83e-4e54-a956-ff65cc3e415f,true,fake_account
9ec362c1-c08f-451b-94d1-661617a11bb7,95332949-cffd-4cc1-b325-fe1fe1f0f1a3,true,fake_account
b7e48387-b3de-4b56-a923-89357496d187,29e2b01a-51cb-4213-95bd-8c6453b3fb68,false,coupon_abuse
aa9333b4-7234-40f5-8b6a-5cf72f509819,5933e2ee-e51b-4fbd-b0e3-883f96c3a65a,false,none
bf2fbe8e-8abe-4d92-a6a4-3b0bea4fe76e,b6654243-6014-421c-bc5a-35c426cb8194,false,fake_account
b14861b9-cba1-46af-bcbb-b7b6570dd30e,86402959-44de-42fc-bac3-e8bef892dcce,false,fake_account
2618bef8-1660-49d4-b69e-fae33cd682fd,acd3216d-49c1-4c8f-9c21-ea2fb8a5e849,false,fake_account
6faf2969-68ce-40e5-8ebd-0e3bec711057,f73c9da7-79ad-4fce-824e-adbba16ba4d4,true,bot_purchase
32d533bc-d599-44ad-89da-ee4ea4654568,0af25fbe-5382-4d49-82d0-a76202df1724,false,fake_account
413c40ec-2420-441e-9527-c3e33ae31c5f,2247048f-8681-4f27-aa33-1179d3977b3d,false,bot_purchase
29011ad2-0365-4713-8d10-2025dc1a4a06,c5e6ab6e-0d55-47f8-b621-24b61663275c,true,fake_account
be6b466a-dc5a-4484-b21f-bbdeb3a23452,00236a02-8db2-4689-a1f9-86c02f789e75,true,bot_purchase
a22081de-a483-48bd-b327-8f72f931cbda,cb3c931f-f7c0-48be-b7b1-8758c00de0af,false,fake_account
0a31538a-2cb5-44a5-b15e-514925d1fb4d,58f374cb-500a-4d9f-907e-ca6c8297bc90,true,coupon_abuse
a614c49a-0378-45cb-bb4d-920c395aae85,d55f18c2-61ff-445c-aff2-832323d5ba4d,false,none
7a1486ad-2cf7-4570-a878-f21de6efdebf,bf2e2af9-2a27-433d-ae58-18eec8879fd6,true,fake_account
c396653d-0668-48bf-ab50-4765a1281f13,9b7ab633-f621-4fb4-846a-9c44786462ad,false,none
c67c3f1f-bcea-48dc-a582-5e3df8830ac4,c323ba87-3e47-444c-a66e-4bee7d892b90,false,bot_purchase
b4568ded-45ee-4a93-a35d-aa06aa34a304,1bb60641-cdfe-4157-af94-a847377dc5ba,false,coupon_abuse
8810cadc-7147-42eb-9467-1ee1ac07d482,7cd99c5f-4aac-4e84-874d-d108e53d7327,true,none
46e75f02-922f-4366-bfe1-f4af4c99bfaa,c68f52de-16c5-4dc0-8894-fd13df53f55c,false,none
4aeef10c-0a05-4beb-94e4-e2ee825bc5e1,aa62c292-18a2-4551-9a96-3f5a494bc0f7,false,fake_account
58ac2209-6907-4418-b425-87fe0f7fac12,58f3100a-e045-4002-aa6a-58245f42021c,true,bot_purchase
77dd73e0-c0cd-4df0-ab9c-83c7a8de1ef5,9b9f3914-4dd5-44d4-a864-4d8a1a48fe06,false,none
09c40f78-8623-4f97-903b-c410da9f43db,c6d8909c-e471-4f5b-b523-d0f57fb95cd2,true,coupon_abuse
a06ad84c-dc74-43fb-afc8-53181b6aedd5,03bddf5e-1384-4d51-b9f2-86225bcf8061,false,bot_purchase
037fba4a-d23b-4aae-8a00-6b1d55cc5c93,8245d987-90a9-4186-bae4-2d5135d591b8,true,bot_purchase
77feccfc-de5d-45cb-83a6-afc1d8bee7f7,1ad119a5-d75b-4cb6-8626-ce693e3dce9c,true,none
bbde58c4-d2d5-40ab-b86c-15f31a0b5c3a,819fef36-5c13-4f3e-ae7c-464597366c9c,false,fake_account
f2eb5699-e0e7-4104-986f-aeb6364b087d,10a33572-e7ba-4581-a400-935ca749fffe,false,fake_account
3116b2aa-2664-46cc-b4ab-6d7de2784a3b,97227c48-e4ed-421d-99c0-6ca8dbe9576b,false,coupon_abuse
74776de4-f949-40d8-b4b5-64091bff180c,e3df71cb-f027-456a-9a04-34ed1dc8e531,false,fake_account
ac81fcfb-34ba-4d65-8b16-c76f29fab1b4,d47d6d5e-6c73-4f8e-8f7d-58a07b2de5ec,true,none
96c7a00e-9207-4608-88b9-a8a32acc1e02,9a14059e-638c-4896-b613-c13ec7527f96,true,none
4847fdf4-7b33-40b8-b440-11ca4cc17f58,32b4b586-1785-44c7-a666-6a9a93b0def3,true,bot_purchase
5b51be5c-5953-4374-bffa-aa7aa7f5e718,84641cea-e056-4e1b-bea7-5aa682e6d373,true,coupon_abuse
e06b08ac-de21-4feb-a6be-6d8b36e12a8d,a1712dae-b5da-4a8d-9296-8ee0cb67a64a,false,fake_account
0a9cb328-f9a1-4a23-ace5-58b3dbed8e3c,65a0aefc-7edf-437f-a911-5b6f9e6329b3,true,none
89a61719-1cdf-43d5-8fd9-8dd52c22398a,f39e1895-fb8f-4f1d-b744-a90facf6ec17,true,bot_purchase
d5e90d25-39a7-499d-a2f0-3a492b5a88bf,f27eb958-3033-4413-89f1-a80753d6636f,true,bot_purchase
78aa917f-7174-4d99-bf81-eb58805b7325,869e3459-b6f8-4c61-951c-f2e49d5e628e,true,bot_purchase
54aa1437-5a02-4707-a163-12b9f6cb8b30,fc148adc-218c-4c7b-9461-130684f744b4,false,coupon_abuse
8f78301a-e53b-4e15-b7c3-03069d7ba01f,c3a2caf0-2beb-46c3-ad11-ea51862fab1b,true,fake_account
de7aeb5b-61e8-4a6f-9a0f-4fc7c8171c50,a885fd06-90d9-4356-b919-420bc1c336c2,true,bot_purchase
9d4f8136-1f71-4c63-ab4f-24c3623ac746,0fb661fb-51b5-4b83-b968-3b422afe89d5,true,none
f7557b42-65d0-404a-b446-baea24bf3155,8cc410f7-5443-4b44-8813-e7a6a324d4d9,true,fake_account
72eb73db-c7f1-40ac-b5fd-bad67522ef71,04ccdfe8-e8df-4e4a-bd42-18bc4eac9d3b,true,bot_purchase
e02d4658-751e-4fb5-9fe2-29d8d0a3ffbc,55b3ee67-6714-4f5c-90af-ec3024259be2,false,bot_purchase
64c5a10e-d99a-436d-a49f-3e7d7481d055,2baddbe8-96d4-4c19-8cc8-f45fbd747a7d,true,none
6c1ab8b0-fbae-4efa-8e37-f69d495e1480,1f3f6603-bce7-46bc-9f5b-3d9138947534,true,bot_purchase
5e6633cf-cc3d-4346-ba66-f107d68e438b,2247048f-8681-4f27-aa33-1179d3977b3d,true,fake_account
8848f79e-6f50-4d2e-bfda-a7c616585c8c,c6ec99cb-5009-441d-90ec-14469a41590d,true,coupon_abuse
552e3197-722f-42bb-926b-92364dd93e33,66e8366e-15fe-462a-ae2a-e5eed89fe3c9,true,fake_account
352db821-ad6b-4f0f-9ffc-c3ac2b545122,d95ac293-d2ca-4876-9092-f381a141e9e0,false,fake_account
7245667c-767b-46ae-959b-0fd81ba1de07,d6988de2-4d3f-4477-a3b0-f194f8019e4b,true,bot_purchase
65adaf6d-1ea2-45bf-b212-e357e652784a,35874cd9-9c1f-496b-affc-a823dc5edbea,false,bot_purchase
0ef68c91-cee0-4e24-93e1-470be0fb3b09,d3121fca-fbab-417d-b044-918e4702b642,false,bot_purchase
24ef4341-fcbc-4eb2-8654-4abec6b91475,e5d60793-9dcb-444a-bce7-ad0782a3bb89,true,fake_account
e81430f7-fe75-40a0-8299-96059ec7c899,d36be60c-8e56-4804-a29e-2a01fe219291,true,fake_account
e4929444-3585-49dc-a009-319448d716b1,4fc9e8d7-dd17-48f7-ad0e-709773bb64f1,false,coupon_abuse
80ec8028-a7a2-46b5-8a25-ac65fd2518b5,985553a0-d014-4ae7-8b19-361aa8abd220,false,coupon_abuse
cc4341ab-b3c9-4a0c-81fe-7c2718f0b1ed,658e618e-0db7-445c-85e3-4bf8f9b8455d,false,coupon_abuse
10ee81fd-b81b-4ba0-a68c-a0ca56895a93,09f2620f-5b1c-4fb6-8076-0523e7b93ec8,false,bot_purchase
5d30b003-5084-4abf-b0d7-e07dcb141597,06f2f179-e281-45aa-9bf2-a1ae0162aac4,true,bot_purchase
e5e0f398-b1bc-45ac-ab88-1d8e08f7b637,be2064d5-581b-4201-b53d-0152bb51ca4b,true,fake_account
45815e93-b2c7-43e6-9930-e4d152c1d6f1,55ec8845-bee7-4094-a77b-9903836bfb8f,true,coupon_abuse
7c4de22b-5b3c-45b8-ab5b-01e93595c33f,d9eed356-cf49-4984-94a0-c85f8f28de9c,false,bot_purchase
a2ebc8d2-27d0-4feb-bc59-838f4ad34fe5,702738bf-27c8-4801-8935-93bea33cf69b,true,bot_purchase
7fea6ec9-60fd-4717-984b-9ed1357cf1e3,917b99fe-4fcb-49eb-8766-8403b585b3fc,true,bot_purchase
f02ec062-672c-4130-9416-78113c51697e,6a06f1d8-6c51-4609-be6a-02bbeb919ab9,true,fake_account
8ac623ad-d71d-4f96-8308-589d092128ae,b0a7f3c3-b45d-4f39-9f0b-d941b6e970ed,true,coupon_abuse
faae8b29-7be4-4b69-85e8-289cfa0c6f84,640099c3-7335-4d79-b138-961386e9d18f,false,coupon_abuse
e186162e-bb39-45b0-bce6-e410b0782bb5,a695083a-e27d-4693-a9da-840df213f439,true,fake_account
cac3087a-adfb-40a0-9e18-3b3990acc425,4cb7c567-4bf6-43a0-9054-9d8433d62ff2,true,bot_purchase
449d7545-ec06-49b0-a85f-32b3fc65fcd6,6a7b8da2-239b-4ece-b4cf-1d03e55302cc,false,fake_account
4ca20f55-a278-4a34-958b-5ecd08e7f20f,c05da90a-434a-4fc0-b4fc-014869bd60f0,false,coupon_abuse
6192444f-1cad-48ec-8251-5d2ae0339bce,605b4477-63e1-4f69-99e7-92bedaacd7ce,false,bot_purchase
d0ff4a81-138c-4960-9ea6-18c67ee6f914,ad922c82-2e84-4b77-8adf-738f3a4c47eb,false,none
670a1276-54aa-4a48-bf75-9094668ad5a2,737f7572-b6f3-43d8-b168-bb309a5ca2a5,false,bot_purchase
3e80223f-5d0c-4c5d-9c18-d46cb7de0e94,5264531e-f316-4592-a6db-8d50e64bc0f6,false,coupon_abuse
ae34a2fa-7276-4eef-ba56-e9ac184c72b2,18f521cd-4503-4daf-8efd-e5c50b066342,true,bot_purchase
96a7fbb5-d8bb-43a6-9757-d677e1e83291,f7a6e7fe-bf15-4aa5-9045-c84d299524e4,false,none
ed8d95d2-abf8-4a57-aa40-21c65d8ab7ae,e031a79c-4c97-4b91-baed-da8af8df35e0,true,bot_purchase
c7a5179a-e571-46f4-9d8d-d2f1c77f7f10,b0b0a5c8-4150-4113-8495-7d10a8d0d804,false,coupon_abuse
da747a34-1070-4e4a-840d-8c44dfba37f8,6f50a005-cf35-4638-9b3e-89c1312c0f82,true,coupon_abuse
b09ca5fb-3aca-4546-8c28-64c544d2c5b9,f5e4c5f4-730f-4baf-a811-891c0e6eb577,true,none
d06e8345-9fd6-4b71-a860-5f714dfcef7a,c39af486-6eea-409b-9d7e-8c7bb6d4c087,false,bot_purchase
8e33470f-60a1-43e2-a735-6046a5001b35,ee290b94-d67f-4dbe-adf5-8a4caa385145,false,bot_purchase
204f4e87-df0a-439c-affe-e891c88c1007,5609f934-cff2-4a65-b50e-19aff43e0baa,false,fake_account
35de491f-d9cb-4c65-b80b-3ed802963865,bf9e4fdf-5378-4bbb-b2f7-c18bc426290c,true,fake_account
18406522-00d7-4634-8d31-11b497f704f9,f1e3ea87-82e0-4af6-9a3c-5104f916bc7f,true,bot_purchase
8eaabe04-c9c5-403c-ae4d-c012d4f75c48,1cd78d29-ffab-432b-8016-c3c81c59cdb5,true,fake_account
49b3bc3e-b575-40f1-abef-265ff4928a9e,d1ba8367-ea41-4250-bb64-263753a6bfee,false,coupon_abuse
9519b957-9cb1-400c-bee3-0e4ac49ba728,ae658d28-dade-4457-87a1-a8798fbcd2df,true,none
e18c93fe-d69d-43a8-8748-f7e95fc5eb62,ef42eec7-a99f-43cc-9c21-a07341e127b9,false,coupon_abuse
563cb088-5fa9-42de-beca-97206920b8bd,2d6ce988-1b91-4dad-a6ce-6a3ead958d0b,false,bot_purchase
60bff094-e49e-4d5f-b789-1422bc9d1288,204164bc-1524-4f0a-98f3-fcd5bc79b60d,true,fake_account
acac224c-c872-4391-813f-a9f5c05af625,610bddec-f2a2-4924-b596-76a90cfbcb55,true,coupon_abuse
674f5a1a-6552-4580-b3d5-8d19ae76d2b2,4af4da89-62ac-4909-950e-dc67079de5de,false,bot_purchase
ccfdc5c9-172e-4a17-a864-8e04658e6bfe,dae6820f-b585-44e9-bd66-2d2c0ba9fa1b,false,fake_account
f875b2db-930d-44fa-8e5a-873e34c1735b,ca7ed659-390e-495a-bf72-bbf7c118aad2,false,fake_account
65d0c5ab-7137-407c-a4c8-ef4f16cfa0e7,c3200744-a9ac-4405-99de-4befff0a17e0,true,bot_purchase
7c198657-5ae2-4d2f-8c3c-c748b2dec13b,c5ac6441-3274-4e05-89a0-048d5144d357,false,bot_purchase
9db3428f-c2bf-496b-b383-9dd8694212d3,aec576b5-c87d-4271-af31-40a489a6ca37,false,bot_purchase
fc5986a8-7cd2-4a1b-8bae-7eef69dd4e02,aefeacdc-b1fc-44ba-8ee3-f6a6694b8561,true,fake_account
861fb7a1-5965-4c61-ae40-42113d263b48,51df21be-040f-4679-91eb-8a42c8c2ad41,true,fake_account
d405ea66-702e-423a-8c32-b6a1257a6076,b4732186-817f-402f-8924-fbe456b1d41e,true,none
92da889f-2193-4e3b-8ef6-794e4bd85782,6cf473e5-820b-4de9-a1f3-7efde47f4f8e,false,none
18a8ff55-6514-4f4d-92ab-72227996ae0e,30e1c594-2d82-4a96-97b0-8c5d231a717e,false,fake_account
46a6d4fe-0154-4326-a2cc-961535e4d109,71c071e4-8b2a-4a4e-9ebc-2da8b2b627b4,false,bot_purchase
adbe5dcc-ba18-475b-b649-a00c09041425,73806619-9fac-4d89-b8f6-8c2ad7a846e1,false,none
b19b5b9d-c05a-4ed1-addd-1c860366feed,9ccddf4a-c3f8-4ce2-977d-f606574e02c4,false,fake_account
547d2062-ea83-44f9-9ecc-cde2b30dba29,af477de9-5130-4218-8dc0-ea6d6f50cea0,true,fake_account
ec1f34dc-788e-4d38-869c-958f0b296a4d,0ec73d3f-4d64-4223-8c6e-02f12fb6e2b8,false,none
ca17b675-5576-4dcf-8218-b0d74fcff8b7,5cde3906-f1e9-4589-a215-ecbb120d0f40,true,coupon_abuse
065f358a-54fc-48dd-a42e-70e4f40947a0,001d26f9-4c13-4925-be8d-c306778764d2,false,fake_account
eddc2a88-4aa9-4ee3-8f80-84433a28e2c3,9d8f9f2d-0cf5-40fb-8bc7-b4c30b6c8ba8,true,none
d676619e-c5bb-4df5-bafb-68b44ce06bd8,2ce3e6f6-413a-44cf-88c0-f3fdad44efb2,true,fake_account
10c24df5-2c4f-4217-a9b4-4bd14117d115,48dc8dbb-e879-48c3-9c90-d67c9eff7da9,false,fake_account
f9c43060-a863-4eb7-beb2-8f02e31a905e,52d42d97-c4d4-4547-a286-01bbe1d196c0,true,none
f45cc6fc-5fda-448d-9f7a-ee3b3c9542ab,7d7e4b60-9d01-47a7-947f-d9f22662a563,true,none
730cb99e-65c9-428a-9db8-a91e4a615d6e,3103d1be-e735-48f4-a308-4e17c9ef2af9,true,coupon_abuse
ff9aa5b9-86d8-47ac-b6ac-7ebba18135a3,884288f4-3e65-479f-871c-403c0208ff6e,true,coupon_abuse
ae65e126-2944-40a4-937a-8f2f05091906,936d9acc-8643-4e49-bf64-89bd6f92d23b,false,bot_purchase
727e502b-14fe-4119-8ea2-9fbb6dc5ab3f,e1289715-1b93-45b1-b3b7-545a350b4500,true,fake_account
e11fd4f3-381d-4d07-a943-dae89d422073,73ace4d0-ec3a-4f4b-8ca4-9ef55a417e9c,true,none
d7549a19-88af-4381-8337-34f7b86bfc64,0ac2aeff-bda9-426f-ab2f-f4338dbace57,true,coupon_abuse
f40524e7-7911-4ae6-9036-b9d75fd46aa7,4fb59254-97fd-46dd-b85d-230151973119,true,fake_account
3791f051-871a-4647-a9f4-04205edd2397,d121c527-1e4b-4d32-b5f7-f75eb42293d1,true,none
723cb306-490c-4df6-a863-6d9489383be8,6d51856a-42d0-40de-b64c-cbd0b79a7beb,true,none
3bd03a94-2bd3-4708-8ae9-e76e8ecfa8f5,f0936099-b90f-4abe-a7bf-0c10650e8f01,true,fake_account
8a9cfa69-e87e-42a8-a298-221f8c3abb84,b80f9b23-e226-4129-9980-35d7982af798,true,none
ae03decb-1b5e-4976-a477-ca3f29675d47,b93bb4a6-bcab-4012-9f0a-8cb37801d49f,true,none
1d314019-8e91-4ac5-9fc3-6e8c89f5d5db,001d26f9-4c13-4925-be8d-c306778764d2,false,coupon_abuse
08f80417-61c3-4670-b168-84b6e837eb12,33fd0347-deaf-4452-8b46-a683c301df84,true,bot_purchase
2ebfcac4-e199-481d-a323-65b238d4b3f5,fad2553c-a6c9-4155-a9a8-c4197f527cef,false,fake_account
abade393-f894-4036-bf82-bcdabe73c00b,b7118dfb-3c7b-4656-bea4-8f1b8c96a99f,false,bot_purchase
d9b16447-3944-4ee6-81e7-fe5fe2807f5b,1f9a191b-d758-42d0-ad5d-d9cfe999e62d,false,fake_account
c804390c-ef46-4bca-87c0-eae10bb588f5,70320519-3f18-438b-b1ac-2c41d236327e,true,fake_account
d8a3d764-41fe-4935-90ba-3321700bf2c2,a0f8b7af-8934-4cca-8f23-2f0269d9cb1f,false,coupon_abuse
0509f278-3dc5-4e3f-b603-8600ad8c2bb4,c2485ecc-f184-4fc4-9070-d7a9a7ef7240,false,none
3eb5f547-7c40-4534-ba9a-7f284645beb9,f1eab72b-1c8f-4cd2-a14a-6c2a6b9a0c94,false,coupon_abuse
347427eb-4829-4a63-8f08-3cb6711ea70e,c98f137f-675d-4811-8fb4-d646156f20e2,false,none
2544e195-b735-4ad7-9e07-14ad7b01e07f,966ba08b-d2cb-4510-8cae-1e38475011b2,true,coupon_abuse
396defbb-a027-4edc-a101-1c5a018f9829,dbbb5211-e513-4577-8e0f-572b85df82c7,true,coupon_abuse
bab674db-c164-41ae-9221-2602c5baf11b,96665a7a-d740-4e41-8516-ed14b35ab334,false,bot_purchase
b47c06a2-de43-42a6-9799-fb2ff8f5ffed,22f1a1b5-b3c1-41e9-ae22-2f994249e899,true,fake_account
152ce977-6e0b-4834-a93f-f80897f52eb4,fe454b24-f59e-4074-9e6e-2fc02b35b508,false,bot_purchase
010deb56-1cef-4607-9e65-0c8b0ce5682f,b889270a-1037-4eb2-a592-d26def1904c9,false,coupon_abuse
c32c1a08-a27e-4839-8397-e82e84bb0478,e146f7f3-3157-4799-b079-4f4b514c9223,false,none
6341d9c9-90bd-4b0a-8e25-9c613c5e7a7a,a2ccb6e7-b6b0-447f-960c-cc8bf7249f86,true,bot_purchase
8c1a8ec0-90b4-456c-8cfa-d983534a3301,3c059b68-9b7a-43dd-9f9c-73bf666bffdc,false,bot_purchase
fe8b7c09-fe4a-4056-9310-8d3b1e359d4b,49a208c9-c01f-478e-b044-ad61e981e3b2,true,coupon_abuse
919aa5a8-8831-4901-981e-b014eb0f28c8,8f34d3fa-ebd6-4f41-bb3e-bb054e86a636,false,coupon_abuse
61f6d49a-b3d9-40a0-b5c8-13e8249fc672,ba22e8d7-60c1-4555-86ac-e39f8bb8b204,false,fake_account
a29e8e58-29e4-4971-a035-ffdc96769a70,21ddc946-6f06-4a5b-9aa6-8b589f7bcc77,true,none
3e461d42-cb45-492e-a6c8-f01a08127300,aa329f1a-b7b2-497d-a50d-e649bfb9c38d,true,fake_account
e4b07e88-c6b2-4b3e-9c35-0f7f12ab0809,8be26f45-b5b0-4e38-b757-fe093742c206,true,none
920810e1-8192-4777-91a6-025ae82fdd7c,085bd1fc-c775-488d-b673-2e669a07a34a,false,fake_account
6b3096e1-2c8a-4c49-b371-4e1c77383969,a87945f4-379b-4f0f-ae95-34e9bc861492,true,fake_account
12729626-1c04-439c-8a4e-81ddd5f285c4,4ef7fa52-6687-4e80-8422-213cee3987ee,false,bot_purchase
29b26655-b834-4758-bcc5-64bba57b8537,44d60897-f6e6-408c-873a-38a339d9ed97,false,coupon_abuse
37bcccb6-6fe8-46f7-b84b-25bd2f8a171f,62bb35e8-4569-47db-bce9-2e6b45104d39,false,none
41aaebc3-0fdc-4b76-8ee8-f99240834865,10637ea2-7346-4315-8e23-8731cc1391ac,false,fake_account
c1d999bc-7567-4cd4-92f4-ef12679e11df,9df89ee9-988c-463c-858b-4cb0e03af257,true,coupon_abuse
d7245731-fe8e-4b1a-8da5-878457ce3896,722cdce4-c0f3-4c38-9561-b6728dc1b385,false,coupon_abuse
4ad09451-4046-4aeb-83ff-2b4135bc852e,b4eb65f3-8da4-4632-a432-e4997c224055,false,none
7a057220-535a-4c02-928b-f38a93cf775a,cd477ca1-7a16-47f5-8fa2-1b361e627eb8,true,none
c6f6fdd2-0ea8-48e7-8f63-36880c9e1651,61bcdc1b-2916-4fe9-9cc0-2635740dc9f8,true,fake_account
65dd8525-635e-45d8-812a-5e401537801a,9781ee3f-f0ac-4df9-9afc-735a2a3c6126,true,none
39ad0b39-8c4b-4a80-a611-e5d6cdd23c85,b2ca4868-ade7-40d9-910f-375d484ff7fb,false,bot_purchase
8d3f0dbd-5406-4b59-ab9c-c18421f916a5,c9b88e8f-8d60-42dc-97e7-504198ef3e5f,false,coupon_abuse
95737f22-8d0e-4a0c-8a04-fc241609f87b,47ea74bf-1cfd-4bfe-91c2-9fd45d544396,true,none
acce7c20-c025-40c9-9c9e-0c99c6097a6c,522b4eaf-40b6-4aa3-b83c-7768e3bed3a3,true,fake_account
341790ab-9f69-47b5-bab0-61789b0b1569,9d8c2bbd-f6d4-48c2-9456-d5b495951b49,true,none
2af1a5f3-c3d0-487a-8007-6cfed0bc7efd,237db2d5-67ad-4ccf-ba9d-6135c72c3289,false,bot_purchase
6ee839bb-e3ff-4368-b578-3a43a4d7824a,71078ca6-4575-4fc0-9724-7f4dc4664c2b,true,fake_account
fa0738b1-be5e-4ec4-b7c3-fbd9af957612,96a8384f-1f4b-47ef-9edc-642fb7f70e39,false,bot_purchase
6a788bb2-3e58-4ef3-9606-8b8e72240f09,ccec517f-b1aa-4e4b-aea2-d3926229ec30,true,coupon_abuse
c19af971-ffca-4b19-ba34-d4f6bd8b0fa3,45be2241-0e34-4ca4-990f-1edb319595ed,true,none
427c47b6-ef1a-4c4c-a3f4-7992b4e6c46f,f550e31e-cf39-4e02-a482-022a3d74a667,true,bot_purchase
13dd1a01-c9d4-48a8-be94-a8884dd41e33,69c1be9d-55e3-43d7-94dd-3c4b2d1d110c,false,fake_account
e38d1f9d-a159-43f5-b4c1-0b2e7002e4b8,37cd6f66-15b0-4b63-b2e7-7ab25403d77a,false,fake_account
bd75f958-9e67-4a5b-89f1-f2635aeeeeb9,9a024027-b704-4690-bbe6-a3d1eb79fd80,true,fake_account
cc0b1488-215b-413a-9ad5-8bbf0946ff79,2f516416-769f-43a4-b12f-9c2f766bd394,false,fake_account
45779e43-363d-4b81-828d-030f38cb8aca,5e23e721-888b-4115-b879-6a7711defe98,true,fake_account
4ed26022-7d4b-4d19-8b8f-a6055f4df975,02e93869-1557-4112-9eed-1fdb356a4879,false,bot_purchase
e4c2ba64-409a-4e45-a2c8-ae229f43e775,210c5a64-0e78-439a-a48b-bd61d4aeaa20,false,fake_account
67dac640-aea8-4a57-8005-34ab27aab347,724b30f7-6585-4a29-857a-6bf5ece51e3a,false,none
2dcc97ac-4761-4272-8eee-cbac60d369e4,0f7c8e51-5433-43f2-8927-f07c7c26bc5a,true,coupon_abuse
e346e0f8-f9fe-4396-9578-a222c06f73be,6be51def-93e2-479e-9f7b-834a22c91c94,false,none
adae83af-2a51-4d43-8cf7-b3bfc461bf1d,3a98d09f-1323-4240-bf53-ad6cd9d0755b,false,coupon_abuse
36080561-69fd-4f74-acaf-cf07d82bbf06,354aee65-bd5b-43c0-b766-f95fd2c17845,false,coupon_abuse
d03fa858-2d88-4330-900b-148753efb78d,db18f558-844b-4c14-9169-63ad03cc8c79,false,none
6d296c56-ca65-4837-be72-49ae1b8cdbe0,fa61331e-7774-4f09-bb84-d12d12831be1,true,coupon_abuse
7bf87420-dbbc-4c58-8f34-9267492ce79a,aa530e50-59cf-4893-8d90-e412b51460d9,false,bot_purchase
cdd5618a-0db2-43fc-b943-042484a1f65d,203185b7-37a0-46f7-915c-4e78add3266e,true,none
b7b04aeb-6914-4820-b289-663e02de33a7,94d8df8a-2dc4-4020-b681-59f4f381b122,false,fake_account
df89d959-014c-4e07-88f1-4ef5f2d6919e,b859d110-1e69-4c15-8f90-ccf932e7ef04,false,coupon_abuse
eb672571-1c4b-4344-9bc8-fdc76cd3e6dc,4079d063-6158-459b-8f02-536aff62c516,false,coupon_abuse
c075b2b3-4e32-436d-a737-6366bad4ccac,295acbfe-0228-4970-ab87-d0c7b331ca5f,false,coupon_abuse
83401808-d3b8-4e29-ba23-71008676294e,a0a50c57-de47-43f2-993f-07cb5b037ab6,false,fake_account
d0da436b-78c6-42d2-b967-f722c1354e6a,542bf246-c09d-4bd8-9abe-e3d75efac19d,true,fake_account
81b753ad-e2bd-46cc-89e6-c4a29da89c31,fb1d194b-e540-4c11-ac6a-ee9f437a327e,false,fake_account
111b48c1-ef0c-4e8c-9c38-df1439a526f0,f51379d8-7efb-421d-9151-5cfd6e36e05c,true,bot_purchase
2baa03e7-94f3-4e5b-973f-903b1dbbfc10,3d7ba84d-6311-48d7-aa4d-2177a3966ec4,true,coupon_abuse
a8c7f75b-6247-409f-ab0e-cb0ceea79b8d,3434c353-48d8-466b-a453-62729ce481ab,true,coupon_abuse
1526c9af-d699-42a1-aad4-b9a38eff526f,ce96d55d-383a-4ba9-a579-7584bde8469e,false,none
69569cdf-6d9e-4f93-9e16-3a8e0e40aa11,68c59a34-71ea-45bc-9885-3dbfafa0412f,false,fake_account
8b1e3b8c-8f21-4a8b-8180-feace633c201,786d8ebb-6226-485c-a022-964787d45e5e,true,none
24c133a9-5b44-41cc-8cc1-166230098b38,790ce006-81ea-45a3-bcf0-86e827a7cad4,true,bot_purchase
70e7a7a8-5652-4158-9702-09ecdb41cc2e,b3152a13-7bfb-4147-871c-cc2ce3daacb1,false,coupon_abuse
9a6de2d0-588f-454e-9a4a-ca8e0b7df483,ad45a0d1-bfc5-4ed3-9324-f078cec8ae7b,true,bot_purchase
0867bc73-ceb7-4b91-8912-a7147352d3a9,fa3b2ea4-12de-43f0-8e76-dc2a4b7e2d0d,false,none
472c4ce5-cfef-496b-9a82-18a1d3a0e626,933478e0-5ab1-418b-92eb-f29858263e51,false,coupon_abuse
fa0365a8-ed81-437d-94cc-004504192a21,cb881f50-c136-49d6-8369-c6819e5caf64,true,coupon_abuse
94671d02-ff82-4d71-b5a0-a3f105073186,f5168ac3-c965-4a07-8e87-1ee75e4d096a,true,none
52e87963-cf5d-431f-969b-af4a12ef8493,c2094920-60fa-45b6-81bb-888936e4d2ee,false,coupon_abuse
b1fe74e0-fcf4-4622-96d6-837aceb818f9,964e8346-a1db-4f8c-b1ba-a5afe44eb257,true,fake_account
d43401e8-edbe-40a5-948f-2a514b96f1c6,9909916d-16fe-4b74-a94b-99a48dd67ebe,true,coupon_abuse
08c11faf-b1d1-4c89-acc1-529c61825adb,764715aa-f6ba-4fdc-bc93-f02d34a68280,false,none
431bdb5d-df6f-4e64-be21-17e552fa67b2,176d0f21-1d96-4bac-8298-cb42895ff68b,false,bot_purchase
645fb2a0-f629-4724-9578-0e89898a3960,37bb0323-3806-4edc-854b-c5f98f07f9d3,false,coupon_abuse
cfc08df9-1360-42f5-93f9-23425a8c09ef,38806969-bff5-40d5-a42f-46dba3dfc61d,true,coupon_abuse
f52a9188-393b-4985-ae79-c2ba197f5012,0f3a4647-53c6-41bb-a3a4-55171bd72fd5,true,fake_account
f169e4d7-0501-4ede-9a9d-eef8302b84ce,da9f8048-fb91-47e3-b072-8555afb06eee,true,fake_account
dcc69a20-86dd-42cc-85b5-503374e8853e,0b12b7a8-df9e-4c1b-a87f-c78a4c6fe422,true,bot_purchase
b76be9e8-b9e4-4366-bf90-6fbc49eed71e,fee8900f-e29c-4174-b9ed-50a58d3f3674,false,bot_purchase
a808942a-e496-4d1a-93f6-a7e8d7a3a5aa,6c4613c8-da37-4913-ac0c-30eb51c0fc4b,false,coupon_abuse
f7f1189b-2a10-4b63-b66f-7add9d9027c3,827f0199-3263-4f66-b6d8-5aad68cec376,true,bot_purchase
b1c0350d-0879-4c0a-b08e-dd5bd3eebfab,9dfd5a0b-9748-483f-a00a-ecce185535bb,true,bot_purchase
6b0444cc-84a7-48a1-9caa-fe1e480d487f,bdaa2545-8984-4d1a-8853-6baae942cd7f,false,bot_purchase
be6beb2c-bc2e-4923-8012-823daced8e87,be08f4d5-a1d1-4bd0-9981-34fd5f30971d,false,none
47701641-3891-488c-8f4d-6906b558eb50,c317cd7f-17e0-4804-ac69-bb81ad8a3a15,true,none
946c72ef-dec4-4045-8f27-0697d29e1b55,f08a1836-86ae-478d-be6e-8a8b34f2fed1,true,bot_purchase
95da9893-b57f-44c3-9b18-e79da90fcb59,79f722ef-ceb4-4e8f-b6d4-9e6e47dfd9f8,false,bot_purchase
12a55b50-61f0-4441-97e6-dfbf0a45d9a0,1dd23e39-1bde-4f1a-a1d5-ee184fc61fdb,false,fake_account
6f5e434b-3275-4857-bb76-7001c77129db,0c60917d-1d79-4750-91cc-72be58722d69,false,fake_account
32234e76-2f87-4db4-860b-8c39a7fa1943,15af3738-e480-4737-8720-930f10f6df7b,true,coupon_abuse
1e2fc916-ffe4-462a-8a19-ab98f4b7d577,f1b8b5c6-924a-4063-8e5b-7bdc37c4a821,true,fake_account
e82ddfc9-ec33-43dc-abc7-2aa0e76f1c9c,5a28c961-31ec-42c2-ba57-f6b826f663a4,false,bot_purchase
84faf50b-737e-4fee-bae0-9e57d1263338,7e7afb96-da77-49c9-af04-102fe0d27879,false,none
232d05c5-3763-4c62-92e2-79c5d5ac2604,5a8a754e-005e-46a3-846e-df96b1bf98e8,false,fake_account
6f7c2170-ba96-45f8-ba19-ad58761c490c,862488c8-b7dd-45cc-ab46-b178988c60fc,true,none
ebee13eb-c6d7-4a7e-baaf-63bbd4e71e28,ec5b64d0-b560-4960-8ee5-b39f029bef86,false,none
95c68288-732d-4f90-81da-4f2c448a2cf2,fd7d2f33-0ef2-4f1c-b4db-06ba9254aa38,true,none
662ead16-43ca-459e-b4a6-42bb90c7be12,295acbfe-0228-4970-ab87-d0c7b331ca5f,true,bot_purchase
4188cf77-2d46-4daa-81b5-3afa561adc2a,dc8c7a9c-b72b-4f2d-935a-7b747a0809e0,false,none
fb7c8679-2c43-4143-9945-370063a3e761,5f42a63c-6b40-4618-bc00-16ca9429d587,true,coupon_abuse
1993558f-091a-4700-b2bc-898f630ccf97,faeb7abe-7dbb-4cad-90af-5e645a18f4e5,false,coupon_abuse
588f9888-b140-4e12-99c7-67d807652e53,9d8772eb-d446-4394-a084-dca63f946158,true,coupon_abuse
4202bfe1-1a7d-44de-abe6-5cd7b35710ce,6e1d5d43-4f65-4b19-94b4-3a7d4de410ec,true,none
3c056c23-304f-4981-93e3-23cd42a9f3ae,605409f0-d226-40e3-8066-ca244571d2dd,true,bot_purchase
5fcdd929-c6c0-4615-a1a2-5ed241ac8aec,fb8b56bd-4a7b-406f-8d69-7de1d593a97d,true,fake_account
610e90c1-bf34-4314-8868-33bbbf831080,160fa745-73ac-4259-a376-7d0e33904d00,false,coupon_abuse
c4414794-a5af-49c2-8fdf-9915b60374fe,ec61265c-632a-4872-a805-bb0afcb3fd35,false,fake_account
69656eb5-b017-49fa-9384-c932ab16a52a,468f0f63-5922-4151-8780-5b46ec1990b8,false,none
d87de7df-0983-4f63-9def-2194ffcb2817,113d503b-64b1-4405-86b6-7cf00234392f,true,bot_purchase
0616889b-1cad-420d-941c-843973d5fd47,4c6f1caf-ea6a-4f02-937a-0d0ce32be78e,false,none
8d0b5783-379c-4ffa-a4ac-ab4c8ebe0eb1,705c7557-c42e-4fc3-919d-f94e4cbd1ec2,true,coupon_abuse
2815b78f-3f8f-4648-89bc-ea0174051af7,15a1cb7d-7fb3-4898-be46-8dc493f50869,false,fake_account
1952bb5d-288b-406a-b63a-0ff3483e08c2,dcefe6c0-912e-4f36-9c58-081f988e46b4,false,coupon_abuse
9e1b18a8-1536-4c55-b41e-f3b82f45c74b,75b377c8-652d-4601-9ccd-985e6437998c,false,bot_purchase
31f4f449-1404-4b96-9141-e912636476ca,c323ba87-3e47-444c-a66e-4bee7d892b90,false,bot_purchase
62f3265f-7dda-48aa-9967-9a1ef8dedc4c,9a3314fd-b7b2-45d5-9c43-e6ed8c6548d5,true,bot_purchase
cbedff59-234e-40ea-b7f5-77fcc487711e,6627f1ea-0ae6-4461-b225-a97d0d91957d,false,none
919b53ed-941b-498b-9e2d-2c7ac9a5890b,14597b2a-1937-4f92-95f8-db905295de26,false,fake_account
16d46d27-9aff-4438-8587-a8aedd3cc21a,ec53c941-d0f6-4abc-8391-cf4fa34f4f4f,true,coupon_abuse
a640c167-9083-4364-be1d-deb4c6fbfbcd,e1e393e5-8265-4808-b241-da0f7abcfb56,false,none
9f546fff-9745-4065-ae54-9884885de65f,03af44bc-4966-4d59-8074-1ce9e2f88d90,false,fake_account
cf6c191d-c4f9-4de8-82fe-e8b04339259a,141fa3da-77f9-4060-9df5-b2805861487d,false,coupon_abuse
63cb6a18-756e-447a-8010-219d6046c782,f8246d0d-cd6d-47ae-84d2-f0428ce6512e,false,bot_purchase
1bd26cce-6b31-40ed-98e0-c4c31116f8be,6aa886a6-3602-4a6a-a4a8-51cf427f4adf,true,none
14defe55-d7de-41ee-b6f5-d4d2520dbca2,7d808632-259a-4e76-af64-7f5e98234e02,true,fake_account
55b24a1d-d1d2-4e56-b841-d5faca65fc2a,fe448ece-1c53-4090-96cc-7618c3f1dc29,false,none
392b1cd6-33b1-41f1-8bb3-ccee9ed19e73,e969c29f-dd41-435f-abbf-a36745ad8c20,false,fake_account
2d6452d5-d408-4bd9-9e8e-c44970ac02c9,4b117359-e3df-424f-baa7-bf37696aa69c,true,coupon_abuse
72a89468-fbba-49af-b912-702652586fae,27afaca3-7dd4-4143-983e-82ba7ebe2b5c,true,fake_account
192bc5d5-f0b1-4ba0-a793-181cd791d509,5b2c4d5c-7610-4505-b6a9-b0254f911b0d,false,bot_purchase
bdc493c9-6d52-4139-a9ee-aeab567f9a65,bb7f2a42-3a20-431c-b530-7d825f190099,false,none
42dd0de2-5c31-4698-921f-b041d76a78a1,a6694358-c7f9-452a-aea3-7508b5e0f470,false,bot_purchase
43daae05-0a7a-4501-95b0-81329e843cf9,36782174-01ee-4f60-8a90-45a3845861e9,false,bot_purchase
e73b8f79-1cf5-49b6-be76-3a76cdba16ab,d96dac8c-a12d-4e74-bfbb-dc53dac1d0e3,true,fake_account
1512b6ca-37e4-4958-a2b5-1fdd3c233f5b,d438537f-d144-4a1f-95fb-9eb7685fd855,false,none
c88a2507-1229-4171-a85c-80e25874f7a5,ad126d9c-b128-482f-9b0d-505230a08268,true,none
ed552380-0f14-4215-8598-77501329add9,835c32fb-a697-4b7e-9f22-77de851c4a6b,false,fake_account
d59ed5fb-c59f-48f9-848c-b990fd3acae1,ade0bc00-3f0a-4adf-a00b-ce3b624be073,false,bot_purchase
3e747cd7-e40a-4183-94db-bd446efab931,45e669f2-eb1c-4a6b-b7c3-6e80ba445ab7,true,fake_account
53e7063c-7c76-4db6-8d30-da04884798a8,1bc87000-74a6-4b28-b2ae-391cbea03d2c,false,fake_account
5a8c8504-fe22-4ce7-9d74-3142b2f844b0,ee2f4514-e9b5-4ca3-8f5c-157eec79898d,true,none
e5d47e42-4717-4ea0-93a6-11fd0d46d5de,39d571d5-41e6-4913-9fcb-f860a5a087a7,true,coupon_abuse
671e4ed2-94c7-4554-9869-365622096fdc,a21587f9-2b11-4037-9dcf-b040c93a6806,false,coupon_abuse
aac34214-a1bb-4df1-929e-0bdcc9319728,0e0b3d23-e3d2-4409-a476-a66792c45357,false,none
54acc3f4-4571-44a9-8231-c9dd10976297,944ed2e6-972e-4188-a666-a9ac54eb7cd2,true,none
b057c185-a357-4556-8759-05c6db5b55c9,1535f80f-0c93-45e4-9f1e-48fa11376efd,false,bot_purchase
1d1e09b5-b36f-40b1-b6a2-8fcd3c5c639e,29dc23d7-3003-4dda-84d8-5ddc8ffa8bfe,true,bot_purchase
4e65055a-bcd7-4f2f-b737-88a87b092e50,faea718b-cb6b-44d7-adaf-a696f10e5593,true,fake_account
13f9ac31-04b7-4fa2-8fef-ec694ade63ca,54a77656-f14c-46a5-9c2c-bdba5da643b2,true,none
e515a3d6-64c5-4953-bcfc-b232b2fe4d3b,8937c6ce-8908-4af3-a0cb-b346ac0204f6,false,coupon_abuse
35a3e80c-99b2-4b99-8618-8d52408dd979,c382fb1f-6179-41a2-a297-b4c685810c54,true,none
7ab9a835-5053-486f-bc88-b137bbea3368,c25cc47c-1b1b-49b9-8ac8-64285d39afa8,true,none
9f2d683a-034a-4799-9b35-70f9901599ef,9c3b8b32-985e-4cfc-94e7-4a4ac724f352,false,fake_account
439a2af8-9bac-4922-90de-5eace43ca468,d42a8b54-c5c2-4440-8d14-2f970e982205,false,fake_account
0320bb45-d7cc-4fd0-946c-ce20364f62cb,24518693-b83e-4214-9a7a-5419d48e9bfb,false,bot_purchase
5d16730e-9d8c-4f95-8aa3-e31ff6093ca7,1f703526-bfed-4a59-bd5b-7e39e6a7645b,true,none
847193ec-d2d4-4104-aac9-f102a23b5f76,7b611c16-4351-4593-abda-7cdefd9fdb15,false,fake_account
28931871-ba3f-49aa-a19a-79008cb6fbc8,e98b8c27-f594-4983-b9ef-3713d98fa7d7,true,none
1b4d7b7d-706c-47d7-8b4c-c42a99784581,ebeaf5c0-4f8f-4c47-b132-e3e700e5a6bd,false,coupon_abuse
2d6f08ac-31f7-40d3-a936-64108de4cf8c,0b7060e1-0a0f-4b22-a165-91d41361c84b,true,bot_purchase
3480402d-3e47-48ce-bc8e-5d082937a886,a8c901a4-028d-46fc-aa50-05cd12180e45,true,fake_account
9283cf3d-e791-4dd5-84c8-6d00375b4283,4ffcf977-24dc-4060-a594-67c108389be2,false,coupon_abuse
51f5aa79-5f73-4897-9f6d-ac8adb991333,a8c901a4-028d-46fc-aa50-05cd12180e45,true,fake_account
b580ac2e-e363-4355-a6c2-4ae1951d09f3,82ee86ce-4772-4bb4-b7d6-fa796c489f81,false,none
a1a5420f-09f5-476b-aec1-12f64652fdc3,82417d17-440b-41f3-8767-d60e633a07fc,true,coupon_abuse
1882b616-4f1c-4dc0-8bb0-739556248a66,07823047-1cfc-44c2-aede-b029f9bc7aa4,false,bot_purchase
dc113b4d-10eb-4d8c-88c9-d94bb5869d73,18d1ba44-825b-4570-bb88-c1a942444b5c,true,none
06c5f070-3bbd-474a-8e4c-e8e66995eaf2,f2fb8427-8fc3-4e55-a63b-f0c755518879,true,none
18811f05-c9bd-462c-945d-c4606d35d2c8,5b0f0b14-c979-4183-9d14-a1eeaace854d,false,none
6e6ab364-ccf7-4312-8395-f64bd6522b42,3e31826f-f0ee-4c99-83dc-7cd4021f632c,true,bot_purchase
0949fd40-f529-462a-a1ff-961e62f87808,f7d216c5-2faf-4cb6-a81b-1df6ec964ff3,true,fake_account
8149d2ef-84f3-445d-a459-474b18af2737,809f70d8-aeca-4363-ae95-43323adbef96,true,bot_purchase
a86ef38d-f759-42e1-b55c-c3d2f77815ca,3e98bc6c-1272-4146-872d-b4ae569ef094,true,bot_purchase
5ea12cfa-7ac3-4f50-9608-c9b040cb952d,51813561-9a9a-4107-aa16-2fe884273472,true,coupon_abuse
e521115c-4e56-463e-a261-408cf0c1aa2e,0dfb013d-6815-4098-bbdb-b2eb8a9032f0,false,none
d105b15a-f0b0-43b8-8d14-4d39b7432d14,479bdf95-2d96-41d2-a8a9-8c78df75e2dc,true,fake_account
0042b251-60ce-4d66-8b45-de54aa609018,a311e434-4216-46a8-b6c8-b4ac05478b2e,false,coupon_abuse
b4d9f38e-7d08-4838-a5e7-dc68fb50cf1c,6e084242-ba48-4a86-b359-83c11780d2c7,false,fake_account
1fe76efb-1f86-4b52-9727-39efe665cd9c,13fcfb99-2aa4-4c78-a1e9-6f4bdd3513d7,true,fake_account
3b548bc5-920d-4adb-948f-f1ce646a30d7,18e17eca-c322-49b5-acd8-9e841f040ddb,true,bot_purchase
f62f0344-a08d-48ac-8072-c245ea243261,e5045b75-5c3f-41e6-8f8c-b62b90c68078,true,coupon_abuse
c01ceb20-d8b5-47c3-acfe-a11393d78b65,8776b02f-d5c4-44ce-b237-96442211a559,false,none
b97d042e-9f4f-4c55-a14a-614ac33af86e,79e17541-eb22-4d53-b91e-1a8d358e5c47,true,bot_purchase
cd106157-7f9e-47e7-a18d-684fcf54dc60,3badd6e5-a67c-4261-8d91-1173e8dbbf68,true,none
2fc248c9-1d23-46d2-a45f-198f58a830f9,b8a15eef-903c-4b33-a408-6498362ec032,true,fake_account
12fcae09-6c1f-4c2b-92a6-b0122644a0b2,5279f8bb-e206-4a28-a6f6-3a5feb2a917f,true,fake_account
332a94a1-3536-48db-956f-1dd70e4efa09,4de0f4be-a272-425f-9c62-b31e67471759,false,none
a50d1546-f329-405c-a7c1-be013c47739f,2ee0a191-bcae-4e5b-97af-a06e9cd1f636,true,coupon_abuse
38116cde-8174-4c87-8c15-1592a26b7972,e146f7f3-3157-4799-b079-4f4b514c9223,true,coupon_abuse
aa393d64-2677-42bb-b7c0-bdbb8686c833,6981ea47-36ef-4f4a-8148-3a73de131759,true,none
aaa4a840-745b-45e6-9866-73dd88bb8f49,33fd0347-deaf-4452-8b46-a683c301df84,true,fake_account
26963c80-9e0e-4bf7-839b-fdecc4dc214e,e381cfc4-0826-489d-b609-dcef21ede733,true,coupon_abuse
40a8dcd8-7272-44f8-8019-eb37fb510de2,d1277c1b-b1c1-4e6d-80c5-bc0f5d94a67c,true,fake_account
90153351-ccba-42aa-a0de-3263e3062fb4,338b0cef-f2a5-456d-b927-23c26cbcadc7,true,coupon_abuse
1cb63ea6-5497-451b-a95e-8c2e7537474b,6cf4ceb4-e4c3-463f-8f10-bfb9d73eb066,false,coupon_abuse
9e581176-5e08-4d71-a68c-664f20875afd,79643831-47f4-436e-9104-4eb9e084712d,false,none
9f5723d9-1dd3-4a62-985f-7ad46ec7b334,ec0ea995-31bb-42fc-b4f0-c5fa93c14d90,false,bot_purchase
78fc7f5f-caf6-4a0f-a31c-37edf276c079,51023552-d263-46df-8107-9c9303d6aeb1,false,fake_account
0ba4226d-6f37-4013-9e72-113fad6690d1,f5d7406c-79b6-403a-8a1f-ccdd297cf11d,false,fake_account
41e272b5-bb5a-406b-8478-5d3951c3f958,b87fa48f-27fc-49b6-92d7-b12a08efdad5,true,bot_purchase
acfed05c-5bf2-4cdf-ad32-0480f486a49a,58b87c86-d54b-47a0-952a-674633960200,false,coupon_abuse
bef1bce3-fe30-427e-94fe-c90124d3e0e0,1792a316-e460-4255-bc9a-8f97e9618f39,false,fake_account
97f1063b-fdba-432a-aa90-268df64f4fc0,1d2adc91-6432-49ce-8c1f-df599576815b,true,coupon_abuse
9c78d932-7c7c-4bcc-97ef-b747190e949a,c72f0985-abf9-42bf-8c36-aa29b97717e9,true,fake_account
cce6bad1-f164-4819-b6d9-b15b529995ac,8af7f5b6-c7e7-4923-bbfc-96b8ed622939,false,coupon_abuse
46d1c9b6-fedb-466b-9087-e95361792478,676eef98-c94a-4947-ac0f-3c760442dbec,false,fake_account
54f419e7-d983-45eb-9ebb-999e425e6d14,4c38355d-c751-4778-87b5-f3f66ddfae85,true,bot_purchase
db7a45f1-d0aa-4e0b-b245-4f852ced7b32,a22378cd-9054-4c36-8536-89e63c7e713e,true,bot_purchase
49cbdf28-f36d-4b6b-a29e-0d6df9fa062a,57da463b-f947-4918-9728-5434b9d5628b,false,fake_account
e7a8f8de-7862-41fb-b578-aece29a9b704,9030f0eb-02b0-48f5-a155-5e099cf16759,false,fake_account
520d5027-4e10-4db9-baec-b82c99e2c312,78a180b7-bfe1-4e6a-961c-c665eeaf2622,true,coupon_abuse
fb6249d6-7a65-40ad-ac1d-5a7009cdb2bc,2ca88dd8-e7cf-4d61-8cf2-b4aec9f20715,true,none
7dce0748-c443-45f5-9b96-eeeccf290587,1486a6dc-7b3d-429e-bc75-9c843d5ff1df,true,none
1550c219-1797-4f19-923a-2ca52b489705,53e1d530-7661-4ef1-bd41-b9b1f3103548,false,fake_account
74d595e0-779c-481e-b176-ba3df927137c,090ba70a-2a53-4e28-89fa-12dce6d40d6f,false,none
ad04ed53-e115-42da-b04f-de5fa2cc7aff,b6138d01-2cc7-424a-8dd8-a533b6f7ec18,false,bot_purchase
c6634092-52b3-400e-aa6a-a11554c933ca,7f57f315-3cf9-41a9-80a7-172da2fbdf79,false,fake_account
a5968e7b-d181-4bed-a506-6ea20f19dff0,4699ef1e-f5ef-48ea-ad2d-78075f433b12,false,coupon_abuse
4ac5fa06-5886-46dd-8d1a-ddb4d1a1744e,601d5735-e4bf-459b-b2cb-cb2a72af74f4,false,fake_account
e10a9c31-3195-4805-895f-5caebf0cc676,2aa96722-91e6-4772-ab5a-5dfd1206f14f,false,fake_account
ee2c0955-d487-4173-9952-9a8a3a7b8fdc,e2460c67-6751-4147-b379-e19e57a87208,true,bot_purchase
9d6666c2-7dde-4e2b-917d-e61acc1e46ca,491bb53d-440e-4457-a599-0202555a1ea6,true,none
f924f612-ad49-4fbe-93c8-fd0331fef6b5,30265f4a-2f7f-4251-be39-2c333ebd1169,true,coupon_abuse
71bf5819-c1e0-4436-8c96-a070da325bba,4597b208-a4a7-4e39-b1e8-3f4d41b58642,true,fake_account
90973c35-87b9-4c5c-a8f5-09130fbfab04,2f29bf4e-e01d-460e-8519-256033e8dc22,false,bot_purchase
a6ea5f86-ec13-4ab5-b1d2-fc19b4109bc1,955a869f-998d-4a0a-8b02-8191467f4dd3,true,fake_account
b9ad3ef3-65d7-4467-964b-f825d29acb9c,3e31826f-f0ee-4c99-83dc-7cd4021f632c,true,fake_account
a9203d51-f65f-4c8e-aa3b-0c094bf258d8,ebcd7a4c-eeb1-40dc-9654-c6ee1e2a2127,true,bot_purchase
4c1e9794-8d4a-440f-a93e-b0fc30c6c6a6,5ad2e6ba-bdfe-4bce-981d-bd5ea49f2734,true,bot_purchase
f9627b60-a1f7-497a-a987-9bb6d583f9b1,6bc28682-ab5a-430c-a2b0-a5a9d57798fc,false,coupon_abuse
2d372910-4194-4831-bc51-3f2676341d48,c24b21a4-a885-4cd3-a057-e33dc0e8f3c5,true,coupon_abuse
9d9f19f0-f260-48ab-9574-2e1f54021b3c,8a7ecf86-c9b3-4f43-88c6-b06880fffe89,true,coupon_abuse
56f48cb2-7cf7-4be7-b5cb-548fac41bdda,55fd8f52-1860-446d-8ec4-690f9c23bcbc,false,none
a183ad66-f5ca-4fa5-9b07-bb7a31b7f399,d4c5876f-38d6-4ea8-b3eb-563a2f40d139,false,coupon_abuse
c4350443-1ac7-4262-a4e4-cde6a2da726c,33276224-9ef4-4879-b1c7-abab1597c2c0,false,bot_purchase
5529af7d-7277-4677-a6ca-3e61915ff369,4fa07a72-8ffa-4b81-901b-7008cef5c159,true,none
9b37a38b-4272-473f-8f88-fa3f996ae5e4,b835f3c9-d792-4661-b7ee-3ff0ce616e47,true,fake_account
a9fe2486-b20e-4de3-a8f6-a3032486b2b4,fa88f05e-be3b-4cbe-b148-03dcc7272ac2,true,fake_account
9ca8533a-f3a3-4eef-9a90-38b13526f1e9,676b8922-ff97-4c26-af22-4302715233bc,false,fake_account
a2f9eb15-d11c-4cf1-b767-d783630fdf80,2b131c4a-f71c-4461-a1b6-20062a49681a,true,coupon_abuse
056ee323-8767-4151-8c9e-4d4daadb569b,d2992772-5d2d-4061-9900-6da8b2691580,false,bot_purchase
3d42c40d-ab59-4b31-bfde-63b079977ef9,6512acbb-01d1-42e0-b895-7d3b2225f8cb,false,bot_purchase
ed39ff9d-0964-4942-837f-a453bdea6692,c25cc47c-1b1b-49b9-8ac8-64285d39afa8,true,coupon_abuse
9f9ace94-a9a9-486c-8965-905797ee83ec,b40eb62b-e476-4d46-b136-bd34987bb6e7,false,bot_purchase
04f4fcdf-01e6-4c41-9522-c4b769d9f474,aceedbea-e0ca-425f-b38c-e0513ab350e9,true,bot_purchase
9a72ab75-8535-45bb-bf7b-91e02b5fb979,65093d7a-208a-4c6c-a677-1ad948667f69,true,coupon_abuse
8758cb61-c3d4-47bf-aacc-7629c36d56c9,1979bcc4-3fb1-43ce-b3db-b944afd2f640,true,bot_purchase
19c04c5b-1574-45fe-a982-eadf8268774d,ba2a608a-22c4-4589-95db-65d4ef3beb13,true,fake_account
d728f8e4-6d0d-4d54-9e49-5cb84e0e5607,65f58923-db35-411e-98cc-e4658887902b,false,none
83bc4a5a-ca02-4a71-ae77-a264999e923e,4e68a520-0641-49f6-afcf-6b988e40b640,false,none
4e476586-b67f-4770-87cc-cabe26cf689a,004e2f5e-0041-4525-86dd-759438b3c37a,true,coupon_abuse
48a2999a-20ab-4675-88f3-9acd55ed7fdc,54f41bb5-21ed-433c-b0a9-57e3372b15da,true,coupon_abuse
62368cfa-cf63-40f9-8416-9de68bb40e73,9a33d4a4-acbf-4882-8e7e-5e891cfc3de8,true,coupon_abuse
8156be09-cf8e-4f3d-9f57-5a867f5253e9,53c5fac5-55fc-48c4-b1cf-fec3b57dc2bf,false,none
a3d11cc9-4c77-4744-b8fa-0c5418de40c2,a55e9d59-da78-495d-8d44-2587e8888f37,false,coupon_abuse
fe3385e5-b19d-47d7-a5e0-71fa8055f8a1,587d2109-566d-40bb-99b5-f9d3eca2eb98,false,fake_account
8397b4be-4f24-48e5-a13c-c8ed83efece3,4747218a-0d07-4c2f-a140-77ded3c56e6e,false,fake_account
f67b1775-947f-44c4-81d6-6297ade6a7ae,d6fefb5f-e939-4921-8ca1-0cb351610781,true,coupon_abuse
8d3c531d-03cd-4265-8c88-92bfbd8aa493,c9a4ffb5-4899-40b7-9082-f6e485b4e909,false,fake_account
59ede4f6-05d4-481c-acd5-90cd27740ce5,a5ecf457-c5e1-4f70-af66-98e517e54fda,true,none
d7036384-6ae0-4933-9f52-d19ffb7a0e4d,7f2eeddb-d169-40fb-b786-f99196f615b0,false,fake_account
d506deba-7f54-458d-a10e-ee59ecffa49c,3c38190a-c643-41b1-a06e-5fa62a309991,true,coupon_abuse
30bae16b-3a56-4e3f-91b5-44de1b3a707c,d0708a7b-27be-4154-aa98-a145dc289a0a,true,none
656aa6be-25bf-4633-8bf9-e8ba1168053f,5291e8f5-dc40-4a36-af11-720ef31012f2,true,bot_purchase
6a5f585c-f92e-49fd-bc08-29e6dfc5727e,14591dbc-113d-4a8a-9295-fcafe1b48b1c,false,coupon_abuse
dfcd7ee9-faee-4861-b081-64d87f758954,0e31d460-1a29-4f5a-b1ec-801e0610ba05,false,coupon_abuse
12cd9af6-509b-48ee-9161-d4721d02b57f,1428c177-79ea-4cdf-a16a-c2e691b99ee7,false,bot_purchase
c5e1631c-fbb1-4f11-bc57-7bef1f492603,6687ed79-fde3-43e8-ab8b-142a4af6264c,false,fake_account
50c0b7de-ca8f-467b-8447-c345f40e4a5a,513b5a40-3dd2-446b-b67b-f2f51307aca4,true,none
faf3d471-7e7f-4401-8d5b-8623674a2ed5,dceeec06-163b-4d43-aee2-b23b52e4f94c,true,coupon_abuse
2c590f0f-4573-46ab-99a0-08aaa8625245,9d5f13ea-dfdd-4503-9ade-b2bd458c5515,false,fake_account
a8a2715a-9aa9-4a19-9217-8f15ccc57e99,115d5c8e-6592-49f6-834c-75a040c6cc67,true,bot_purchase
0c8050f6-9d37-425b-a46e-66d59779c8db,c2b8d060-01d4-4918-b901-e31488d4f2bc,false,none
d98f4050-c727-4a2c-8bfd-ae8d265b488d,82f0abee-f992-4169-a1f4-8606a514461e,false,fake_account
34e1bc2c-c8a1-4c54-9a95-738ab599deef,8851e4b9-e474-40ae-81a8-4f7bda4c6e7f,true,none
817763d9-8d96-43a1-9acf-3573fc5d95c4,bd22e1f8-e035-473a-9339-184011d4fda3,true,fake_account
fdc80ab2-25ab-4a6a-86ea-d14cce170483,4f8eb2cc-0a52-4801-a10e-d7434fd48d67,true,fake_account
f7ee280f-a2c0-4cbc-8e8f-8bb3e02e5072,f52291fc-40fd-437e-92b7-89b1d3d55d52,false,none
623c25c9-3997-4b1b-9203-455ebd753b63,2e1c93bb-53a7-4274-a7bb-545b92d78c38,true,bot_purchase
4e1fad24-3a5d-41ec-bf76-a4c0b2b0b204,71dd3acf-a774-4a6f-af05-3dd3e9e17aef,true,coupon_abuse
eb5f96be-7a19-4ee1-9804-fc593a14d2d7,ac083aa6-e838-43dd-b1e3-7c48e8a9caa7,false,coupon_abuse
5ea3e2fb-29aa-4661-b521-d6704accdfe8,5e62b6e9-be2b-4a99-9cf6-a886eb22c699,true,bot_purchase
1579cd8a-7898-42e0-9557-507fe252f63b,0e6d0098-119a-4908-a009-e7192ebf3a5e,true,bot_purchase
b4ed025c-41aa-4c3f-8fc9-88e489b206f1,d99cee39-14ea-43a4-b3e6-9c604c8822a8,true,coupon_abuse
36bb46be-87fd-4e4b-8061-3b70733f3683,2c1451d0-1a61-4f55-98a7-a2759ede23b0,false,fake_account
c1f9b0c7-9545-421d-8139-734fd11ebfc7,902481a7-898c-4da0-b467-b1634d008cdd,true,bot_purchase
8aaa8c67-23ae-4a8f-800a-78fa554cc434,ec53c941-d0f6-4abc-8391-cf4fa34f4f4f,true,bot_purchase
8cf72898-7ce5-4641-ad03-e798c92e8730,58b87c86-d54b-47a0-952a-674633960200,true,none
1c19d4ee-ad7b-4ac0-9945-a22544ec40f0,e9dab3d6-57a7-4474-9e25-fda191979b98,true,none
d721ad45-f3fd-4d97-8158-764465d64142,78d11aec-b23d-4105-8a99-38994c2a5487,false,fake_account
4724e428-8355-4de6-bd05-04cecc17a4c4,7fbd5b33-e329-4eb5-ae58-9bf655765965,false,none
c5fa08d2-46c1-45eb-9fd9-e2f02cf86422,87c42e6c-3598-4984-83a3-695aea75ecfc,true,bot_purchase
00858518-baba-433c-8750-e8ed1f2f17cd,f859b5de-3704-49f2-8725-404b68a7c32d,true,none
5ee26aff-0dd8-4a31-8d68-5fb26e63b944,1b164f28-af7e-48fe-9dc3-c161b4aa5c47,false,coupon_abuse
f5ca9fac-12cd-4b52-b34f-2ea507a76076,b2b84e51-6f4e-4306-8efc-ee54c99f2635,false,bot_purchase
e190bc7f-7e2b-4d24-8be7-cfc5249e2d62,f6cb7d78-fe8e-46e4-95ba-8ab38e7975f0,false,bot_purchase
48aaeec6-ce43-49ff-a7e7-af6711c4f8cb,582b6593-e98a-4244-8bd2-78b7fc77eda9,false,bot_purchase
59a314da-9881-4d49-a607-42ea7f4cb5f9,41836cfa-ffff-42f5-b322-5892555b1bfe,false,fake_account
27c3d39e-f7af-436e-a924-3b09271a9ced,0ed4d3b3-b3af-454c-93ae-c3ee5ca10c19,false,none
dbab8e01-9c3c-4343-af10-380d3aca728c,db7f9876-89b8-4cf6-a337-ea1185ab167d,false,bot_purchase
0dae1b2f-e6c9-4c0a-9ee4-b0267f97d3ce,160b1eec-2da3-4b30-9197-ff7effda056e,false,bot_purchase
12817b33-b3be-47c7-b9f0-0dc722c38acc,ee84c402-70a9-4d7d-b982-8ecf8aae6fe0,true,bot_purchase
f089034d-0378-4938-bf61-cd3f655f0cde,58dec905-dceb-4265-8d0a-a756e546ae73,false,bot_purchase
ab544209-7fe3-43f6-9347-d15d8005fa5b,60df9eb3-cd30-42fe-81f0-995aaccd869b,true,fake_account
bf634881-b51c-4f27-8c4d-ce03ac2da113,28315a9c-9fdc-4dd1-b552-df42a09c6d5c,true,coupon_abuse
2d3d49a2-d79a-420c-8a11-e940a1d0f683,4c561426-6bfe-4319-9859-fe28333fde6e,true,bot_purchase
57b1ef3d-b9fe-429b-a423-74f45374a72c,76da6e44-1ba6-4a76-bb5c-b4dcdcbd80f7,true,none
181dec2c-a8ce-404f-be87-fd39b57aedf4,c612dec4-62aa-467c-812a-d665f53ec3bd,true,coupon_abuse
21034d69-8a90-456b-9492-f5c9c3154fef,e70cccb1-455c-40f7-b927-bb1961523a44,true,coupon_abuse
c850750d-20de-473f-8f46-eab3f9aafc9d,4bf655e1-b480-422f-a1c5-6698b8aa6eb4,true,fake_account
9b9a0412-9b6a-46f1-8c6e-c67b31ae83df,6c2b8015-8b4c-406a-a981-96592c85bb54,true,bot_purchase
c5e6912c-89f1-4f06-8817-81288ec01147,7f7ebc09-161a-434c-a89f-889835e4c447,true,fake_account
a85a087a-1632-4e80-87f3-d7582dc4dda8,21e40890-e962-4314-a7c9-f41e748252cf,true,coupon_abuse
f8a2ab14-5490-4e33-b9a6-f34ad0ea709c,73f188ad-e695-4e85-b4cc-3cd1af2b731b,false,fake_account
e174544f-8037-444f-be05-6ea2ab7ac93a,2e255ab1-749a-4186-8fcf-4f34c11aab74,false,bot_purchase
2ba2009f-2065-458c-8af7-0de3e8c11e58,52cb9fd6-07be-4bc7-9de8-9eee64696e09,true,bot_purchase
b08e582b-e392-4923-a920-887c2d555622,ef70db18-be1b-4d30-a1f3-6e90657546c9,true,coupon_abuse
6e2e58b7-63ec-48eb-bc47-918e188fb466,4e62ea32-d891-40d5-8b50-5d5a4de84283,true,coupon_abuse
af374333-4bb5-4e08-bc43-54e080607d82,87480ecb-34ee-464a-a2a8-3346b1a2f4a1,true,none
07e372e6-a624-4088-821d-7ac1a4738df3,8245d987-90a9-4186-bae4-2d5135d591b8,false,fake_account
6e520ee7-c4c7-4332-8421-a90970c19504,fa5f647e-29d4-4934-ab90-bcf50b5fe8d5,true,bot_purchase
3df80af7-f197-40b4-966c-3eb7a9afda33,ae195bae-9ef4-4c13-8a96-eb01228d4712,true,coupon_abuse
c2d79a1b-18fe-461b-a48c-f8efb6f7d693,641d5834-64d2-4a82-b43d-7f43448a6f89,true,coupon_abuse
c8a3ff5c-7240-48c6-af40-d24f097b15ce,e39b3be3-d8ac-4570-a57b-793099baf0aa,true,fake_account
26568b03-09d3-42f7-ae64-591a01b026ba,61386510-d866-4cbe-9446-9b00781a629d,true,none
6ff43557-75ea-4ca8-9cb8-53284c00e0e9,f996ac91-6717-41c5-b09a-0cd52c99b3e4,false,coupon_abuse
1baf18f0-7043-4f4a-be9c-122cebce0fa9,617c3951-c379-4e25-8a94-a801550a8940,true,fake_account
709e8b42-9085-4cfe-845b-bf36ec9fffaa,de7b3a36-d768-417f-94e5-03f1bb35bc23,true,coupon_abuse
f7c94320-3e57-4da7-8cac-103c90107700,19ae02be-184a-49cc-94a7-ca91ebe51153,true,coupon_abuse
11b996d1-37d1-42a5-a088-f47cb776108a,f81679de-aa82-4830-ab29-283f3b4cd4c4,true,none
74e73358-ea61-41b6-99b1-ab1851774dcc,98986ab4-1e9d-4e7e-a8fe-c1c72cd062a6,true,none
a2c0e3b3-1182-49bf-9f67-204b13cc51b2,a211cdd1-89e0-4a5a-ab93-b0b0d7a2a378,true,fake_account
9b7c1c57-81d7-4cbf-a4db-04446ce6a58d,0a14a396-f017-41ae-8cb8-a7fc6511514c,false,fake_account
e0217205-1031-4801-93d4-fa2b00417f85,beda1d60-47aa-4640-8197-982b574c8a24,false,fake_account
9d24dd37-6c47-4dc2-aa18-4e83e8d95990,6fd79a31-e917-447b-a655-efb3d82388a5,true,coupon_abuse
94e56f3b-6a91-495d-8d34-f0a26fedb87c,4f50f75e-6fb7-4292-84dd-e2a24d7f1e34,true,none
7d268934-0909-42a0-8ff6-52f3d9691613,8afa0d9d-3a4e-4b75-81ba-581300a2ec33,true,fake_account
8d6c7e3c-84b8-4b24-92d7-2b1e5c4366be,cb5ba181-37c4-4dd0-9c73-e61cf0e94934,true,coupon_abuse
f920b6ac-7a76-46d5-ad6f-d0fd0c1a0c20,11b0d16c-a0fc-4e5b-b303-fb14db9dfc56,true,coupon_abuse
bf06cb0b-53c4-4c88-8c3c-440b5c4204c6,5a2f2fc3-c35c-4bfa-8d5c-d7c8fa2b4dd3,false,coupon_abuse
ea9d24d9-847e-4a55-95b5-d545960dd1b7,febc3d83-672f-4ed7-a980-da4b0ba7d0ff,true,coupon_abuse
994ffa39-4934-4f46-8bae-0d12e79a02d7,41210010-cb63-41d1-9c72-3f77bfacd54a,false,none
8a409c5a-6ab5-4ef4-ad69-ec6830cee778,1116a4e6-5f22-4781-90bd-2358ffbd36c9,false,bot_purchase
82ca3e28-6b7f-4afd-8e2b-e2215a9fa2f4,f686c76d-bb0a-4e9b-a8b0-a1fcd448bf55,true,coupon_abuse
2af7deab-3ae9-4152-9fd2-c19535c913fc,19afcb24-ca6c-4707-a307-cab69a463f5e,false,none
536cf21a-1c77-413b-816a-36b6e32f8794,c66dd45c-4450-424c-b1e3-b15f29a6f4cc,false,coupon_abuse
6692f1e0-f13a-4ac8-843c-9646783bd3ab,1537b200-87da-4ced-8a6a-a4a811b5db12,false,coupon_abuse
41f2d902-0415-4438-b536-49bdabe960f6,e953d1b8-9082-4dce-b415-03ccbacab447,false,bot_purchase
5bd2f19a-bc43-4b28-a3ce-df1662ad2a70,9213fa73-e453-4010-a1e7-20e72063cb4e,false,fake_account
19de712f-2ba7-4356-84a4-106a9960c50d,8e41229d-89ee-4d1a-aa18-773b25999c0f,false,bot_purchase
99bdb8b2-1e94-4544-af40-d7b7b307225a,9f2c9f03-faba-4dd4-89cc-d97eff55f4b4,true,none
a1ec7e9a-9f83-44df-86e7-d9a3576df211,b8e7d953-bd80-4d0d-b5c2-16fe691b7562,false,bot_purchase
92ca0833-3e20-4150-b063-966db68d761e,1d07a9f6-d998-49cb-85b1-0281f172e346,true,fake_account
3e3cd1a2-5984-4099-bb2d-51a4b02dfef0,3bf548c4-89d0-419e-87be-70d0ebd13afc,false,none
b5365918-5681-4656-9077-8148b1b9176e,f832dcba-87c7-47ba-b456-5393365ee6ae,true,bot_purchase
a8196d64-019c-499d-816f-e8b8bfca51c3,93654d4c-c54f-47d3-9ab2-971c39541e7c,true,coupon_abuse
788c769c-e351-4e35-934e-7200c6ea4067,8189fb2f-21bc-460c-a90e-74e049def88f,true,bot_purchase
c487e4f8-0abc-40b4-8227-69cc842b1246,07145cd5-2791-4beb-9858-2b3d44fa26a2,false,fake_account
de9ef7aa-d8e9-4956-bb15-a751d231964a,9f774927-59cb-4e37-9d94-b6ee256db3fe,false,coupon_abuse
cc7663a0-95c3-4afb-b834-0c06fcf91885,b6515de0-19db-49cb-9b58-f707bad35295,true,coupon_abuse
b3681a7c-bfda-4ee8-8fb3-756ebf108427,f7c7e74c-9858-4949-84a6-cb260b2519c1,true,fake_account
22236b17-1822-4b55-bea5-24e64ae6c734,fbc6de1b-9226-43b7-8d0b-5e2deda780c9,false,fake_account
4cc7b11b-4214-4f0e-aac7-48af0790bd13,6b93adf1-2b42-4393-abb0-5a2eefd739e8,true,none
14612b69-5774-400c-a0c4-fe9cfd3e7c1f,18acce9c-244c-4a77-b817-100e6c9aaa58,true,bot_purchase
c861cdb2-293c-4746-bec3-afef1d914a36,2c198f1d-b387-40f7-89fb-2b127534a973,true,coupon_abuse
fb9519ba-c546-488f-bf24-ac850efa0009,96416307-ec56-4c09-8a86-421c66a8848e,false,coupon_abuse
91c4d50a-51b3-4c3f-81aa-616934766e34,fe76bf8e-e767-4086-b7bb-aa9189ba6ffe,true,coupon_abuse
6a2b92cf-9526-4258-915a-c48e7082adf3,9e6fbeac-da60-422f-9063-2bbd988541b3,true,none
24db0eee-687b-4337-9ce1-1790fa2040af,bdb13734-f6d5-4b56-bce6-9b350d10c38b,true,none
d086e2b1-1974-4259-b4a2-5ec3229fd3b7,fd2538ab-e705-439b-8326-c40e68a6915d,true,none
2d9344d7-c835-4767-8e25-c4ae3377dd2b,9aa1d25c-2d18-4e8a-ac86-ccd17d3717c5,false,coupon_abuse
458c44c4-3000-4644-a804-84dcf75bb95f,663543c0-7ce3-46e6-bad0-71eeb4c02807,false,coupon_abuse
1df2ba7f-4f4f-40fb-a44e-625ffd9ca954,b4617113-c5be-4c65-8145-220ac59d5715,true,bot_purchase
b09f1ddd-2b07-4814-8fe9-910caa31d7eb,4a8f6577-b0f3-4926-8914-5ec856986fb6,false,none
82c56704-493c-467d-bf4b-05a27fa16c99,bb76cc64-d601-4974-b401-df6d0a3603cd,false,coupon_abuse
4b34cd5a-148e-4cfa-9e97-68717c2be989,9cb2d486-2f18-4836-8a8a-33c966a204f8,false,none
7bc44baa-024d-448a-b263-db20c40487c0,d9736420-0ded-4947-8077-d381bbf1347c,true,coupon_abuse
25bd6988-4016-4fa3-8eaa-ad3d0b19da37,32ef9058-3b01-42bb-b976-4116bd2c75cc,false,bot_purchase
0da5fbec-9a01-435b-996c-cb04e5e1681c,2ed468da-839b-4830-a3d2-030751fdc5de,true,bot_purchase
93118c02-6842-4960-8154-8d71cffd50af,db7f51ed-f9e8-4a3c-8926-3c9be1b6a480,true,bot_purchase
eab905a9-fc3b-4111-a8e6-c4f5f874ca15,fcb2a452-7734-4a48-916a-fc019c48acb0,false,coupon_abuse
7979006b-00fb-4896-8ea8-1b0d2587c69f,56fdcddb-f295-4aa7-9a16-1b63007e381c,false,fake_account
fe4b8ef0-ce53-4009-b9e5-f51ab7c23b41,8de7e822-1ecc-4ec8-ae77-5565c6f796a7,true,fake_account
d160310a-11c6-480f-a436-af33cb29bdfc,f686c76d-bb0a-4e9b-a8b0-a1fcd448bf55,true,coupon_abuse
c7b175b7-1834-49a9-80cb-bcc94b205ac8,d24836bd-d5d1-4280-92a3-d5e64c437519,false,none
474f48eb-9246-43f6-971f-7bed57a7af8d,bd52df3b-a469-4d8b-851f-8b7dff96926e,false,bot_purchase
c6721f40-66ea-4669-93a7-9d05efd7ff5a,676f951c-9ce7-49ca-a8b3-90234f291781,true,coupon_abuse
dc1c1f31-be98-4ffc-bd36-c6a505b9776b,c25df5e3-333a-4ebf-b3cf-a5ec629cd5cd,false,fake_account
6d628301-40b0-4b8c-bbda-f4a9aea41caa,b34872a2-465b-4803-b80d-7b2884dfc670,true,none
b258d7b8-ee7e-4e01-bb07-628789942894,8b26a5de-2272-49c9-a902-0010a47ee1cc,false,coupon_abuse
4625f26e-83c3-48a0-b22c-287c158aac92,cbfd653e-5f4c-4f4b-a7eb-3f46d999a0a9,false,bot_purchase
fb1e5353-862f-4958-af43-bdf6f520795e,1218bc42-44f5-4649-989d-8418e7c62a92,true,bot_purchase
d387897b-b6e0-47dc-aee7-0403edf90926,8067e7ad-fcb8-4946-91ae-a34ab6e277b8,false,coupon_abuse
f17a4dde-9144-40a5-b89e-6a8ae98cb9d6,e3e2b298-9e6d-43fb-9183-8a55f1c058e7,true,coupon_abuse
7915631c-5f72-4757-ba8a-ca2e9e0d32e7,b0c07b71-d873-4533-95eb-b0068959f655,false,coupon_abuse
a61cafb5-e388-4076-a7c6-ec7d6ed848da,4d64b71f-6121-48c0-8e76-1ee1326b8992,true,bot_purchase
131dce47-8118-4779-bf9f-169d82bf3b22,14fc9972-9f8b-4ce0-9572-81cf4e95561f,true,fake_account
bf44a7c7-005a-4a28-aee6-fe2148df3a92,5e631f04-838b-439c-b4ba-fe585a61d0c0,false,none
9dd98164-ea9f-45c8-8fa5-c8723d1fb583,161e71ed-cf50-4b5d-9dea-c2f8f5da1a37,true,none
0c182975-2f4f-4167-9d74-4c7a1a1fed92,b6fd6a78-6891-4f58-b81a-6e71c21d9d64,true,coupon_abuse
3fecea49-98a4-492c-8443-c8b329ed33c0,e85b2e89-fb20-4612-ad74-90ef765229ee,false,bot_purchase
ee9f8ca0-818d-4c73-b230-c82c3f34019e,3122d759-0c8a-4a22-b11e-90056ce9a5f4,false,fake_account
21c9e398-0d77-4979-a664-173ce6582e20,43604630-2251-4666-b715-2586d2be721f,true,coupon_abuse
3236475a-7749-4552-931c-60129712a56b,4999c90d-3720-459b-a25d-0ed413bfdcb1,false,none
5f26a9cd-765b-425e-86cb-9b0a2fab7780,6d26f3d7-dec5-4896-8711-89137d245171,false,fake_account
20db66a5-f286-49d4-af20-38dc66eb99de,814e3f58-0a63-4b53-9188-7e49b3b4531e,false,fake_account
08c72cc8-7cf6-42c3-b730-af802acaaed2,c3a2caf0-2beb-46c3-ad11-ea51862fab1b,true,none
8ffc7d5e-2e6d-490d-8e5d-0a46fcf9b726,a0d9c431-b2bc-4687-ab8f-5094247dfb91,true,none
ae2affbb-b4eb-45ab-a837-4c2378725380,b6515de0-19db-49cb-9b58-f707bad35295,false,coupon_abuse
c6e178b8-3cd4-48f9-ae16-52b66793fe62,f7b15a97-047b-4ad7-8f03-d140805c9bac,false,coupon_abuse
9a0975bd-98a2-4e21-bb71-059726ce4f06,b889270a-1037-4eb2-a592-d26def1904c9,false,coupon_abuse
2668049d-19c7-416e-bf8e-cbcbec1ff44e,4120a0ef-7611-4a5b-8430-d3b6253362af,false,fake_account
a435d4b6-954d-4864-ac44-554e163d18aa,1ea19d3a-6b82-4fb8-bfda-8d853fd2f75d,true,fake_account
cd463ba9-15da-42fd-9155-ce78e84f2b49,c3e3dad4-d5f6-46cd-80e7-8ed1e8309200,true,fake_account
55d78d61-8084-491e-b823-2fec9e9bb5b1,989a527b-eb2e-4a92-81e6-7aeeb11118d5,true,none
b2010846-172e-4954-afe7-7b37a96bc2de,722cdce4-c0f3-4c38-9561-b6728dc1b385,true,none
c26d77e3-01ec-405a-a719-55cde9113ed8,8d858b73-2c0e-4077-bffd-d974cb1399ac,true,coupon_abuse
9c822df0-4e51-4c10-87c0-881344552616,af4fdde2-cde2-4f33-868b-b1cd9626a0cf,true,fake_account
30a12015-a98c-4bcd-b309-47f4a4c722d3,711216db-5221-470f-9b9a-178344b51f67,false,fake_account
d7358cf6-2c2b-4209-baf1-96ac9ecc9e2a,a0637665-970c-49dc-9267-0d22139fb437,true,none
56e71f12-8ccf-430c-bdeb-edc80e5fa35a,9c291716-9b5a-4054-a564-c10fd03553a6,false,coupon_abuse
b1a4e575-351a-4cb4-9b80-fbd728e2655a,987c1a09-f4f1-4f38-b4c8-adcc525b8798,false,none
0e2e335a-e4c6-4d6f-b22c-61c58ca3b4a3,5cba60e2-f51d-4ac3-a392-359599b9835a,true,fake_account
18a7cb48-eb2e-416d-9441-9c05da515f83,418b9d30-2534-4bf4-b5fa-dfea0fb6f7b2,false,bot_purchase
4bf457ae-d4fd-47fc-ae08-9822c946d0fd,80a0dca4-2c48-4d68-81a8-273859c5a2ca,true,fake_account
ae543d0a-8f6f-4ebd-bcab-685fa8762e4d,d8929892-5996-4e5d-b96c-b557b9800179,false,none
5eda370d-f912-4acb-b19e-3200c1fd5799,69125368-9011-4ef7-a258-34da4881a744,false,fake_account
4e5cd84a-3ef6-4156-92dc-c49b8b0bd530,d3b05a09-9cdf-446c-8166-53b4c1867007,false,coupon_abuse
f65fd335-c68a-4fd8-8848-6723c2b26d91,7f987526-0a6d-44f9-a2be-2be733dafef2,true,fake_account
d98ebb00-b7ff-4275-a326-0868e6c215b9,5597350f-0b91-4409-953d-58cc0a03d2ff,false,none
988cd75c-df44-4286-8bc0-a1027961f92d,789698ae-1f3a-47b5-8d75-f8ebc59674a9,true,none
f8a6f655-7875-4689-a536-b19542b15807,2bb137fa-1cc7-497f-8a9d-5690425ea25e,true,coupon_abuse
c92c2e24-586c-4789-960a-d16d58aa6dbe,69b112ee-405c-4e87-bf1b-60b529fa17a7,false,bot_purchase
5bcb5bb2-54b0-4999-83c2-341341da1135,b24be809-e000-4b3f-a9ff-d2cef01f617f,true,none
5b38fd82-fac4-4655-9fa3-e83741904ee5,bf06c593-2206-409f-8482-d66b093fa4e5,false,coupon_abuse
c260062e-1434-4adb-ae46-c0c8ddd4e798,530854aa-561d-490c-8300-94865134e860,true,coupon_abuse
7618ea7e-fa2c-4158-b29a-b310f75ed954,4600762e-b314-47d1-a11d-96bea76e8203,true,bot_purchase
b92f9b5d-70c1-4457-b10e-fbf1d9cc0be4,d9665974-330d-4cd1-bb58-d6c9e073ae12,true,fake_account
91a11bc8-0e2d-4db5-8d31-8b6a008963e6,f2fda3e5-7a8a-45ab-ba0a-47d3debc4b50,false,none
5efed485-30f2-4923-8498-13e993b7078b,4c5e770c-05f0-426c-84c1-161c0d211f8e,true,coupon_abuse
13e43e5e-17ec-4a22-bfde-eea1964802c5,06837e37-5c60-4412-800a-5d4169b98ca3,true,none
bb703f5d-1c68-4a03-b4e5-e38ce4335ab4,8b26a5de-2272-49c9-a902-0010a47ee1cc,false,coupon_abuse
db587bc8-8cce-4356-929f-3263f7232885,6f2abedf-40b0-481c-afe6-01e0e170faa1,true,fake_account
2425ddc5-794a-4e14-949d-567d9adb3a1b,901c1b6e-f49c-49ee-b17b-42d63c90267c,true,coupon_abuse
a8e6fd30-fe3e-46c5-9359-4f0d5b260d45,1c216a16-d453-4452-9c72-d5e0f7fd832a,true,fake_account
da0c2c42-66bc-4f9c-af12-daacc6363ba3,edadb18f-cbe2-4908-a579-a8c4fb23b38f,false,coupon_abuse
a9a7fc30-cb04-47dc-8c6d-7a2dc14aac3e,78d0c34f-b517-40ff-87ee-1f4e181d6322,false,none
0820a01c-5e03-4105-a64d-b6b26bf0ecba,a6417fe6-cf6e-4dad-98dd-4419303ad79f,true,none
542af147-ef33-4500-86e9-2369dd0c1344,71fae027-98fa-40ff-9dd1-1c7140803d57,false,bot_purchase
9bdb4f0a-15c7-4207-919f-9fab8587441c,79c40056-35a5-414a-be92-3675dc17851c,true,bot_purchase
f4b0a877-379b-4328-8902-4eb401b4ee8d,20c2d81c-5ada-4070-81c1-b36181a50c73,true,none
529b18db-02c2-4d33-97c8-b2e7dd587a11,fe12f91e-be0f-48e7-aeeb-488671d37cff,false,fake_account
81fec95c-9fa8-4f35-92f2-10a43d18b121,b34872a2-465b-4803-b80d-7b2884dfc670,true,none
4cced36e-2683-4757-8ca1-8f11773738d4,c1ed5fc5-66d8-4a9d-8f6f-3d10a0234939,false,coupon_abuse
8f511e4e-2db6-4f9a-a65a-b03fcd686977,a6b1c204-0a29-467a-ba84-45b6cc9a1d04,false,bot_purchase
2a14f164-fef4-4540-8b9b-a46f9ad6f307,ccf247a5-33ff-4656-ae09-e3b0fb176f87,true,fake_account
c7f5db9b-79b1-4c23-8a5b-621c7f2a674e,fed28270-c39e-409f-b030-a79827fa7760,false,fake_account
6b73f203-d478-40f2-87f5-c2e8e8db84e6,35eae9f4-ebcf-46bc-b83e-9c2aa7ab3524,true,fake_account
0496766a-b970-44eb-88ba-cbd6fadc2637,9d14502e-8561-4abf-ab14-60e9df8f55a5,true,coupon_abuse
f3aaefb7-76da-4623-bed7-2c39dec0c173,69b112ee-405c-4e87-bf1b-60b529fa17a7,true,coupon_abuse
b2458c52-c629-4ae3-aff6-407e61506d23,de199945-8f28-466b-8b2f-2acf0350c1f1,true,bot_purchase
368894ae-a94d-4780-bcc4-5ce0e8a478d2,979203b2-2323-42f0-bd30-e7fb7d681be2,true,bot_purchase
154c278c-96ca-4f8e-9167-8875f3efbacf,3e5a7edc-534a-4c7f-97d1-6c530e0618f3,true,none
53d24d50-6ea2-4945-8239-0558c3c48506,685c84d1-b4e1-4253-93c9-f74048951f86,false,bot_purchase
f0bc2372-a9c8-40be-8a31-bf8488c3da6b,c4192b13-40af-4f24-8258-63a15d875a4d,true,bot_purchase
a1b4e463-a1b4-4061-a158-172e593722fa,db49907e-b1df-4cbd-a27d-6d207e73cf0e,false,coupon_abuse
042011cd-4ae4-45d9-9222-2d78cd519b14,e9664577-c3df-4970-8fc4-8133c69da13d,false,none
ad9a8be3-5f01-4839-ac0e-da296e3cb951,abe35599-2cb2-4fa3-9261-747b02c610cc,false,fake_account
9afbfb33-b006-4f75-9df7-f0dec64adaab,b4ca4948-bb97-44df-933c-75b3a5d23ae7,true,none
b2a0ce82-a1f0-4686-8a40-654131f7c6b3,67469d91-33d6-4059-bdbb-c9bb0670f186,false,bot_purchase
a4c3d574-19b7-4204-88ff-111403550ca5,5db3613a-0672-40e6-b22d-f80460759ac6,false,none
66d0f707-51a9-4f20-b955-7841d7cc39f5,5424a522-a77c-4ecd-a718-62498f94d0bb,true,coupon_abuse
f7e9ab8c-62a8-4024-a3f1-8b2cd4facc2b,9c679de2-94a9-4579-a616-def5aeadec04,false,fake_account
5a5c3f48-4970-42a5-a126-91b45078ec38,b4bb54c2-f4d5-4977-8774-682998f954a6,false,coupon_abuse
1ba3d05f-d953-4622-ad72-d847f204844c,6251a507-de79-4394-b9ee-6f69aa59de41,false,fake_account
449e25d9-aa4c-4763-af42-a32d952cc4a4,50dfadbf-d01c-4ab8-881e-8e4fa114c3df,false,fake_account
884fc5b6-9a32-436a-9628-b7aa59668f45,8ca1b440-3eef-41df-b4e3-79578f02b632,true,bot_purchase
f76c08bd-7667-4fa1-9da9-f7447c52909b,d0687bd6-b106-4efc-88aa-9a822dac2555,true,coupon_abuse
4496772d-f6d1-4db1-8096-b281939d9faf,4e01a8f1-0118-4ad5-a474-97ec5632455c,false,fake_account
660c9d09-4184-4d74-beb2-fa501c7fa9b7,258c56a9-969a-4a19-a418-963843704dd5,true,coupon_abuse
f1b33a59-c468-4d14-82ab-002bf42f7294,f51379d8-7efb-421d-9151-5cfd6e36e05c,false,coupon_abuse
2c160456-2a90-4b81-be8b-0b1120f0dd22,90c8c561-bf2b-4d69-bc14-837fc61880be,false,coupon_abuse
1f96a12e-0823-4385-8dea-a7e9626389c3,4597b208-a4a7-4e39-b1e8-3f4d41b58642,true,fake_account
bcc75651-767b-40b9-a242-7b92dff83e81,9caf7ad2-9c71-467c-870f-767171addf84,false,fake_account
d327f65c-4e84-48dd-9ae3-54842fcaf7af,bdbe2900-0a07-40d5-b166-3fc82a71e55c,false,coupon_abuse
19a39d7a-f59e-4870-9eb3-7356e8a6d55d,a3dfb2e9-8e7e-483c-806b-e5fe425e2fdb,false,none
79dfc020-c4af-4851-a95c-c690bce98ad3,8948aaa0-6ea2-414e-8eea-7db114ded6b5,true,fake_account
fd88d53f-93b3-4ab7-ab35-89759075879a,fa93880d-e9d0-4907-ae27-55dfd60fbeba,false,none
4054fefd-d405-49f2-8b53-1e5d95d68db2,c390c816-0177-4377-b5bf-317e512764e4,false,bot_purchase
a516c3e2-c36b-43e9-ae1c-25083d43c41d,a029b431-5bd0-45cc-936f-b25b9d1584e6,false,bot_purchase
d3e0319e-c105-4984-b4af-c1a3c1eae9b7,93e5849a-650c-4508-86db-6e02ea4fed5d,true,coupon_abuse
984bcbfa-4f05-4e56-b4ac-6765edb9c9d1,7994b2f1-b6de-4c03-95d8-090069f9c799,true,fake_account
4f588e98-7c53-4587-91b5-a1a1cdcb0314,d3629808-f28b-4bbe-8f5b-3d77e238fd60,false,bot_purchase
cfcbb1ce-40ef-4825-a2b8-39f62a8e781a,03b2c204-bec9-4d63-81db-659b78a013cd,true,bot_purchase
860d4e0e-132b-49c9-99b4-da925d6a5897,fed8bbf6-2cac-43a8-855e-c7aecb544c97,false,bot_purchase
ea84834e-91f4-4abd-9202-d332df1a09f9,7c4f6d0b-02cf-4c0b-b53f-c8fe9bb71636,true,fake_account
bd73d3f6-8747-41cf-a332-960eba887b20,0a61c5b2-4e0c-4f53-8454-5c3d912d3d1d,true,fake_account
41699f49-b88f-4539-84e9-0f9bcbde1f4d,f157b819-5597-4671-bea8-c2f0c91a027f,true,bot_purchase
3dbe128d-a64c-4aa2-8115-d3b5234e7d9e,dc08dab9-17dc-4d55-bb18-3adad7ad13d2,false,none
5854362c-7b23-4331-b6a9-851ed1559656,40f3bbc4-b070-4b32-b1e4-ac08a57832d9,true,coupon_abuse
7f3257f2-4f92-4654-924a-5c5c286c6f37,3192f69e-3dfd-4ca7-ab8f-cf2d11e449c5,true,coupon_abuse
4b202c03-8560-434c-af7b-750e2ab140d3,9f594008-6e04-4ce2-8fc3-eb6e801fdd84,true,coupon_abuse
b16b7367-fdf0-4c29-8fd5-5aa27ffff48e,5c3fc647-a816-4b7e-b766-739692a7a833,false,bot_purchase
a9bf526c-83e7-4fc3-9d2f-b62bba703a91,f2ca699a-f50e-4d2a-9969-7175b2aefe95,true,none
7176ce1f-b162-4793-8e89-3e530cf7a1c2,9896f6ce-79d4-4968-b24c-02f79cb508b2,false,coupon_abuse
a9cec78e-8895-49bd-bb1c-3812c85caf8c,a55e9d59-da78-495d-8d44-2587e8888f37,false,none
35f6eb6c-f223-4fb7-8391-11ddcc17c258,ec1f8b4e-0761-43ef-a8c0-368751f2c7c6,false,coupon_abuse
41875a1d-5ff0-43b5-a624-835f8c01b6f7,221de608-62c9-476a-ac80-2541a3f18f38,true,fake_account
5665c8d4-7c67-401d-a672-e038c36be87a,2a35f782-0a2b-441e-b464-0b16024b3dfb,false,coupon_abuse
47b8b041-29de-4223-9bf4-7107be135a6a,df92324b-e528-450d-a285-6e0ce608892c,true,bot_purchase
a6b1031d-25d5-4e91-a4e3-a86054da84d7,0e41fd71-da61-40cf-9a28-16e15ef06fce,true,fake_account
a4c27b83-2b6f-49bf-972d-8be2f403a4d7,2a051470-f119-40d8-95dc-f4b61f0b6b78,false,none
14198a61-7311-4953-b1bb-d2ad6e6d3dee,2e35245e-6cb5-492b-a83e-668d73eb00cb,false,bot_purchase
dee5e53a-116e-4abc-961b-a49238d88055,d55f18c2-61ff-445c-aff2-832323d5ba4d,true,fake_account
8d04cda8-b93f-4742-9485-1c42224d9d8e,9d198435-bd95-4897-9e36-42d5a7ad82c7,true,coupon_abuse
ecee94a3-64b5-4426-a899-f11fd7bbc59f,f7c7e74c-9858-4949-84a6-cb260b2519c1,true,bot_purchase
c0dc0084-ba47-4d34-8844-2a394882c7ef,98c9d7b5-0da2-4831-8f36-5862ed7b4b3d,false,bot_purchase
74758735-4535-4a82-acde-5fac79e62d0d,8f385ce1-4f96-4ccb-bff3-771496861001,false,coupon_abuse
48944d4d-5bd0-4d9c-9e5b-f3b77b701282,9db913fb-6a45-47a4-ab31-f3e7a39041bf,false,bot_purchase
de1a4e72-826d-489b-b9de-fe3e48254194,c8cdbc45-343e-4518-ac45-4b9394192003,false,coupon_abuse
0f82bc77-80b9-41ba-9fbe-1772e25f124f,3f2ecd4d-4460-40ac-8896-393fab53b723,false,coupon_abuse
a8b6d852-6cda-4146-9b2f-5cbc56d4765b,24283f52-00c3-4b17-8926-ecda7e5d2b1d,false,fake_account
549adecf-5ec0-41b5-9af6-94ba768ceeb2,477c0703-b347-4f8f-a629-6fae42354911,false,fake_account
2d844638-473a-48f2-9eab-8bfc39671ece,a327e126-ca92-4bef-9817-08b318d129e6,true,fake_account
28fc4705-468e-484e-8bfc-7f9a788f86b0,d0687bd6-b106-4efc-88aa-9a822dac2555,false,fake_account
85aea21d-11f9-4ef7-aea0-83e21c8b1fa8,bb44c6dc-eb1e-4352-a5b9-fe8fb73b27bf,true,bot_purchase
1e9f0a76-d0c1-4e36-b648-c00cf1901edd,6a27c1d7-1501-4753-b0e9-7bc0abf7ff8b,true,fake_account
4b0d1b21-0ffe-4377-84f0-c8243cfaaeac,6c0fd64b-71e9-4377-a613-8a4f2c1db87e,true,bot_purchase
1784ec74-290e-4211-83ff-7418df3d3787,70f2dbda-4d56-4e76-b5f0-27f7e8a0631b,true,none
06fca19c-1478-41d7-a5f9-3476719fc454,a41bf18c-9492-4ffa-a114-0e2fd2a74249,false,fake_account
353b0515-5019-451c-8cf4-d716c9bee6c8,d97cbcbe-f9f6-440f-b801-7ebfe8ac7b88,true,none
4547c751-d91e-4dd0-8802-ae48d1821c81,b27ce39d-f092-4b3a-8aed-5e3f4228846a,false,none
c8504152-2e10-4dc6-8cb8-7bb1b6306b11,4aca4180-8e1c-4af6-b191-4c7f9679e538,true,bot_purchase
cda2f55e-7baf-4c08-8d4a-91e20501f55f,1acfb25c-5294-4ffb-a9b4-b9f137849a52,false,none
b695be58-dff0-4a6c-87c1-c8f4d96de45f,2d6ce73d-aef4-42bb-8f08-0757df5e3dd3,false,bot_purchase
821e16ed-1b97-4876-a8c8-ca4226a343e7,8cc410f7-5443-4b44-8813-e7a6a324d4d9,false,bot_purchase
41575770-6ece-4f7b-be06-9ebd7357b88f,50056154-ff70-433a-9478-cbbf757dab28,true,fake_account
c1cb4327-df6b-408e-b67c-47b6be22e84e,ab25d717-14dd-4d4e-b8d2-551b1310af65,true,none
c676639c-c108-4615-a534-7038a710a66f,54dfd383-d542-45fb-b171-d6e82d9f6201,true,coupon_abuse
df6b0569-a8ba-4ff0-8cc6-6b9bd9abf30e,42de8638-62eb-4f47-807e-1a9e19523620,false,fake_account
06901ada-2091-45f4-a817-e9bd6071432d,599bcb65-9363-4e7a-8a97-b034b9c3edd8,true,coupon_abuse
6259dc71-5b15-463f-a65a-bba64b38aa08,c7b594f9-f53a-441d-af2d-c205e0d1a0a8,true,bot_purchase
04b3bc41-aea9-48a0-b8d9-26057d81b104,f7c348b4-8a9d-46b3-9b1f-0f4182ca2cb4,false,none
9d93b037-2427-4d5f-a94c-88a28c3cb61e,3aa57854-ec9e-43de-ba86-738ae855556c,false,fake_account
ec2a83cb-9426-4ec4-b073-a6bc1633cd51,2d838dbb-d0a0-4ec5-a085-1029095f0b42,false,bot_purchase
13b98422-0f04-4045-b650-5c4d67f57809,87c42e6c-3598-4984-83a3-695aea75ecfc,true,bot_purchase
9886200c-a407-4656-9621-60809ed2c234,5ef9cdae-0f29-4dbc-bf38-2a2c5ccce804,false,bot_purchase
a4c6e362-b1b1-4a30-8e39-6bde438f4f09,3d8dd429-1d97-4d77-99cf-9c300e9142f4,true,fake_account
05fce7d2-95b6-4109-997d-15aee0045734,b28d4479-d737-462b-85d1-84de7b66d25d,false,fake_account
fb2d5408-c69a-4b71-a392-442f9c7ec9e3,784badbc-7341-46e1-ab30-78a2f3a46011,true,none
c372ad27-17ae-457c-8eae-4788b382b654,e240bf27-f373-4670-af1b-216ca3a0abb3,false,fake_account
a404e13a-e154-4c56-a88a-58abbbbb06f2,db7b9416-5f29-4dcb-93ec-978771709b51,false,none
562134fc-b4f9-4d9a-a6c9-8b1a692c8e09,e3e2b298-9e6d-43fb-9183-8a55f1c058e7,false,none
46f50216-bf95-4575-9438-9401e8afb7b1,781bf1ea-65de-4ffe-9b00-957ed40ce8ef,true,coupon_abuse
e8475e31-a8fc-442a-9ee9-3b70234b410b,2bbdc322-9235-48ff-b5ba-0808b7185541,true,coupon_abuse
0d5a2194-9d8f-432f-8021-76773332a199,ad2ff0c9-21b0-4750-9ac3-d4c86cb3cbcd,false,bot_purchase
817e01e5-46ce-4826-b43a-ddc3e07d7ed6,eb0c977f-9a0b-4aaa-b11c-067dd5d873d6,false,fake_account
0ece937e-1d84-499f-b7bc-0e513b09e581,fb685f93-1c9a-4fa5-aec4-0f12ef7aacfb,true,bot_purchase
84fe564d-db14-4181-bc8f-ab3c68f46e3b,9e8c9808-79cb-4767-b106-60df4d455e25,false,none
be6c2398-8964-4a6d-9c0c-95fc3303b3f9,5732f90a-06e0-483d-84fd-1f6d6699eef2,true,none
a318439d-1932-403b-9198-83392680040d,fb8223ca-6c75-4f13-ba39-9f34dbca3bc8,true,coupon_abuse
bf5ae317-583c-4b1e-9df9-3253f2b05ca5,9927cfe8-bb95-4752-a43e-8d97fea0ef77,false,none
55846324-4d15-4eab-a17e-2e8a6a92eb82,3143f0e3-a966-4daa-953b-0e4fbeca7dcd,false,coupon_abuse
c4f94ece-4e94-4d71-9e68-926511605cd6,b096a605-eb6f-44de-b690-0b20558c2dcc,true,coupon_abuse
0e4cb481-1101-4a89-91d1-d526e986b394,2f58cff9-06e1-4216-952e-9c5fc6e1346a,false,bot_purchase
69d2655e-ff76-4614-899f-aa1118bf304d,c1c2c3e8-a32c-4dd1-9021-da20dcd5fbe8,false,coupon_abuse
0d483866-8b9a-4d4f-a936-510c2901afd8,44baba01-10bc-4eeb-bf79-7ba7a0e2788d,true,coupon_abuse
5f3ca317-1e49-4697-869d-c70595071deb,f976ec8a-fc21-4c76-945d-f572d3ab738a,false,bot_purchase
74b3c0dc-4067-4b2e-afb8-ca73f477cf50,17cee315-9213-44e0-9b37-105b333a2d05,false,none
d676482d-2631-4ba0-9c44-ec9a61ef2d63,5e808a96-82d3-43f7-a204-6b275c04306c,true,bot_purchase
64f85c35-db36-49be-aa68-b6dbf187eda5,5e631f04-838b-439c-b4ba-fe585a61d0c0,false,coupon_abuse
6804bb7e-d5f7-412a-b350-7a82af9bb005,a086dafb-2302-4a3d-b91e-4c69252090d9,true,fake_account
938adc28-6ac3-4c73-a667-62503dab9198,29cf2e8b-0d3d-46ba-8abb-299d1f1cd432,true,bot_purchase
50d21c40-b153-4ac5-9385-0d5b0ed527c5,74c2f7f3-df5a-4807-aa16-70456b722f38,false,coupon_abuse
004935dd-f77b-4db0-b729-8fd221be28db,d2df43cf-380e-4e07-8b9a-d212840e74aa,false,none
34509c26-4278-4ab7-8c47-3460943fd31f,2784eb30-a3e9-47fb-97d0-66e91225a8ab,true,coupon_abuse
28003925-9ae4-4b6c-97b5-1a68f8fe9d77,53e1d530-7661-4ef1-bd41-b9b1f3103548,true,none
91cf2038-8db2-490d-946a-de90517b2dd1,f8b99eb6-cacf-4ef2-80dc-5bc638736f8f,true,coupon_abuse
669bc68d-e6ae-4f28-923a-113d13db61cb,c45c4a77-687e-40df-8873-69fc40b9557a,true,bot_purchase
0940e3a4-5bfd-42f9-b857-e640841b5f92,e3b2e9d1-20de-41b7-9311-caac4702647a,true,bot_purchase
ce27b1fc-bab8-4c07-984d-8b7cee647e00,e6c4da44-355a-4533-8054-ea6999a27001,true,none
d24c6fac-ff13-452e-b1bf-d967a1104cd8,186dc715-af3f-40b7-bc51-90006bed2198,true,bot_purchase
a1c79667-72e0-47fa-8d79-0210cdf2b0a7,68e2f146-0b7d-4cf4-9911-8af08012eb97,true,bot_purchase
1de9b37a-6843-4846-8f98-19c2cc12c936,24c936fb-8c84-4a88-a2f5-acaf271cb2a9,true,fake_account
fadb71a8-3756-463e-b2dc-01d9dfaf1dfb,5a331181-8a25-4670-9039-8ee3b105b51f,false,fake_account
dcb11134-98f4-48d5-bb28-11e5d634d94a,49ccb9d0-65c5-4054-9404-178c65af0201,false,bot_purchase
8940c493-979a-4ca3-8fb4-a79a0419fde9,00b4bd5e-7bc1-4434-bdb9-1b8f600b02c0,false,none
fb6a43bf-e814-4c2c-997a-77edd4edc104,07e91a54-900d-48d1-8925-27a347fea456,false,bot_purchase
e842cdbc-b4f2-4528-b842-35463740f86c,714b511d-0330-485f-85ae-038cc2618786,false,coupon_abuse
8e699a20-3549-475a-b00a-8e7c13b9de51,9a3314fd-b7b2-45d5-9c43-e6ed8c6548d5,false,fake_account
d17459e0-5e49-4eb0-b736-7e7c425f6ce9,d5be4b66-275c-48bb-9348-8fae999e399d,false,none
d3b258b1-2c6b-4b6f-a521-6f776a92e38c,995d3ffd-624c-4239-b51c-7265885e9a16,true,none
a474e1f7-42c9-4ee6-bcf1-d2fb9ba3e646,abb143de-1f3f-47ac-adf7-b4a6dbae0fcd,true,coupon_abuse
2c500a02-1c57-496b-a0a2-17e400e3c8b7,4907ab0f-2f19-467b-9abb-81d3d302c2c9,false,fake_account
b94053a3-6a8e-4a84-ab16-e1765a5d84d5,37fd99ec-cc7a-4e3c-bd50-bfb4047af7ad,false,fake_account
5743d18b-5dc4-466f-aa21-92b3e99c05c2,4a21d4b9-4f9e-4d87-b1e1-58c778f2f54b,false,none
ec112b6b-06fb-478c-abc6-7f391e46cd6a,86ae740b-20bd-40f2-82f3-580029ecc934,false,coupon_abuse
e36c9eb3-7370-4dcb-aee1-cd7508a2028b,790ce006-81ea-45a3-bcf0-86e827a7cad4,false,coupon_abuse
37489c7d-e56b-4dc2-abdd-2079ac53cac4,f2ac4f10-882d-41bb-bae7-f4896ab178c9,false,bot_purchase
17de9c27-73e0-454c-8437-fbcc84d516ef,aeba6f93-dcd3-4e1c-91ec-f411b8e93092,false,fake_account
bf85398e-d775-471e-9f3d-eea5cb13c8c3,72bced01-6be9-4291-b9a7-66e6585e102e,true,bot_purchase
0b9510d4-7777-4841-ab82-5637f8651061,764715aa-f6ba-4fdc-bc93-f02d34a68280,false,none
6c37c6a0-221d-450e-8dc3-3b8e35363410,9a3314fd-b7b2-45d5-9c43-e6ed8c6548d5,false,bot_purchase
c43bf878-640b-4ba9-ab93-180364c3d50b,b520f980-f134-4fb4-b6be-3f768cb15969,true,bot_purchase
14de6c10-1eb6-40fb-9db6-7d9db6fd259c,ad26fdf9-e33a-458f-930a-392dd91c9158,true,coupon_abuse
ea5db942-4779-46d2-8238-30a7cc3e0aa2,c7d95cc5-c490-4190-99df-4d1a340facf0,true,fake_account
cd98059a-0f7a-4aa0-98b4-260ef1f13f4d,7fced07f-1379-4188-a4f3-28702dc817bb,false,fake_account
df12ebe4-3610-4334-a41f-7d7c2e5e997e,84a25002-f10b-45f0-aee7-9dcb2d5e6752,true,fake_account
29baccd4-a6d5-4f56-8097-a72c1636474a,47673163-9b1f-4283-b8aa-8e16f80a6bd9,true,coupon_abuse
fd475a79-55d5-4b44-9ef6-e89c9f56b8e8,ff6afbe5-bbc7-475b-934c-30d00e88d0e8,true,fake_account
d041a2ed-f0fe-4298-96a7-d7824829e8d3,6345540a-463c-4c37-98a5-7699453f04e1,false,bot_purchase
e7d928a2-1996-459c-807b-7e64c432fb43,c25cc47c-1b1b-49b9-8ac8-64285d39afa8,false,bot_purchase
9af4017f-23f7-46bb-a6e4-a245410a37b3,2976d8c0-19ae-41fa-8654-a922f713163d,false,none
6d278be7-d528-4575-827d-a388e31c66d6,d1295212-5be3-4875-98e0-c7e2b76593a8,false,fake_account
f1cedacc-0a2d-4f30-b839-62fb0ec09bcf,83970b61-e258-4974-aa01-914b2a351732,true,coupon_abuse
7d92e5b8-5a6b-4878-93e8-25b471e15682,223c9fa2-5a97-41b6-9071-a5cfe7face2e,false,none
f455ff20-5ed4-466b-a853-2d465aab7ce1,8848c718-ee49-45a1-99e0-494128fd1c2c,false,fake_account
56bd412d-780d-45f0-a733-3cb5466a17b6,d97cbcbe-f9f6-440f-b801-7ebfe8ac7b88,false,fake_account
4fd94b66-6e1b-4088-b919-d3c829645178,47311d98-af9b-4609-9537-58b9f792b099,false,fake_account
ca98ab6e-2bc4-40d4-8cb4-58ce64c1238f,1fbeef37-8aa0-4646-bfea-d2060d83276f,true,coupon_abuse
1ecc1a7d-e0e1-47bd-b3a2-4ca1af6de30c,01dd4784-9c34-4a07-93b0-68468e878793,false,none
51c47da5-9487-46e5-af6c-fa99e59f0989,51ff8f28-044a-45ff-86d5-f34068386a13,true,coupon_abuse
9a3d9f2c-a1b2-4e88-99be-89861a15550f,abb67000-0efa-4575-ac6c-cfc895d9a803,true,coupon_abuse
9eb1eedc-806c-48ef-a621-dd9fa7a6662a,3d68538d-cb2e-49e2-a1cb-f0da798e25b2,false,coupon_abuse
a018bba7-ac29-4e17-9822-e0ef35233de2,d0687bd6-b106-4efc-88aa-9a822dac2555,false,bot_purchase
914c7a0e-fdb2-4f42-8761-43166ef4b325,05e9c283-5ad2-44e1-bb65-a0d56aa50723,true,fake_account
970479a5-e1fb-4723-ab56-285223b3052e,682967da-3abf-4232-9549-c55e55dfe536,true,none
e7140e8b-54bb-409f-8f15-b334823941b9,204d750f-54ff-4227-b2ab-4889e09db876,false,coupon_abuse
9590b0b3-f73b-4fdb-a446-a2c8baa1abe3,eef4acb8-ba31-451c-a608-d4ee4ac38a68,true,bot_purchase
56a1cb9c-6de2-45c9-9675-58d5696c33e7,b0dd43b4-3603-4f06-973b-3d10216f2694,false,fake_account
332acd66-d708-4657-9952-dc27dd09b7d4,6499220d-d5dc-4ecd-b730-4bdb1cb72797,true,none
bfc7374b-0192-4abc-9ef1-6cd78f9f6f01,f10c5703-fb58-473d-b1e1-d605efa6477a,false,fake_account
74846af3-e2e6-4397-bbdf-9212eb60967f,051c5d57-8ca8-4be7-a17e-6d8848b05a3b,false,bot_purchase
0f1af925-995f-43f7-a031-9aced55cf34f,52d6a835-c9b6-4ad6-ba08-fcf14d97e450,false,none
abbf81de-9e1c-430f-9bc3-bfa270dd208f,5d98db08-393b-4959-9ca0-056085192fb0,false,bot_purchase
43540c18-84dd-4068-b671-145335dda1f7,63ba51e5-4785-4ed1-9b69-657307d757f7,false,fake_account
8fecd21f-48fa-4c4a-addc-4740c4b12234,6334f1ee-cd82-4a97-8736-711e98b8b9e2,true,coupon_abuse
199b01d6-3c58-4847-b397-2c512046b4e1,2b9f6366-98a0-4c8e-9f13-92711c8efd9c,false,coupon_abuse
1299a89a-5510-4100-b316-594c5ad95cfd,9023523c-3182-4483-982a-41bd9d0e3f42,false,none
7c71f8e2-5741-4cd4-afef-70406989f8b7,3ba243d9-083f-4731-981d-331546c369c9,false,none
5fa1849d-4a62-4054-9984-10ef59531106,e7098a77-74f3-4984-9770-e89a228e9469,false,none
f73dab54-de9c-4088-826b-199f879f5986,4d1f2c8b-3909-49fa-8a40-9e31b902d47e,false,none
bce3cd6c-f3a3-486f-8220-84a2b1609d57,5cf7ab1c-6f61-4c0e-b756-a31956ffab7e,false,none
6483527e-136a-4904-8e4f-6b2d39115f86,27afaca3-7dd4-4143-983e-82ba7ebe2b5c,false,fake_account
9df7adb7-d810-402e-9082-8b07ca83d8b6,f59ef1d3-3552-4287-a3ee-cc6ff42b2b8f,true,none
4e429bd9-fc41-4b89-9839-803733550e41,68db5280-abc4-427b-9d79-5ea32006cdb2,false,none
cbba43d9-c9d7-4032-8c61-ce5017e7c70e,4cb7f5fe-aa4a-4ad6-9477-5606b68f20e4,true,fake_account
982cca92-732a-4b2a-9310-2c24cad5ec95,4bd62594-8148-4534-9ada-481c0c7b3ea2,true,coupon_abuse
b88a94cc-ec1b-4234-a362-e5445c6601f5,e0e74838-7fd7-4986-8381-2a976e89167a,false,none
1792ebf1-bff2-4bc3-bc15-dbd8a5017498,dc589ef4-c939-4cee-a382-33990f19f02f,true,bot_purchase
95cc2dac-8d66-4fd1-b22d-fb43f3845409,44ad90d8-3aed-43ae-9888-adb7f4cf0273,true,coupon_abuse
b51d5f77-0ad1-4c45-b5ee-68d305f92e0a,d03b56f6-d336-4d83-8864-69f6629d0300,false,fake_account
df9a848b-314e-45a6-a99d-beeac97462a9,41210010-cb63-41d1-9c72-3f77bfacd54a,false,none
61b708ea-1f4c-4f17-9d0d-98c07e863a58,07145cd5-2791-4beb-9858-2b3d44fa26a2,false,coupon_abuse
623234fe-7178-44df-9bc8-9ffa0056d25d,d2c5a98a-e10d-44a9-8e13-2864a6a2fe8e,false,none
2480409d-3abd-4759-b93e-02badcaa5f3d,18f521cd-4503-4daf-8efd-e5c50b066342,true,coupon_abuse
64646a89-37fe-4aa2-94b5-e83142ea1053,ebe08fb2-3e3d-4c69-aa32-338bfa1668ee,true,coupon_abuse
752b9405-8783-4799-bf67-8e30d41f9b2f,4e7e0513-3b53-4176-94dd-b07943383621,true,bot_purchase
7f5c7f41-0edf-4b51-8ede-75e8e269b09f,d0bf5f26-ee57-4abf-806a-c9684dbab235,false,coupon_abuse
3179be3b-3da9-44fa-8e1b-19498ca07ea6,55f8ee48-ff6e-4d2c-9ee7-55888c3ad8d3,true,none
7aebcb1c-a59a-480b-ab29-83b5d4c48e93,cd164ed7-ac12-43f3-8f34-edef03aaf4f3,true,fake_account
76d6f7ad-aeec-4764-978a-f2934bf66c33,8ad2ecd9-10bc-4f58-bdde-1988e5be3b09,false,coupon_abuse
8f092f79-5031-4d2d-a2a3-3e2d4d2b2fdd,b8c38567-7f3d-46e2-9152-d0e719e9ff22,true,fake_account
63766eef-d6c3-4a45-a30c-75b47647e961,0792f1c8-da57-4cbb-bd94-40970107ade9,false,bot_purchase
dba04626-1d12-4591-957b-e5a5575bd481,c89eab57-5695-4e96-ade2-4634905ac2ed,true,coupon_abuse
6913d196-df6f-4362-8398-77681d87d61e,01dad2d8-436f-4f6a-a8f0-1afa1907f921,true,bot_purchase
18e3c1f3-4998-4e1a-9b58-8ce2442ecc87,daf15c69-2376-4278-8a53-51a6e8ec1139,true,none
943107d7-e342-47f6-ba5a-418c320b015e,70ecd451-bb61-4fb4-a998-a58a324294a7,true,bot_purchase
f861aaf9-297d-4325-b9d2-536b0e01d08f,a8976b43-f698-4a69-be9a-fcceb860f792,true,fake_account
677aa1b2-2e36-4c35-afd9-63f310dba5c6,2c82b9ff-4163-4a53-9f0c-a0c841b6823c,true,bot_purchase
e5936943-a2ce-4b39-b34b-a984cb0b2a68,e298347b-5147-452c-854c-bb4e3bfd542a,true,bot_purchase
64de5c58-b0b3-4e7b-9508-f079ce9b49a9,e9032087-6416-4c1f-9aa1-ae045977b1f8,true,fake_account
5abb6853-330f-4e5a-9ba2-bac537dbd1f0,5d094178-dc70-4f6c-9508-f8e1ab48cacf,true,coupon_abuse
eb92679b-3ae1-4f51-a749-0f43e70307de,26c86707-beca-4e9a-92da-1eef32059bbc,false,none
237e6dcb-53fa-497c-a747-1f73877dbcd8,c4ab6c38-177f-4861-baef-cb2a6a960c49,true,none
c71531c0-c3a2-4481-a5e1-49e657fce04a,75c74c01-0c5f-4e82-baae-2b03f7fa687e,false,none
c9f699ea-6cfb-42a9-aea4-db9ab38debc4,e28c4be5-c960-4819-b523-dc1a2a8a8c1c,true,bot_purchase
afebef65-aa41-425d-8c21-be7abf83e842,f63c229c-082c-40e7-b648-7065e47c75cb,true,none
f9779805-553c-419f-aa36-d76ab0ac9b42,82b3abf0-4b6c-4294-b5ff-e6987c72beb1,true,coupon_abuse
70dfcfc3-3f7d-4511-a943-a1a0c567d66d,fb1223bd-2020-4158-a12f-9174189e8381,false,none
301fb767-a859-474c-816f-98fd3eaf3d28,08f8e961-db06-402c-8b5f-e5f0868638d8,false,coupon_abuse
36f77858-d5b2-41d9-ae3b-3efe6d2d9555,c79a6e2b-05c5-4c70-987b-4542e7a66762,false,fake_account
2310f6fb-6cd1-4fc7-9b61-2493c8712ec8,91d285db-6ece-47ae-acae-1152d6d96639,false,none
457c2b12-dbcc-40f7-b282-e1ba168c3302,713f2a49-ac8a-4c47-beff-6abfad4dead6,true,bot_purchase
21d696b4-540f-48c1-9067-9e5e96356709,441be273-8c14-426b-b0e1-c5fd96aeafe1,false,none
4ef4dfd3-58b5-4f24-806e-6ddb3744b487,ad2ff0c9-21b0-4750-9ac3-d4c86cb3cbcd,false,none
df75f875-5f2c-42ba-896f-0d207478ca8d,f92fee1a-f1f3-40e3-9167-d2162164ee5d,true,coupon_abuse
7cf854fe-68a3-42ce-9cc2-b1221d9439a6,9b63bb07-e8f0-4f61-9d7e-4459e0984f19,true,none
277429db-8192-4199-abac-4f74786cef5b,e9f638ac-0155-47cb-980b-1265a8abc6db,true,none
e25d2e22-be22-4b78-a0d6-b9c61de47838,da91b9d3-acdb-40cb-920e-369cd5a7bf6f,false,coupon_abuse
95ae5256-07c8-40b6-992e-32a36da9765e,48bde087-f16b-46cc-80ba-4a257d70d393,false,none
c7880cf5-19a7-4966-b012-3a6428208097,6a280b78-8f7d-4b92-9ee3-66b05e79b087,true,fake_account
592c58b5-709e-494d-b84e-6f8739d6c84d,5370e453-b2d8-49f2-88ca-adf8d1264be3,true,fake_account
03c7d84d-b661-49c5-8bd2-f9774b77b0af,aeb6ff92-bb4e-418f-aabf-6502b94e7862,true,none
f032cbaf-2f7a-4c75-a508-ac8b16f71178,734f2b6d-8694-4968-885e-33ef5408e374,false,bot_purchase
de45a580-744d-4f1f-8ace-e58904e53d9e,317e5b10-3f32-4adb-81b8-dd8a6b92c096,true,fake_account
7f451fc2-a7e0-4937-9e40-22d28ea0c720,569c91c3-1ecf-495e-9bdf-1591d3ab7bad,true,none
9df017a8-c412-4135-bc9b-d385f8e7b27f,2c8c5b36-c276-4ae9-9852-06832333ca0b,false,coupon_abuse
4b0cdd57-6920-442d-8b99-7ea785b19771,be1b19a1-b1db-4e9b-984b-2120d129feca,false,none
39570d9c-2e60-46c0-a15c-cb7135761415,49465229-e25b-4b18-84dc-0d204ae29d19,true,coupon_abuse
98699108-6371-46eb-9f53-142163f5dbac,8e1f1eba-3686-49f3-9ef1-b05f1e0f8ef7,false,coupon_abuse
4481c222-a82e-4635-9695-3cd6e9c73e22,963ea86a-f687-401c-8a17-6d812f5052b7,true,none
3404487e-e632-4ec6-b601-71fe941bb24c,c2f9d48e-79a4-4c9a-84bc-39ad6a9c588b,true,coupon_abuse
70d9e7e6-6011-4522-9ba1-39f36bedb5ee,2d6ce73d-aef4-42bb-8f08-0757df5e3dd3,true,bot_purchase
fa60e2c9-6e4c-49df-8dde-1c511d157a82,75b377c8-652d-4601-9ccd-985e6437998c,true,bot_purchase
a7b935dd-0281-4918-a0a6-bd03a63226b9,0f3de167-b392-45d0-a331-1654c4eadd80,false,fake_account
bd89438d-0a28-4f71-8c62-d5b3e9155bf9,4500c05c-7d4c-47e1-9147-164c8e92977a,false,bot_purchase
01da5ef9-4369-40b9-92ea-936adb05d3d0,bb46fd45-96ff-4718-a80e-1b8173439167,false,none
62460655-93fc-405d-98f9-0c87cbd24a7f,a488afbe-5567-4ccd-a6ae-9065124c10a5,false,fake_account
03ed6335-8493-4c45-9e03-a3a2094e0a4a,df2216ba-8864-454d-bb27-e8e1b93157af,true,none
6b6653f0-ebd8-48be-8a92-65a12d489a41,fed8bbf6-2cac-43a8-855e-c7aecb544c97,true,bot_purchase
30a3a4b1-6cdb-43cf-9a31-e38802d11fcf,e0734683-d96b-46ad-8a6a-9b6889d92cf3,true,bot_purchase
89b824d3-679b-4f28-8719-1cadded9f2aa,be5ad943-2754-4536-b13a-a4e9bdf004b2,false,bot_purchase
be223470-aa42-4f62-962c-202e9c3afc1b,1a19e095-9be6-45cb-a7b2-4542829bce29,true,none
df987f07-c386-45bc-b505-0a01d4d28176,4c210f17-8b68-4a79-a5eb-27e8bff9059d,true,coupon_abuse
d80dba29-ce35-4b3b-afb0-aa6e774eb768,c8aa19db-668d-423a-816c-eb909d6f37c2,true,fake_account
c7824f8b-2a3c-4403-8349-e6f4a87fda0a,9027f2ea-62d9-464d-a85d-70f4be5a603a,true,fake_account
782716f3-348a-4b87-ab1d-ad8ae58e9e51,584c57e3-f951-4eac-8a40-2d8d92b48e96,true,fake_account
94d45228-21e2-4bc5-9539-65ad3213a89d,2a0ad592-8d8d-4ae1-9b94-b126ea0bb883,true,none
b35efd37-e99c-4949-b50f-e405b8cdd010,0bd0bb5c-7249-4a2b-bb3e-448382b91889,true,coupon_abuse
df8f76ab-c386-4791-be05-0545389ef197,3fee6ee6-894d-44d2-8fbe-82879c74183c,true,coupon_abuse
66dc4312-8104-4275-8069-d7cadc7d0ae7,231a027a-7e54-4443-9cb0-6da4ab42db82,false,none
dc310b93-23f7-4ca3-b914-eddae246381f,eeda0ce2-e5e9-4f47-88dc-455e818bfafe,true,fake_account
e9e1cbf1-c8be-499c-a927-b8660baca604,b003d1b4-a424-496d-baf6-935b8344c338,false,coupon_abuse
79ab1843-2a93-4a08-833b-c77b7529d51b,fec35634-1980-4c04-8aae-c9f1d1c8915a,true,fake_account
9d594126-d8bf-4237-b70a-3a56bd3e83ca,74bf2f82-30aa-4a0d-8f9a-d742faadfd89,true,none
435c53bb-06ff-40f0-a33d-a2602cd33a3d,dd0676a9-3cc1-4f55-92cf-7044e3b17519,true,bot_purchase
90f7c7d1-d987-4815-a82c-39ef5ba01caf,ed7d02ae-88d4-4ecc-a012-3541c58a7240,false,coupon_abuse
619cefcc-c4d6-4d13-844e-f8e01704faed,1305f2b8-90a7-4d33-9022-cfb94f71e0da,true,none
5bfc79ec-c845-4d80-a54d-952746fd8099,a4b9f6c0-281e-4b7c-9530-7ff416c657fe,false,fake_account
0d59adb3-53d4-46df-9479-cadcaa7a5fde,f0ce757a-42c4-4db3-be7a-44f78f9ba28e,true,coupon_abuse
6e4cc269-9e29-4cd5-8817-36289982fcc3,644586cb-eaa5-4d3c-84ea-f3b18f8301da,true,bot_purchase
8e54f1b9-9632-4a3f-8d5f-ae1955ba0a03,d7ff483d-2f9d-410a-b326-67d2ff13d7ca,false,coupon_abuse
e2f4ff76-d2b7-4e67-b4ec-5f44220ce423,ade0bc00-3f0a-4adf-a00b-ce3b624be073,true,coupon_abuse
f9986f17-b783-4885-bc91-abd7a0935731,6be51def-93e2-479e-9f7b-834a22c91c94,false,coupon_abuse
0b6c104d-5cea-4525-b88c-4d535b01417a,a21f3ac9-284c-4e43-b096-db127f840a02,true,bot_purchase
3654d1f3-98a8-4045-a5f4-99c3e44becff,de382d94-cac5-4eab-b46e-29880673d66d,true,none
3a9e9943-c78d-4969-8445-09b487d3b128,a9e0e3a2-3068-4b04-ac0e-170c7bb2593b,false,coupon_abuse
2a9aa030-0fbd-46b2-9110-7db373c72dc2,8675f967-ba9c-473f-b0f1-4b33e2b35858,true,bot_purchase
bcad738f-6f0e-455b-b16f-24e10a3cbdb7,52c9ec0a-841a-4402-9fb8-07be46140a9d,false,none
a52206fb-3c2e-44c8-8ab7-aabbe17ce919,b35213d9-d029-4d15-92c2-81156d6c7897,false,coupon_abuse
ad2ad008-88b1-4105-80eb-8e4797640a39,7c7ac1c3-867f-46fd-acdb-dc4e08353df5,true,bot_purchase
eecbc1c1-8914-4c50-afae-1d1c93c71d15,ca7b96f8-8e5c-4cd7-acc0-39e3a60f1c46,false,bot_purchase
ec2392a1-d8ab-42e4-8073-50bfff2f8807,44476192-10ba-4aef-a61e-a28ac818bfea,false,fake_account
cfe29373-02a3-4443-acb8-80bda4eeeab2,0e41fd71-da61-40cf-9a28-16e15ef06fce,false,fake_account
e7d96ed2-8c7f-4c03-8b21-0172ab7f17c8,fe36c330-33b6-4241-9f14-1424821ed527,true,bot_purchase
cf546fc3-b543-46ab-a4a6-f08bd87fda7f,2e35245e-6cb5-492b-a83e-668d73eb00cb,false,none
5223f923-b7a7-4b79-9700-c7a1e80d1bd3,28a23330-a407-4696-8707-2341b11d3355,false,none
025919b5-5989-467e-9aca-e6cdd3f03f76,ba9da006-33fd-4330-9c1f-4860664e410f,false,fake_account
47801068-e124-4756-bbd1-6e30b9afe093,f82018c9-eefd-49e0-9efc-c5aa58c683aa,false,coupon_abuse
3f92d8bb-bc82-494e-a6f0-603ed32d51f6,26d5516d-8d7e-47be-8812-d6ea191aa410,false,bot_purchase
4207cd3c-ece8-4c40-8265-bfb5c33c2618,984d5eca-398e-41f7-87aa-2240f96fef39,false,fake_account
8ab0eb29-74ea-4445-9822-f5d60a2bab07,c89eab57-5695-4e96-ade2-4634905ac2ed,false,bot_purchase
c5e6ea43-82e0-4469-b8f8-2903633d0931,48d44dd9-518b-4875-8385-f8513c102a40,true,none
3e2ef574-b604-43cb-9864-4bf898ea6c4e,5caa10ec-21f6-4351-af6a-db318d5eddcd,true,coupon_abuse
3fbd8727-8c75-4290-b32c-fa5aa327881c,979de9a6-dee5-4644-b158-37f782ae1d40,false,coupon_abuse
68f8600c-ee24-410f-bb23-3d02ef910ac1,fd558fab-9479-4d8b-b8b7-67fa2c6b4697,false,coupon_abuse
2f8a71ee-ddf4-444d-b69c-9dcd12b6c309,9bcbf645-9628-4e16-992d-c6bde55acf3f,true,none
70b8bc3d-23e3-44e6-ad3f-03e4910fb096,6583092b-948f-486d-92c1-4ff931da5ca0,false,coupon_abuse
9507d268-0688-4473-907e-4d1379c06e64,15a98685-94e9-456b-ae64-48f9dd64d688,false,fake_account
8ef21028-bf3d-42cd-befb-f49a4290d918,a336bdc3-c95a-4e48-b38f-4aeb4e9cbbe1,true,none
dd974983-ec88-4b6f-b66d-dbc05963f9b9,34c8b252-8b14-4868-993c-bef182ad781c,false,fake_account
6a40b758-2ce9-4834-ae4a-2ecee3b1d751,0c2d8ae4-caf4-41a8-a5d0-0c167e15ccc4,false,fake_account
4d783a4d-7f33-438e-b9bc-9189cb85ac8e,bb6e3c7d-76b8-4459-b432-8a46ccf892d2,true,none
1600a8c8-147a-4314-96a8-003fa8387745,7a2627fd-3ee3-48fc-bf0d-7ec214f719f7,false,coupon_abuse
f6454cae-b012-4a50-86a1-c4b7133165b3,e6473fe9-871d-4707-992a-9e435696869f,false,bot_purchase
8832fca9-9ebd-4382-a8c7-77e6e91bd593,14fc9972-9f8b-4ce0-9572-81cf4e95561f,false,coupon_abuse
7d6080f8-9d26-4ceb-8f16-e4ef19b29c11,89a102ad-9eb6-4529-a98f-237bcb44af9c,true,coupon_abuse
43594b92-3e7d-4010-bca1-914cde170db7,06bb473e-025f-4746-9d93-cc2793aa87c5,true,fake_account
47d236bc-9710-4bfd-9e2f-c82b953ffcaa,46a54cf0-e2f9-4f48-969c-18cf1786615d,true,none
cadbe527-1818-4270-a64d-cc40e73f0527,c5e410e3-0498-4a04-a4f7-dda6fb249fc1,true,coupon_abuse
85af8feb-ef14-47e6-babd-250f28f92b68,d742e24c-6c0f-4d59-807a-c08499f84735,false,bot_purchase
688d12c8-15be-4639-ae2b-4cf8d6a4433e,27980324-7532-44f1-b499-d9c2b2732409,false,fake_account
3ab1b1a2-efa0-40f8-808a-b7d6fc386fbf,1bc10c3d-e267-4d64-93c8-ad2ff8f38cf4,false,none
d29f4517-5eed-4c11-bf92-67ff439713fb,cbaeffdd-6466-420f-9938-96c39a980704,true,fake_account
ac00e9a1-cc84-481d-99f6-8cd48b9b744a,a885fd06-90d9-4356-b919-420bc1c336c2,false,bot_purchase
4b551ef8-8b1f-4c8f-ad2a-f5586fbdc2da,07da2262-ef9a-4554-b4ab-f97cb2655f19,false,none
684836c0-29ea-4f32-854a-db62bd3b2229,e6aac825-6c14-443a-afea-b696e0bcfcd5,false,coupon_abuse
1e41efb6-4877-4424-95d1-379be87a0eb2,9a65da32-fa6c-4341-b97f-fa35292c60d7,true,coupon_abuse
79e91c35-26a1-43c4-a09d-03bb09586db8,cbd85c97-1807-40fb-8963-2254bf23c052,false,fake_account
b4dea885-4c4c-40bd-8854-2eed1ca27d75,0dfb013d-6815-4098-bbdb-b2eb8a9032f0,true,fake_account
92c87645-06bd-48c3-b80d-e002d5947a87,8bb702c6-2633-43e9-a6d3-3155924f9177,false,none
41fdb2ad-3cfd-4a0d-972c-f00abacdd117,8704350e-4930-459f-be63-c198529dc3d2,false,none
a805bcb5-4879-4efd-8b74-9b410bb5a12d,958d80e1-ecf9-4172-9eee-645cbbba6fee,false,coupon_abuse
85a5b933-4368-4d8e-9cd0-c08a95526c16,2ca88dd8-e7cf-4d61-8cf2-b4aec9f20715,true,bot_purchase
8117e611-d667-430e-a3f8-5c809a0c389d,48e06278-1b0c-4efd-9a7e-180445d7dabb,false,coupon_abuse
80c95a7f-463d-4e3d-98d2-f6ad312665aa,fc41fb16-666a-452a-b58a-f929224b2725,true,none
cf15f05e-eb03-4590-86d7-b9ef2329305a,0d30daea-8ecb-48b4-936f-5e9c5ea7d15c,true,none
ab9a111b-f44b-48ab-a9c0-219eadb9b771,e316401a-349b-4b2a-adda-9ac76348d535,true,none
3ff9b46c-918c-426d-8ca4-3735b29144f8,1d0cb5ef-93bd-4ea0-831e-2666979de061,true,bot_purchase
412274d1-00c9-4311-99c3-d6b6521ae385,67fd72fe-d7e6-4934-b97f-8fc9b20447f9,true,bot_purchase
62fcd4e9-efa5-41da-8ec4-a1a88e4571ba,719e5a0e-bd45-4b8b-bcf2-6f9e7a9e3578,true,fake_account
24c52956-6fc8-4091-89b8-c0e26a05ee78,20eb6879-6dfc-4403-a1fc-fab57aa64755,false,fake_account
7722e4e8-e0c7-4744-956d-04a90424f063,3b291f9a-913c-430f-8616-c8c52d2d7205,true,none
9bf97437-2bb9-437a-a1cd-b297134b1edb,a7af8369-71a7-4ea7-a13a-507ce04cc204,false,coupon_abuse
fc7aa1fd-0a7c-4308-a41b-69a582945a61,d117f778-593a-4984-8ee8-aa0e66f9eb90,true,coupon_abuse
50f11e22-48a4-40da-a1c9-7faad614a2ec,0d8f1577-3e43-455b-a3da-e3d820784012,true,bot_purchase
28747d93-917b-4cb2-ba38-5e087a5c263a,e667b8ea-3258-430c-9ebc-f7b88aaa4978,false,bot_purchase
0652fe85-e2a5-42fa-be36-025c1764229a,96bea040-aa72-4757-a1c0-f2893dfced84,false,fake_account
1add99aa-f65f-414e-bd76-871394b18eac,2d799276-7a40-4777-b606-aff7fc7ec35f,false,none
34f2fd47-1d00-4723-9506-1317ed3064b0,9ec08fb8-230e-4078-991c-85ce6b9c5ad8,true,bot_purchase
1121a259-eb98-4650-a380-ce2e82cc5864,25f8b630-ac20-49df-b474-cdf88aca06f1,true,bot_purchase
c278364c-77fc-4d55-ba1f-78ee9625fd41,81b0e949-fa16-40fe-8bef-a9a948a13f99,false,coupon_abuse
9c3c5111-28f8-42bd-849a-ea27c5ebac5f,c3636db8-2253-4387-aaa8-d5aacf31c4c0,true,none
ff8ad8c2-d735-4933-b1e6-ef7a80bb3410,10f4234e-c525-4f62-8d68-1ca4e13e8676,false,coupon_abuse
bfaba1fb-11b9-40fd-b800-e870ca4a24ca,9e758a27-215b-45b1-88a7-447875014676,true,bot_purchase
d06e2ba9-28b2-47eb-8a05-674848550ba8,05155260-716c-40d5-98fd-f3085d588d72,true,none
783d923a-cd61-4cfc-ac0a-a94c4882daf6,41c0a7b6-5ddf-4ae4-be4d-113c8ef8555f,false,bot_purchase
f41d7a3d-10c0-40da-97f3-8bb47530c191,4a898680-f19f-4d9d-8604-500a97ae194d,false,none
0e7d3ee9-d247-43b9-81d8-7563392c3734,743ee155-9189-4c6c-9754-04a6370b345a,true,fake_account
932d96ea-a843-45d9-861b-0ebc138fc447,4b187d91-c646-4366-8e89-167ccb33d7eb,true,none
cd9a8063-6a7a-4850-ba84-16272b6bfcc6,e61f6f55-8a08-452f-908b-94576a65897b,true,none
ec343f97-c320-420d-9479-b87c26c56e06,ad2f4bc9-a8bd-421d-8543-7f8cd78dfac6,true,coupon_abuse
086f0b33-6620-4027-9aa1-39fb8da17e93,4cd59f63-639f-460e-b806-20f61bf782d2,true,fake_account
556742ef-1892-4c1a-8410-1c64330c3543,d96ce4cf-830f-42c0-947c-219fc6365ce7,true,fake_account
a51653ca-113d-4852-ac1a-f3d330ffe682,dcbfd89b-05ec-49cd-9562-eb49ab0d32cd,false,fake_account
7fe264c1-0c6f-4635-b960-5af873d78868,197eec14-6e1f-4a48-b526-428c09576594,false,none
379740ef-6d23-42a8-afb7-b1425b7ad08b,48291249-3b8c-48bc-bff2-40e62e6bd5bd,false,coupon_abuse
36a34988-b925-4928-b2f1-52ec25d72a87,d1277c1b-b1c1-4e6d-80c5-bc0f5d94a67c,true,bot_purchase
237ce228-fde0-4902-afd6-1a6ec25d303d,716ec0ed-cc6e-4847-bd38-101f53e2b2e2,true,fake_account
0add6705-a667-4278-84c1-6fb28e8289ea,06982df8-490c-4e17-b7e9-9ff7542a6f60,false,coupon_abuse
31572210-0d47-400a-bf8e-ffd6485c501f,7e0564c2-bd7b-4adb-bd61-dae9bfecbf12,true,bot_purchase
85265b5b-c97b-4107-9032-6d70075539fb,0e41fd71-da61-40cf-9a28-16e15ef06fce,false,coupon_abuse
72a10dba-22b6-47c4-b745-94ad99c2d5d4,023d8c8a-cbf6-47d4-8e18-6ba214cbebbb,true,none
5448d5a4-2fd4-4b3d-bcf4-d704fd2c1b66,2605c0ba-7751-4d16-a462-5cfde6415649,true,none
2659c013-fa49-4904-b0cb-2bd7cab1ac02,a453a7c0-9e80-40c7-b467-4682c01ef710,false,bot_purchase
da55890e-54cc-4842-aa5f-dfbb9b123b78,6b2f603c-d208-4e24-a5cd-ed8739bf4ec1,true,coupon_abuse
96bd1ad1-0a43-4f0b-bac2-b9b3b3bc2922,a984471d-cadf-47e4-9e3d-24c7ed10c880,false,none
54fc627c-dc0d-4e9a-a811-bb2f026270f8,5e59365c-ef98-40f0-8f87-8932d6c72750,true,bot_purchase
6192162b-e7bb-46b7-a545-96b17dd0a96d,72630f7b-004d-40ef-8a7f-6e0114c9ab7d,false,bot_purchase
08d96739-31f6-45be-9e51-298bdcec3217,eb237ef2-eb0b-4724-87fa-e45a93358947,false,coupon_abuse
95deb531-53c3-424c-93a4-09f45fc1f9b1,d4e7fc26-aa10-4270-9d55-9e8b9035166c,true,coupon_abuse
cc211e1a-f942-43d8-8de7-4aa788c8827a,f06c3851-64ad-42f7-b2e3-6ccae49d4976,false,none
167224f6-59c6-4d0f-a585-a22837712d73,b2cca564-128f-4d62-ae3e-a4669f456c9d,true,fake_account
f8a9ee48-1d32-4668-a025-0ef4f5984e84,b2328d10-dceb-4c9e-aca1-0147df6437d6,true,none
37cba982-aeca-477a-8f61-cf274413ab0f,670838ac-c8d7-439b-b2a7-88e4b09c8778,false,coupon_abuse
696184d8-2c3d-43df-90e9-6a0761bd0d91,5e1dd152-0ce4-423b-a0aa-44344ae50293,false,coupon_abuse
46b99459-444a-404e-a49e-5bf61e0d0140,5e32383f-e3eb-4db2-859c-2510dde45bba,true,none
090b8b02-d7a6-4ebc-b799-aa1ad92e9729,2a8de97d-ea5d-4b9f-821c-508e9ab9fc4a,false,none
8e73dc9f-cf53-4b91-9be0-bb00162af0ab,2c4fa98f-9fd2-4b59-8d6b-a204e078bcce,true,none
1f8d2fac-a47c-4e70-8494-0b9466937d44,9213fa73-e453-4010-a1e7-20e72063cb4e,false,coupon_abuse
e20a18fa-c2e6-442d-a365-8a072761da8e,a6a17de0-20f0-4946-bc99-ce8e729aef73,false,fake_account
e3ae11af-65a7-4683-a10e-8b004981dba1,af92b65e-1587-4fae-adfa-225a33d5d82e,false,fake_account
86a4ef19-e94a-4a8b-9e01-9ae96d3fa070,ddd33b63-0791-4bb2-bad5-1b3b9dfd957c,false,none
67c3bbaa-c9f2-40b8-b4fc-3915ab34a357,8deafbc0-a3d4-4380-962d-d724d37b3d63,true,coupon_abuse
43863de6-395a-4476-a40d-d73d6e0df7de,881e9dde-feb4-4985-ba38-b14661d73b60,true,fake_account
61d2c413-2917-4b71-82b0-6d4fddd391cf,1cd78af7-9f1f-4d68-8913-5896da2cd8b1,true,fake_account
ac51f1f0-a932-429f-a4ab-66474b7c8f26,58d5d947-8a32-4422-a832-5d3bf4c9326f,true,fake_account
8bd2f1ad-9701-4aeb-80f2-b7dab377f4e9,d2c85249-7256-4506-bea3-67647585b9b5,true,coupon_abuse
c605caa1-a1a1-45ed-8b18-7f3a09f86479,7df4b54c-8b55-439b-b499-58afd373bb65,true,bot_purchase
b2794d5e-7b30-46c0-98e2-24e0bfbed745,9994fb7c-8886-4a94-b7ad-44b49809f554,false,coupon_abuse
75045248-59f2-4764-8bb1-62ed5fa7282c,8a2b3af1-3326-443a-a052-486822bbb565,true,none
6069347a-c493-41ba-903e-31bcbeefd93f,3632d6da-abd8-486b-976f-e23d14ad08cb,false,fake_account
b62362bc-d29b-4b6f-8a6c-e5285b5b4bd5,378a84fb-5c6e-4875-bc7c-f900cee3d890,false,fake_account
41d2f3a5-0ca6-42c3-a682-1b64697867ce,aa6a8380-1b7f-4834-b869-ab9242f8d457,false,fake_account
189735d8-573c-4afb-add7-c59f04ee10f9,d65a9afe-7f10-4fac-a56c-191252648cea,true,bot_purchase
88290573-111d-406a-af06-dcee00007618,50ea434a-5dc3-42b8-a3ee-04f4adb69058,false,bot_purchase
19591d14-1466-471d-a6c2-860b43f6ebe9,8bf9c431-a220-4dca-b872-88674aa5c522,false,bot_purchase
d183cba2-a623-44eb-b74e-828d6d8c9755,d2eb7e64-2420-456a-a854-b1ed482f71e7,false,coupon_abuse
dd2cc339-fc1c-4210-b533-3140956d7683,ead12278-7134-41d5-9123-7e3fc2153561,true,none
341cbf94-12aa-4f0c-9a9a-47bd168245f9,527a8b9d-a84c-4f66-b50f-0820ab20a1be,true,coupon_abuse
0ed56631-f624-47f1-b628-66b70ce62401,dd01fc45-be93-4edd-9792-6b094a0c6984,false,none
829d93f5-010d-495b-a184-56d4128a429c,5170985c-0975-4b8a-9a65-fa5090826c40,true,fake_account
fad57823-d773-43fc-a9a0-971ff7d0f678,21d1adb5-db66-4430-a4f3-495aafb7a938,true,coupon_abuse
94c95979-1c58-430d-8f6b-939fddbea594,57cda584-931b-4c3f-9dd3-adea1205ce7b,false,bot_purchase
07403f69-1717-424d-bc9a-6baefc00b413,44a442d3-78d9-4ba8-89bb-17bf34cd88f3,false,coupon_abuse
fadbad54-37f1-4592-8400-590b9df2b5a8,347be596-0fcb-45ed-a3fe-f70ff2393fe5,true,bot_purchase
436f2c13-62a0-46ec-b2da-f82eb87f4384,08d56b7d-44fc-4a04-b7e0-80348a6ffc56,true,fake_account
ffb594db-5cf1-4809-bdd0-82dc4af63b8d,1a85c1f5-8ca3-4533-a8a9-dd89772075ee,true,bot_purchase
917db936-d8d4-4d0e-9768-cfcf83e83c43,1f1af6c9-f6c5-44fd-9603-c9e81fb1217b,true,bot_purchase
e0cc5d49-4c38-4ae6-995a-79de0a740777,3f579435-fc38-4a7a-84dd-b2eceaacd502,false,fake_account
fdd71f6f-ad31-4302-976c-65dd80c61a92,ca066bb4-8e81-4c47-af89-4eaa28da451c,true,fake_account
baf16ff7-f9f6-46af-b7be-e860b03f636e,7cd4335d-a943-423d-ad3e-e304b7b3e2f5,true,coupon_abuse
37364255-96d4-49d6-9c0a-4924fdbb7df7,a16a579f-debc-46a5-a17b-e7bc763ff8c0,true,bot_purchase
f23a6ff7-a129-49bb-b3b7-47f05932cb4f,e51a0049-ccd6-4020-bf36-721ed4757488,false,fake_account
1192a882-17f2-4bcb-a5ad-7dd1b2d1f20a,1879753c-47d1-4ebb-9dfe-2d93182d5dfa,true,none
292424e0-e307-42d9-a17c-c54eea52a542,75335b58-5914-4483-af3d-be5ccac2bf24,false,bot_purchase
785cfbb7-d547-44ce-ac1d-bec27b14a583,204164bc-1524-4f0a-98f3-fcd5bc79b60d,false,none
b72bd4b1-5e65-4c63-890a-250c7f15ddb4,bd4bfd3c-2c38-47dd-9dcc-31f6806949ea,false,none
cf9f8af9-f11c-4009-a805-785d206471eb,b48270bd-b2cd-4552-a39c-6c61e2e453ed,false,none
912069d9-3d1b-4a3e-acd7-4b472fd1b51b,11b0d16c-a0fc-4e5b-b303-fb14db9dfc56,false,bot_purchase
52a445c0-1c43-4f69-8def-e5c1dd8f1ab1,e96a47fd-fa46-4c70-929a-a169d1f89989,true,none
030f4007-652d-4ced-9d17-d44a91c87b5a,4e8d29ed-e8b9-412c-b2c5-f1cf321e65b7,false,fake_account
9ba0dd83-3751-4896-a351-e8b019cb19c6,82ece553-ab59-4cdd-812a-ba39c4e1ee48,false,bot_purchase
52d66dc2-c475-43a9-bcbf-1060a09fc359,0ca833f5-743a-4877-8b3d-ee5792e724cd,false,bot_purchase
09b043b9-d739-4f01-b4f7-97723fdbbd21,84dbe705-0994-4b8a-9831-86714ea071a7,true,fake_account
98be3a1b-9291-423f-a7fb-4874ddf0012d,2ba23693-de4d-4498-a4f0-a25809707c27,true,fake_account
32873cfb-5c79-4cd4-9b35-36e4547284ab,2d5c4ab8-c01c-43ae-8cac-d55d15c4f69a,true,none
52c5b14e-92c8-46f5-869c-7aa940a2e628,aa1837e4-7938-4764-bcb8-9ebbf500541a,true,fake_account
99bd4fee-bf52-44a9-8f0d-2e731b85cb23,a2d22885-d447-4db2-ab99-58cc4d9c85a1,false,coupon_abuse
73bbd1f4-caff-49b8-ae7c-1a45f88498cc,4841611d-bd94-45c3-afd7-ec7ab3cc2ca5,true,coupon_abuse
fea702d4-ba15-4549-a65a-a63bc2b91ca8,fae21829-34e5-4436-8359-d399bd2cf962,true,fake_account
c9ba4dcb-de80-4eec-b109-3869cc40c9d9,7fdaebca-fc7e-4186-94e9-b9c9b2d3c7f9,false,bot_purchase
fd8b0b25-aa3b-4d23-81c2-e8f1399564af,44baba01-10bc-4eeb-bf79-7ba7a0e2788d,false,none
ee799034-1841-4255-8b2a-ddd02fbe8190,0cb40f0d-9962-4f62-96f9-6d991b787bc4,true,none
9e6c0684-02ae-4cf5-9886-69b2e64eae4a,95685c1f-7b04-4c37-96a9-11438e463978,true,bot_purchase
f949d71a-2c93-43b3-8bf5-25c1a1757bfe,d9cd3816-e8f4-459a-8a65-e26beb2765f0,false,fake_account
5a299f7e-f7a6-4bfe-b389-8dbf8ddfed78,753fd86e-1e8b-436c-9d3c-9fb575d795ae,true,bot_purchase
6999f2d4-664b-4842-a2d5-a14350b5ebc1,3e38e2d6-707a-479f-8f76-91533a23a879,true,fake_account
da835fe6-8321-49e0-8879-3b002c952863,29172a5d-16d5-4276-874b-438fe84eaf65,true,bot_purchase
50c88e91-56f8-420d-ac2a-28e92212adce,ab800b3d-653f-4e43-8d18-56c5564ee8a6,true,none
4490b32a-80e7-47f8-a419-882fdf778cb0,808429d9-7ac8-4006-8ce2-1065c1458d68,false,bot_purchase
5642e3ef-bf63-474d-b9f8-c17be4bb58c4,d33957f0-913d-4bf0-a994-0d4e11bece24,false,none
face8a2b-def1-4c85-8a51-596912248b40,527042d5-fbc8-423c-91f7-01dc75afd846,true,none
ea6d991a-87a4-4dfb-aa17-5cf0472e55c8,80fca256-3f1c-46fb-ba3a-55bdfbf207bc,false,coupon_abuse
3a29c625-cb63-4276-9cd1-bd0851ff484f,ce968e2b-9cfa-4071-878b-b381cef19601,true,none
58f47cb5-0477-4d82-b841-a962e8d87629,b1460f0b-f143-405b-b419-dde0c1fbc6d4,false,bot_purchase
c745e1bd-4f55-4e71-be49-4ad8ecccb7e4,8541aa35-8c34-45cf-bf31-de36ef9e214a,true,coupon_abuse
879c75fa-cb44-453e-8a98-275d4a477b53,db617db7-346f-46c8-b435-85013fd5d306,false,none
6aa94164-e0a0-4992-8520-eb32b5b117e1,979203b2-2323-42f0-bd30-e7fb7d681be2,true,fake_account
9506464e-5638-4428-a50f-0f32d516e574,d24836bd-d5d1-4280-92a3-d5e64c437519,false,bot_purchase
844f5a5b-3a51-4058-98a3-c1451225a7fa,c08f6424-1997-4ba0-850d-d303d0c49f17,true,coupon_abuse
9db8a1e8-d9d4-4c29-9876-852db5f59311,5c5e1e11-7c8c-4e43-a3f2-c495df737f0b,false,fake_account
7a9974f0-745e-4dad-b9e5-bb5c6e292dcd,61a9b526-e022-4ef1-93dc-47fd0c76d131,false,coupon_abuse
50237c25-c6a0-4983-a36f-70a465e71348,85663d24-a308-42a8-bf67-c7898a4760ae,true,bot_purchase
3c0ac412-2e8e-4052-b0ae-663de82fdb9d,16cb283a-b73b-4b69-8ed7-125f34e2aef2,true,bot_purchase
7b7e2166-4dec-43aa-b12e-c7f62ada55bd,2bcdda5a-764d-4fc0-a840-8cce562c4788,false,coupon_abuse
006bc231-1c44-49cb-9bdb-9abfbd189662,49b892b3-42ad-4a07-b917-3ef6b782fffc,false,fake_account
da953484-c84b-4a3e-86a9-3e74c405a934,ac160d8b-3747-43af-8df9-273005f87536,true,none
d31bb45b-5274-4bbc-b378-ae7ade122b4b,8b6c13e3-59cc-4bb6-a8df-62c5261fc2d8,true,bot_purchase
64fb506f-00cb-46c1-9fe8-52654067e33e,735294b2-0bb6-46e9-b061-a014d9e04361,true,fake_account
b7885041-4179-4031-b6ed-3df6040ee0be,e6cd56b7-6c4c-4b8e-a066-cc45ee96479c,false,bot_purchase
30d32282-1dea-4d51-a4cd-2fb01e7d561a,c58e12ef-14f5-41a5-9957-d0d0267e6004,true,bot_purchase
bc1f6fb3-b3bc-4715-b8e4-3ac40077ba75,c5beac55-434b-4bb4-95b8-3b5bf8997ce9,false,coupon_abuse
f008c9eb-b5da-44ce-8d93-b19774159a5f,9d7f208c-4d02-4f35-b17a-215b9a40c12a,true,none
9a4fdf32-9f7c-4490-8f31-9c85a3bd3f1d,72cbf898-61b6-4d2e-818d-f5a8b402da65,false,fake_account
a828c786-8738-4e5c-8e15-198feeba82cf,270f9dc8-8c64-4a9a-ae33-7ae9d900c890,true,coupon_abuse
98f26a32-1178-4198-b852-6ce995e58eec,17fa573e-20f7-4df0-b2a6-b41b2d1f624d,false,coupon_abuse
3d27f5ef-c0c6-4cce-858e-aa4d0e532b9f,9002bc10-0f21-428e-8e25-b29328324e2c,true,fake_account
f830264c-9602-42c3-8093-ba3d035dbc51,2089b7c1-760a-428c-889f-29e83db399d6,true,coupon_abuse
ab9ec392-6a78-4455-996a-116c9153057d,aafdd504-8296-4f2c-8a08-7cc7ebf68ba0,false,coupon_abuse
3b46ecd7-5c85-4f8a-acba-6ab6019b9126,e2703f35-13ec-4a7b-b11f-bb4d880db509,false,bot_purchase
aafc85db-37ca-4c3a-b15d-a4b64b30f956,2e485a99-1809-45a7-980a-4b556c7c8972,true,bot_purchase
b4b4c9a2-6e8e-4b1c-91c1-ec5c23d1b473,6d6e1535-8219-41f4-94e2-77fb546a22ea,true,bot_purchase
1024f413-3d96-4c0a-a8ef-369b54cee307,5c042678-945b-4c89-97d1-f475e54b01e7,false,fake_account
d0ae2d00-fe96-4006-824e-d2f48f31cf0e,5746026b-e3c2-4253-9b2c-7292fa554d80,true,bot_purchase
5b7d49be-69c5-46f0-bb76-11e2ef70b664,e3b57604-4cd5-4c66-a874-07b79b7922b4,false,none
c849fe43-5b4e-41c6-89f7-8d4c1f3fa857,19b72645-29d9-4645-9602-eaec731933d9,false,coupon_abuse
82569ed1-a2a1-4958-aa1d-7b0a95a58ec5,4e7fdb73-9d19-400d-8871-2e1301dfa5f9,true,none
b646a6b6-ea1b-4dc6-bb7b-e068380fe1ec,f8a42654-ed99-4e47-aa60-1db0cdd81a3e,true,coupon_abuse
ba25c3d5-2584-4c91-baac-4499af8ebea4,aa58fa27-7c48-49c7-915b-9a88b4bb785a,false,fake_account
83d03d73-2bd6-4793-a734-1b1f31a05ce2,85b3319b-08ab-4292-a431-f60e0ea75472,false,bot_purchase
16553418-02fa-4f82-bf99-aaa4803f2e80,71dd3acf-a774-4a6f-af05-3dd3e9e17aef,true,bot_purchase
bb589d6d-9e2a-4716-a37c-ddd8ae4dcc2a,e6a58a96-29cf-4c63-933e-e95b52a06780,true,fake_account
b59b860f-093a-4261-a7a6-c04869ef79c9,6a2825da-167e-4383-b987-28ae03a7065f,true,coupon_abuse
958abe56-8a7c-4d96-a39b-fb4770bc7699,d8620969-1b05-49c0-a2bc-b77d011b15bd,true,coupon_abuse
366b4f6e-3153-4d06-8e04-a5a736fca542,5ded329c-cead-4d88-87c6-b3717c949ace,false,none
c513eafa-c222-4db6-b42f-ec65838138bc,3313d85f-0c45-4e94-98a7-8c63f87ac1fa,true,fake_account
d80bf43b-af28-4f0d-bd5d-c04147e9423f,fd568309-4560-4e41-b819-0c11668e0f98,false,bot_purchase
39f9eed1-c4b7-435c-9716-c4c8c3ec663b,f04cee4f-0f6d-4eaf-b393-0ba10d0b02d9,true,none
34f79bc3-29e1-4aba-bd92-5926e5a6a088,01f29baa-fff6-4259-be71-9af6bc1666fe,false,none
14f67585-722f-4b51-a16a-6ef039a0bf7e,93356c27-20b7-426f-82fd-9e97c64e1667,false,none
240b0a72-d9bb-423e-a1a4-3fa8c2bcfc73,5e85066e-97f4-4eb8-9a54-8390d9a173c0,true,none
1ec78f6b-4e90-4fb1-8bb5-0b661f360ab7,c5a563cb-cea6-4011-97b3-69dcb8c33eff,false,none
57f281a6-b983-4d0c-b5b5-16b4b541ed04,27d000a2-ccdf-4454-9266-0d931a98e380,false,fake_account
8fdaa881-736e-47cf-98cd-5851c1ed7acd,f026c0b7-dcc6-4575-8434-d83eaaaa54a0,true,bot_purchase
9a630c1d-9ddf-4004-af7b-8b76515fbe3e,6a792efc-4783-45ba-88e4-984bbd8d9d60,false,bot_purchase
a0e9f729-eb48-4f56-8051-3381dee91ee6,7fced07f-1379-4188-a4f3-28702dc817bb,true,none
8e75c9f0-4221-467f-a5ec-f845650c0396,4f6afd42-9ffd-43bd-ada5-36e2700b45b6,false,fake_account
0cf25e79-33ad-4703-8ca5-db550b358ae5,6a792efc-4783-45ba-88e4-984bbd8d9d60,true,fake_account
d7940084-5ba3-4c2d-bfe9-aa08c9b016a3,b7bf2b34-346e-40bd-9787-ef59859e711a,true,none
39502b63-1b1f-402c-819d-2021d881997a,d0687bd6-b106-4efc-88aa-9a822dac2555,false,fake_account
4f605436-377e-4e2f-89de-85294b2e798a,5ca00935-1b0c-4d6e-a1a2-d3c858538e03,true,coupon_abuse
3743136d-2974-46bb-8cce-6ab7e862aa32,e3281747-d0c6-4b49-92be-8c87fef0128a,true,coupon_abuse
1f0114fd-39f1-4cb5-9f90-7f6dc480874b,f5be0ce3-3800-438e-9e97-02bd8c6985e2,true,bot_purchase
4f7cc8a0-cfca-4715-b9ce-089a39a4ba3c,d7efe89e-2296-488b-a380-f32951129f3e,true,bot_purchase
f0426a6c-4c3a-4198-8185-ca183a5e345c,f2fb8427-8fc3-4e55-a63b-f0c755518879,false,fake_account
d9548709-1ef3-426b-8e62-ad375a7579e5,a5795720-a87c-4b87-a00d-f69ef9bfb51e,true,coupon_abuse
1a1ce13d-4c8c-4173-8733-9f80ddc0679d,2be63f26-f638-44b9-b9ea-ae72fecad527,true,coupon_abuse
c310e2fe-0905-4a78-a8d1-b2cb1ac4b82d,986c3752-cbc7-4ac4-b744-ca0fc2458431,true,fake_account
16074a25-4ed5-4992-b5e2-93bed72f2638,ccec517f-b1aa-4e4b-aea2-d3926229ec30,false,coupon_abuse
07614745-a268-4fa1-8d89-941aedae611f,3acbb4fa-5600-4477-b17b-3becb9924f65,false,bot_purchase
e4963bce-fef9-496a-be0c-5a87acc92d8f,c3e07382-3e8f-4f1a-8068-92fe32ba9cb7,false,bot_purchase
563f3262-9f23-4ffd-8b91-f4523f87ecf0,e186ec52-9e4b-476d-945b-24dfd8dc26c3,true,fake_account
1613af46-fec4-4da7-bfe1-b99fd8986785,5584de45-789c-49d6-861d-fd212328f3a6,false,none
daf60769-9f6d-4f58-8de4-8a495f59e2ef,093a29fa-af63-430d-9745-48f9f6b04239,true,fake_account
4ef16e56-4de6-4eb5-a2a6-e0f076fcdca8,bf08c493-185c-407b-bda4-1f39e9df613a,true,none
0d197ded-b11f-43e6-a882-0f27ba75fde0,dee94ba4-73da-4e8f-b866-88e71cf53d03,true,fake_account
e3caed1f-64d8-4df6-b1a5-cfed1e3c2690,484952fb-efff-4389-b76f-8fc0c4d72476,true,coupon_abuse
97b39d65-194b-49ae-a21c-df76e3a82344,f58e8835-2c40-405a-90e9-7e1b97ea54b8,false,coupon_abuse
5cb22301-f61e-4522-9a4d-8faf1e51d035,e9f638ac-0155-47cb-980b-1265a8abc6db,true,bot_purchase
9dd46b3a-35bf-4b7f-956c-b1040f4013a0,3bee7bb4-9f6a-4d62-b8a0-684b868320e6,false,fake_account
cd50caf0-f9f0-46d5-8111-b829306ee955,7c0e9b7e-976b-4985-986b-f497094df885,false,bot_purchase
4dac3d57-df73-4f9b-b7c3-25bc7e76c5d7,b938ba9d-134c-420c-a4ba-812746e16e14,true,fake_account
561f14a5-7c71-4830-a8b9-022e7ae84d85,7237f3c3-96a5-4a8a-8745-b99ae132bf8d,true,none
44bf8537-f304-4f5e-8cc8-3f7f4eb9f5a1,9023523c-3182-4483-982a-41bd9d0e3f42,true,coupon_abuse
0fed51e8-947b-4b92-9696-70db2f1df683,50bb7d34-1a8c-4ce0-9cbb-991da3fc6aee,false,coupon_abuse
01dca5eb-1f2d-4fa3-97b0-c63e52bc8653,913ae67e-2bc3-4fec-907f-23ec5de62718,true,fake_account
6ed85dc1-0915-4b29-84a0-ea126cc02338,8561d230-4595-4844-b7d1-c1ca3d383584,false,none
0091f148-27b0-4d3d-98d6-c8ea1a6de9bf,147f4ddd-f775-4985-bfea-e24912e6a358,false,none
451718df-3ee3-4b16-bf3c-bfedfbf9c5f4,9526d45d-a587-40fa-91eb-c335cfe825f0,true,none
f5a7cc62-7f60-4431-9ebb-0bb528cb6c0c,0ea747ae-af32-4d08-8e00-027d4efbf105,true,coupon_abuse
19f0d936-4de3-45ab-865c-d560381117a5,da88d671-5690-40bc-80bb-6d281d1c9674,false,coupon_abuse
542550cb-02da-4ee6-adba-aa698473e20f,93e8f019-bcee-4e00-a1c9-868b4b1ff45a,false,fake_account
4adceec0-9e7c-408c-9811-e1ba7b8bd14d,da91b9d3-acdb-40cb-920e-369cd5a7bf6f,true,fake_account
d528e293-83ae-4bb3-935e-8f46ce22d258,f5c0af56-0376-4f7e-91a3-4945da1f641e,false,coupon_abuse
adfd1b4a-26d6-481d-9da0-31140a00c5b3,b2b84e51-6f4e-4306-8efc-ee54c99f2635,false,fake_account
1d0a019c-2c94-4045-a298-ca81200113b9,f00541a1-e496-4905-97b0-625b85920cd5,false,coupon_abuse
e362f6f3-ccad-4645-b8be-08a15ac23c63,3210621e-0336-4d0d-a29b-56c63afc7ef7,false,none
feaaffac-ba21-45f5-937b-7ce9975f43e4,84c61fa0-3a5b-4e48-ae7c-88526a96546b,false,coupon_abuse
d8bd598a-43c0-482b-860b-72fc08a2d9d6,3ad30832-fd1c-428c-b6c9-f920e7ad6add,false,none
b9890e09-bab6-4649-9ee7-bdc018a94800,cceca38c-589c-419a-a0eb-6345bf46c867,false,bot_purchase
e47ed2ba-a180-4c3c-a646-b1d65e5d0440,f857ccaf-bb7e-48e9-b619-1fd7e8131c61,false,coupon_abuse
e969ae77-c019-46a6-a061-9382fe16f732,c48e3561-256e-4099-8a27-d2bf5354b2fd,false,coupon_abuse
884610b3-168b-4ac4-a043-3c7f10696234,cbcb0d0e-bcf7-49d4-9c55-127fa0e371ab,false,none
25cecc4d-b46b-4a0d-a316-958b582c3efd,d616036c-2f3b-4d39-97cc-e0713d7baccb,true,none
19ac05e8-3acd-4128-939a-8a19310fa0cb,ba453b71-2cb4-4a1f-bcb9-67c9704e6d46,true,fake_account
19a8a935-6d3a-4725-9530-0bb4ff70f164,bdbe2900-0a07-40d5-b166-3fc82a71e55c,false,bot_purchase
87c8a0ae-147a-4217-87a2-7ca9e0f6e0a2,38aaaaa7-1ccc-4c72-ad93-9f2b0df30231,true,fake_account
8d983a0f-28fc-41cb-8b5b-dc889fc063d4,34b2883f-f33f-463f-8939-ffbeaa89c64c,false,none
044732af-55c1-4c71-b451-aeb7dda62f9f,9cd60ce9-daaf-46ca-8142-d8a0fd4f9589,false,bot_purchase
91b576b4-c8bd-4ed1-ac40-15791d59235a,1dec0696-0ff3-4feb-987d-d87cb508918a,true,none
75acb5ff-7fcf-4e26-a101-b51b4867dc8b,03ed7a34-1717-41a5-b1d8-a0d8ba360651,true,coupon_abuse
61c07273-88e5-4d39-8f9c-174c80ae171a,d3b05a09-9cdf-446c-8166-53b4c1867007,true,coupon_abuse
d9a4f37c-756c-4522-86eb-5ccb1573be62,f859b5de-3704-49f2-8725-404b68a7c32d,true,bot_purchase
6a04b503-b665-4647-be5b-5f37fcfcc15e,b7884fe8-8011-47cf-b98b-91815f3ee488,false,coupon_abuse
30814314-e305-4fc3-9c7b-f49fe1620aaf,5584de45-789c-49d6-861d-fd212328f3a6,true,bot_purchase
3732c58a-038b-41bd-a3b4-7649bfda518d,f6361cc2-a948-4f21-a05e-68ebc7039428,false,bot_purchase
9541979e-84ae-492c-9888-25190a99970b,c66a954b-e6c7-40db-9250-90c09b9c5af9,true,bot_purchase
734114f9-2e65-4f52-896a-f90faabb444d,2d132de2-8267-4ecf-a2e3-a6198ef24877,true,fake_account
2f3e3f36-60eb-41c9-8eac-90b53e00db11,a4e29e9a-1491-4f02-b194-cc7cb929f5b5,false,none
2a149501-5548-41a7-bfb2-8e31d57f0cce,fd22f987-9b57-4c49-ac99-1ee71ac62f69,true,coupon_abuse
41f17567-ec21-4445-ac29-59ea7217749b,1e463432-f300-4319-aeae-c65f529a3389,true,coupon_abuse
ece79c09-c367-4dfc-b94f-122a78978462,d41637e2-41c4-4c3e-8da9-724fae0e46f2,false,coupon_abuse
6544f9de-0e81-45b2-99bf-545b7bcf375b,7a5ed708-902b-4171-bbff-e2f397c98f1d,false,bot_purchase
dd13df6e-b926-434f-82e3-15523785a8e0,db273fea-c4e2-43d6-97eb-c16fdec56b09,true,coupon_abuse
68db92f3-3a7d-461c-9a5a-b6935f65eb1f,2b131c4a-f71c-4461-a1b6-20062a49681a,true,coupon_abuse
bc55d122-2a3b-4d7d-b48c-5e77c837f4d1,821e1f2c-d1c2-4213-b9e6-08bf26588c46,true,none
a04b8f1e-90b1-41f5-9a9d-e5c4e1008eea,0b5406e0-761f-4d46-acca-bddf34c90776,false,bot_purchase
ae56f166-5be7-4ddc-9ad0-5e94adf11d68,7cbe0d33-1a8f-4956-98fb-c34dc8eb9253,false,coupon_abuse
50d4aa0a-1bda-4f8d-914e-307ad3e69dd4,b800a506-f387-4277-8cfb-890fef640880,false,bot_purchase
ae2b6e9b-ee32-4e5e-a0fb-ad1e0106387c,8bf5f790-f028-4022-8780-ec5a89d1f05c,false,none
5bedff25-e632-4196-86d9-2f8f38929bbd,ae658d28-dade-4457-87a1-a8798fbcd2df,false,fake_account
ff78bcdd-623a-406b-a70f-e6d222db5a56,1920e617-5ae2-4702-9831-219b2f66099e,false,fake_account
b48e9d22-05e5-4e42-a56d-977deabc161c,442353dc-ee8c-49ce-905c-2d7bf61ce45d,false,fake_account
6d311b23-b849-4e81-b066-c8ff8155dea0,97c162e9-4ab2-498e-be24-38b979b2f957,false,bot_purchase
3a5f308d-0847-42a8-9d73-00336932cbf9,6f173ec0-5d45-4e31-aaaf-4268feffffe5,false,coupon_abuse
ed06b106-4f40-488d-8d46-50023a137d50,b8a15eef-903c-4b33-a408-6498362ec032,false,fake_account
984ec7cd-6cd0-447a-b8f1-97fe8bf4de11,9a876b6e-5e42-4c9d-8e82-88b103997f8b,false,coupon_abuse
29662ce8-6afd-41b7-afae-21cd996a6b0b,ebf2ae83-159b-4b3f-8238-c95c0c9e5cfa,false,fake_account
2453f96e-0fc7-4e90-aaf9-c7f61b4906bc,3d68538d-cb2e-49e2-a1cb-f0da798e25b2,false,bot_purchase
6de1314b-c5b5-471f-982b-99d6bf90b93b,7066747f-edbc-4b46-b955-7f3efce49a72,false,none
a6cfa098-8c35-47c5-bfd5-945420175891,789698ae-1f3a-47b5-8d75-f8ebc59674a9,true,fake_account
262237d9-53db-44d0-90f9-ee3b31e68c38,17e43cef-37fd-45df-9d14-b07233738513,false,none
9a832122-2e3e-4d7b-9179-2f53c8d260fa,8ef0a243-9953-4c18-95bc-840460b0e8fa,false,fake_account
2945b5cb-88d6-4fc8-8f0f-2cff33f22ca6,a5fdeb67-c219-4126-a1d5-3d6dc5d88c29,true,none
b27c12d9-3778-4966-8144-09a81c4d2d22,ceb22a8c-3b99-413b-a37f-e279f45b9a85,false,coupon_abuse
e4e86467-a55c-4715-8c6e-0cf2876d0e64,59d7298a-bd9d-4af3-916e-e8d7e0252156,true,fake_account
80980d03-28bf-4789-b412-55b87a95cc17,066a5c14-33b1-46b2-ab4b-c4dca8569df3,false,none
9f883778-0853-40a9-ab98-f2fda405f013,7b4c8ea2-6342-4f28-a190-ff0ed3c9a039,false,fake_account
5f693ad5-a328-40d1-a23b-2699371a8fa0,33f9dcb8-5fe4-4100-9bb7-3f92f782d8a6,false,fake_account
affcd91d-b757-43c2-ad9c-6f9771df0e40,41735244-9290-4a92-ae4e-acbc67f13bd9,true,coupon_abuse
663810a2-9290-44d5-b32d-a2d59ec9dfb1,89f7afc2-4aaa-495a-ab48-7128449b81fc,false,bot_purchase
66e71920-a169-437a-a799-0e36a012c586,3ede68cf-790f-4e6f-9d42-9befef34c69e,true,bot_purchase
a77c1c62-07e2-45b4-b9a0-5837b5fc967b,a1ccb1a2-0926-4c50-8cfc-c0bb5fe122c8,true,fake_account
8dd6a006-dccb-47b5-bc03-3347bdb4b526,b6986b14-14c9-4bb3-891c-e7a9dbba6de4,true,coupon_abuse
d382df10-30a1-4d54-8a20-38560a2ee07f,15404bc0-39b4-4b12-97f2-5343985800dc,true,none
fa3cc9f2-51df-4b1c-aa66-7e86f8aaae8a,d56d87f6-ecaf-484b-b2dd-ad26c629edb8,true,none
fbb17b09-22e5-4470-9f75-1908eaf9ee1b,6c6990b0-99ea-415f-8de6-5f67afef003c,true,bot_purchase
b3a6600a-9bac-4832-8cbb-641aa22855c1,50459b8e-3a1e-4f4d-b04b-e8248b32a6da,true,none
6957db5b-2718-42b7-ba22-ff8061d5f746,560969c7-bff6-49eb-9ed8-78d958fd550f,true,coupon_abuse
365d8cd4-2ad0-4f70-b02b-36b0140771c8,f67220fb-109f-4834-b159-5552369fe74f,false,bot_purchase
5bba516e-481b-4ad0-be02-f47e3bc13e1b,62161147-f7d1-4f26-afc5-0c504769ceb5,true,bot_purchase
7f1ee428-e4d6-4aec-86bd-c4496e9de45c,c364e06d-4488-4cdb-aba9-29b3cc1b4bd3,true,none
4b45a9c2-adab-45d0-8947-f861c919ac49,4fc896c1-a098-4af6-808a-63c7ddd3752b,false,none
36adf347-fc9f-48e4-9832-42af4d3b0537,3410465b-4369-4e75-b36e-49f6da76221a,false,coupon_abuse
00f162ea-17db-479c-8d4c-1cf09eda3743,1ea19d3a-6b82-4fb8-bfda-8d853fd2f75d,false,none
392b504f-1415-49ed-b05c-121e23b45e95,984d5eca-398e-41f7-87aa-2240f96fef39,false,coupon_abuse
042dc26c-64e0-4437-b40d-b243f3e98f70,a1ccb1a2-0926-4c50-8cfc-c0bb5fe122c8,true,bot_purchase
ed2bd01e-82f8-4834-abd0-fd08772e0ce6,cad24fbf-2cfe-41a7-824b-88b15efb9caf,false,coupon_abuse
0891fde7-90d4-44df-966e-e435f1ac4ffe,76a90592-1ae5-4f22-b2bb-a88dc2604159,false,bot_purchase
d19249de-9383-4743-a8e0-dd8d64aab856,ad7978c9-f373-48d8-944b-e2c561cc784b,false,coupon_abuse
baf9a1a5-c5a8-4611-9151-d9e1caf98f98,b955030b-6fcf-4f8f-a0f8-bafabdcdc2cc,true,fake_account
0b0f32e3-3474-4114-ad19-8231b6b6bf36,4c258d1c-1905-4d50-8522-7e9e259e4fee,true,none
c1eb433d-63a1-4a29-94b1-3933fda6c34c,2d1602a0-58b4-4518-b22a-641da793341b,false,fake_account
31139dcd-ffa1-4f8e-8b6c-bfe0d4f4c012,15a98685-94e9-456b-ae64-48f9dd64d688,false,none
f1582fba-6330-49a9-8b1f-36c47f167cd4,1d061394-bed0-43bf-a81c-d0703d7a9e75,true,none
788b8457-4112-464d-a66a-fa3dee80e2f6,5d398729-a934-4ffa-8147-3d42db9cd216,true,coupon_abuse
6ec0dd04-da9c-4e92-9f88-9374b8855802,245e17c6-0748-463f-8382-5cb1469dbc46,true,coupon_abuse
e057afe3-f854-46a7-a35f-fc45b03b1417,970abd20-216f-4b86-a2de-1cc3b913ad3f,false,fake_account
0d56ff8d-47a0-497c-9c22-1c4b73c872be,d52a492d-ad9c-4bfa-a26e-ab6a8cb05054,false,bot_purchase
9feb581f-b0ec-405a-87ff-bb00aa291934,8c76f1b2-6760-4787-b465-100523a0774b,true,coupon_abuse
53627f6e-9295-4a01-af85-5c10e5581437,c22a86ea-ac49-42fe-9675-5cbdcec3577b,false,coupon_abuse
b9761512-61e8-4aba-bbc8-69da82b75827,5bb599ea-857c-4820-b90c-7d17641b576d,true,fake_account
4c74ff57-eed6-4573-9e1c-c5bd5b07c789,cc155700-3acb-4b8a-b87d-298adacb0c11,true,coupon_abuse
62fbd59f-609b-4875-bbdb-b49e5b60117f,4e68a520-0641-49f6-afcf-6b988e40b640,true,fake_account
8e849130-ff3d-409c-8a1c-e67ccfeaec62,414f4520-9d3b-40e3-93ca-fcb209e01226,false,fake_account
b5f69c4a-8e23-4ccc-84df-a240a4d5c936,de81bc14-6f7c-4528-84da-919a15b93627,true,fake_account
dabe01b8-f094-4021-adf9-84156d200a95,929de0e5-0669-40c8-9f6f-6bda10f174ad,false,bot_purchase
e83c1db7-60d7-4fbe-adc8-146f80f199e4,9d8f9f2d-0cf5-40fb-8bc7-b4c30b6c8ba8,true,none
009b756f-a48b-445a-851a-0e5e02bd9f9e,04da430e-1bfe-4763-a9f0-c065bdd481c6,true,coupon_abuse
0cf9b498-253d-4f0c-9da6-43d5cd614192,db8ef083-adc1-4987-beee-5f461f5f575f,true,none
fa37c881-3f8a-4253-95dc-e913f9ab3b3a,d9fd8a0d-437b-47f6-bf41-4a6db8a32231,true,bot_purchase
2e63aefa-e9be-43db-a008-b0a458193fa6,8267ea6f-6a3f-4dc9-a351-8f98336d0dae,false,none
5f330e15-dccd-4843-85f4-64a12cb63690,f3124d5e-a9e3-4ead-993a-061b83b5b0cb,false,coupon_abuse
21ffc1c5-9ac9-4c04-85aa-555642b4a671,9c50f397-7712-4182-9969-9dfe722c35fe,true,bot_purchase
c9967706-332a-46b6-a1ac-a5f91c5f7b06,de81bc14-6f7c-4528-84da-919a15b93627,false,none
99a13140-81c4-4c1d-8ed7-b556a625d72c,eb71f0bd-d9b5-42be-9656-0a16a57b4e04,false,none
0e1a8c01-ae45-4416-aa53-8b819fc95a0c,4ef44e6c-2973-489c-8d03-f7f894693927,false,bot_purchase
86eb116f-88af-4b88-8f0c-77e03e579573,63b27dcf-4914-4219-8c49-05a98bbde58d,false,coupon_abuse
25eb8172-870e-4381-b830-e8dacfb1f96f,4e9a426d-7154-4265-8b1a-a8fc8767df15,false,none
ea0fd6ba-d88c-4991-a18f-ee8990c10058,f494cead-9a19-497b-8047-3fa2c02eb958,false,bot_purchase
25d88b76-9809-4194-a2b0-2ebd92576582,3c933f8a-a336-44dc-87de-21bf14fd22cc,false,fake_account
ca4d864c-cd8a-47d0-9dfd-1c1c2fadad0d,9279e88f-6f5c-438e-b909-5f6be4197b93,false,fake_account
fc8d3ad3-181d-465a-82d1-23edabfe3f86,ae68fdf1-9a29-4125-b41e-ef0f8843aa56,true,none
9759bffe-4fd0-439d-94b8-557b6f85e3b3,8656bbd0-7695-4bb5-a77f-7c50b0d9c6a6,false,coupon_abuse
b5f7fae3-a584-4a4e-920f-42721ee49654,4f3bf42e-35e7-499a-8cda-f56d43bfbade,true,none
6f6c1f38-4bc4-46a8-94e4-c0f5718a152b,05ebd9f9-ddb0-4340-a2c3-2a43f99d306a,false,fake_account
a2bcccb1-cc01-460c-b5e8-916deae58d43,b0dd43b4-3603-4f06-973b-3d10216f2694,true,bot_purchase
4980bf2f-21c5-45d9-b86f-dc3860b6bb27,17f47b92-6084-4125-aea9-8404197f7ad9,true,bot_purchase
5a4d912c-0282-4e79-b74d-6461b4313845,16419f35-aea5-46d7-bef8-7ab15d7d1c83,false,bot_purchase
96888753-50c5-4d4c-b45b-d07fc38a61db,1c2910e8-4902-44d8-b16b-917401e35ebf,true,fake_account
2714824a-4843-4584-b385-b9049c35d01b,59a8ad79-c4be-4436-8cda-9aa5d30faf80,false,bot_purchase
e2454d8a-cc8e-447e-95c4-9564b0235c44,34f79dff-8431-4e41-9221-b331db27f4ce,false,none
78f8d5f3-c67f-4ccd-b1c4-7b5d4651d192,0179bf74-337d-46a6-8d1b-c27b847cf04d,false,coupon_abuse
9f9ea180-8d4f-41b9-9b3a-3bd7258455fb,1b1cc6ab-b622-4085-8d91-89897625b732,false,fake_account
6f99090f-2dec-4950-bdb3-ebbe1a08d9df,93c0e7bb-2401-42ba-a2bf-6f5e0b08fb69,false,coupon_abuse
3f2bfb6d-8193-4e2a-9d81-c51b59786d80,5e6b600d-e592-4935-8fca-1e91f9a2b9f9,false,bot_purchase
10e194a0-8711-4b85-9117-edab6d1666a8,aa58fa27-7c48-49c7-915b-9a88b4bb785a,true,none
7a85ca75-cddd-4547-8d9b-808c802fe794,7ca359ad-05ec-4b02-902a-5a7091e5df72,false,bot_purchase
a8e85ac2-c0f4-4bf2-b9d5-6b8a50f33c46,a3f06c6b-8629-46d4-ab9c-e9619b0ac642,false,bot_purchase
1d897563-a4da-4f98-a813-21a7e3abf1b9,a0fb58d3-d79b-43cd-a78e-e145b326914b,false,none
00b37237-1821-4121-85e8-4f73b91da12d,00b8ddd4-eb98-492e-b046-2fb505a8f83f,true,coupon_abuse
b56d42f0-a191-45e2-a823-434495faa32e,199096f2-9c39-4c10-a20a-321d8cea059d,false,coupon_abuse
c6a736f9-3a77-4369-8a4f-d30007dd0f5f,aeba6f93-dcd3-4e1c-91ec-f411b8e93092,false,coupon_abuse
40b28a64-0bb9-4b51-9005-7779a7971e08,a160c6b2-a7b0-477c-9c16-21316d507456,true,fake_account
d8262498-d27b-4021-a912-3277ef08abd6,882ced97-e57f-4678-9357-c9a02d44c03d,true,bot_purchase
4f245e2b-8c4a-4c58-bf3a-0e6f83040c97,fa893b34-a614-4664-8bee-f291db61810d,false,bot_purchase
19e79c35-5b88-41b4-a283-db172523961e,cf529e73-d41d-4b19-9b2f-e2932eefa25a,false,none
f931bf4e-5b8d-4303-801c-5ecdb34aa4f1,3589c2b0-8754-49e8-a98f-fd596f69c9be,false,fake_account
ffa237d7-606f-462f-8822-2f4f68d6a9c2,353e63fa-0fcc-427c-844f-9a7ca5171dd5,true,none
900e4e93-ec71-4ea0-85d5-64e913b63d6c,cc3dd447-44e6-45ff-81bb-9996de484e9d,true,fake_account
3907a80d-f793-4b66-86d5-3ed2d203c4ff,338b0cef-f2a5-456d-b927-23c26cbcadc7,false,none
2f30d1b9-6219-4027-8c17-b02e10211f23,a8d6ea9a-e87f-46d1-a2a3-03540592e242,false,bot_purchase
7a89bccc-9727-4825-89eb-ebbba91b795a,36d2d9ce-ca1f-49d6-9866-94557a0c325a,true,bot_purchase
f9a871c9-7813-4ae2-ba6e-ffe6f07d967b,5609f934-cff2-4a65-b50e-19aff43e0baa,true,bot_purchase
c84c1fbb-9cb3-4660-92a9-ad50cfbfbf77,3589c2b0-8754-49e8-a98f-fd596f69c9be,false,bot_purchase
0ef99cfd-8277-4b62-a694-c0fe2ee6c9b3,dbb42bbb-0db1-4f3f-9dc0-b5a5657d465f,true,coupon_abuse
0e613d09-5cc9-420b-bde7-2e5049f4a6a6,05833fa4-a2d4-4072-9577-926c3cb35bfc,true,none
8e1f0fe9-8863-47af-91ab-4f7b73067a9a,c30c01f1-ce26-4b50-b660-139afc42b563,false,bot_purchase
c8b34465-759e-4e12-a515-fea046e8a694,52c9ec0a-841a-4402-9fb8-07be46140a9d,true,bot_purchase
3041584d-c24c-4e5a-97c3-9b493b302325,5aa91dc0-dfcc-4905-b218-50c43642e2d9,true,coupon_abuse
5557d6fe-8bf3-450c-8363-b6a387ec1a99,4ec0facd-8181-49ba-933d-2db0398a4b67,false,fake_account
e422d355-cc24-406a-a275-350c6a5a846b,b49a392a-3559-4be0-b38c-c87bad7fbf5f,false,bot_purchase
a70b20cb-ffc1-4227-b690-73a1b9d3afca,9cbe8488-72fc-4636-81a9-08ac1ddfe248,true,none
cef28450-cc0a-4425-a327-89483c6f08b0,cb0b5864-0ae1-4826-ba50-be41769e5f6b,false,coupon_abuse
834fb3b8-3c9d-4e92-954c-3b699607ac6c,f6361cc2-a948-4f21-a05e-68ebc7039428,true,bot_purchase
58b667bc-a1ea-455a-a1c5-2eb54797f2ea,bcc703e0-0b77-460a-8d71-efc0b02c207c,false,coupon_abuse
e2f578be-1415-480e-b858-514728bd4d90,024fddd0-0cee-44c1-b185-57cd5a5697b2,false,none
ba6367fd-4b16-4822-bad2-b183464c063a,24178a43-af7f-4a43-b04b-77379ffa9eae,false,bot_purchase
03a89984-2d55-465b-b0d7-596a0daba2ad,eeda0ce2-e5e9-4f47-88dc-455e818bfafe,false,none
959df1bb-43ab-4d8c-a38d-4a0976e375e7,42bad7ab-e66d-45cb-9652-2948387affc0,true,fake_account
84f94917-e8a7-4248-b75e-71e7bc482731,73622ded-a566-4133-8f67-a5a296e0fd0b,false,bot_purchase
f5063bea-ae58-4313-a7d6-7ffd24858ed9,a2c8b318-6e33-421a-9dfc-945260adceff,false,none
e1956ea1-eb39-454c-a329-a46ce6bd8807,6b2ccd6c-192f-45f2-800e-bd01d6a0bd4d,true,none
7ffe4790-71f8-4696-8e20-17328ebefbc2,168dc55f-5f60-4897-9463-914e8a248c50,true,bot_purchase
4a6b69d8-4fef-4635-a21c-07575c64de7c,fd7d2f33-0ef2-4f1c-b4db-06ba9254aa38,false,bot_purchase
0e692acf-0e53-4818-ab60-449371516792,a8a5db6d-7b5d-4680-8d1e-cf5095979470,false,none
d6f3a211-9d3e-44d1-8750-9cd5df050107,5e139612-c68d-48d5-b818-ac6efd7d7fd3,true,coupon_abuse
2d19db3f-d69d-4cf3-8670-6b09201b67ab,c779becb-4b72-46f0-aa33-a3e253daa2cd,true,fake_account
b94a3afc-3bd0-4af6-b3a7-6c2d96f827dc,2c4fa98f-9fd2-4b59-8d6b-a204e078bcce,true,bot_purchase
e70b30ca-aa29-4741-b8d8-5ecc59934e3f,19ba1fec-5296-447d-983f-d70dd2d341f0,true,coupon_abuse
cf868ce6-0aff-466c-b3a6-eccaba077cd3,9db829f6-8bcd-48e1-9288-988126e21447,true,none
ed009b68-72b9-496f-88c7-33bddeea6c16,6f2abedf-40b0-481c-afe6-01e0e170faa1,false,none
dbddcb07-cb24-483b-9b52-31e49234ca02,2d7a10a5-6f6c-46d3-8ccc-e5799e4cf711,false,coupon_abuse
a1e9a61f-4810-4893-966b-d461f1cd0c7c,dae6820f-b585-44e9-bd66-2d2c0ba9fa1b,true,bot_purchase
e40ae6b7-6cb3-4b9c-b1d8-5d74a020d7c6,94d8df8a-2dc4-4020-b681-59f4f381b122,true,fake_account
e159ee9a-7033-4e04-a5e6-2b49b5f2ea08,990c981b-b261-41d9-97a9-3faf34cb1428,false,none
f1e7c7da-cd7f-48ca-aa05-695537d3cb74,f9c56e2e-cb43-4673-a059-1f80255d6e8c,true,fake_account
133b6864-4612-4d01-9727-5147dbe00097,2ea22a6a-5d0e-4866-a42e-225811d0d175,false,bot_purchase
bda13ca6-7ac1-48b2-afc6-4ca1d8cb805d,3166b9c7-910e-4dca-866a-eddf4948f2be,false,coupon_abuse
780b89c5-9fa1-40ad-882a-c7493d69f9df,d46fe94b-e62f-417f-9581-cae45628def4,false,none
16de320c-4fc2-46ea-9a65-895d302c5238,eaf845ab-691e-4180-a42d-aa79467ce70b,false,coupon_abuse
4bbe81df-62b4-42cc-a7b7-9cf8bda4e4cf,2cfc386a-03b5-4c91-bd54-37784c8fbd09,true,fake_account
e52f1481-db0d-4f3e-89bd-93818776b3cb,65a84cb5-4be2-418f-8542-1af271bd1396,true,fake_account
2415fcd8-8fc5-4147-b62b-2ce31b754f6f,1a1c3be1-5164-4c7d-9454-31c3122c1230,true,none
5b006ffb-d482-484a-bf4f-c55785922802,fcea9474-3fd0-43e4-8923-caa1466b6102,true,coupon_abuse
4bb169cb-e16b-41c4-bbb9-c57fc6efb89b,79714662-3364-4e1f-ab47-a8ed994c7a7b,false,fake_account
47ddad2d-59d2-4590-ba9f-5be4dfe1710e,516c7512-7fb8-4d11-8d05-cad3b8de8ae1,true,coupon_abuse
c74c37b1-a7dd-41dc-8d97-7fde5737139c,2ba778e3-4890-4e04-99f8-e0a636a9bd35,true,none
c44afd6c-8308-4e17-aca8-824383a0359a,9292ac51-bd5b-403d-bdf5-0780c2798147,false,coupon_abuse
fdc64e2a-9424-4969-9c67-46927ca4b606,61690637-ca69-4772-bbfe-2556703dd2ee,true,bot_purchase
9bd2e911-18fd-46cf-b7fc-7566d1702cad,af92b65e-1587-4fae-adfa-225a33d5d82e,true,coupon_abuse
aef5dc8b-cf2b-4afd-9b5e-9c7cb7c53171,2a71b4ba-6dc4-476f-b864-64742838891e,false,none
135c3dac-3037-4ab9-aea7-33088eb8d2c1,cdf902b7-212a-4c78-b780-8960a19db0ae,false,bot_purchase
ff528cbb-a00e-4424-ad1d-c3c228a3122c,bd11cd3e-3b66-4292-b720-6172cf4d397c,false,bot_purchase
3597233c-5323-44d5-a533-c1dc8e9faab9,c39af486-6eea-409b-9d7e-8c7bb6d4c087,true,fake_account
d656c9e2-0801-4cff-9cfe-38fcb0566eba,3cb25771-8a4b-4def-b9d1-927f95ad646a,false,none
f5304d8a-280f-464c-990c-e459094b1d06,6afca4b5-2084-473b-a518-1942dc062aec,false,fake_account
8e66e851-2b88-4f3c-a423-c6bd48f91087,3a6b4c72-6d46-4d6e-a609-b5693595b464,true,bot_purchase
5f67f44a-d55f-4665-a840-15924cc833b6,adc140d5-07d4-4b4b-bd53-64cb3d3b2faa,true,fake_account
060cd7fa-0a11-4a0e-b842-460031fe3c48,4a563608-42b4-4221-a57c-7c4295e2f52f,false,bot_purchase
33c51aca-372d-4c74-851d-406766498202,de6252cf-0e80-45d8-a4e6-f48565fa6b20,true,fake_account
07ff6bbb-bb32-461e-a946-3e9c1154ba94,95dc0901-1e10-4111-bbf0-d82ee607d743,true,coupon_abuse
5b163aa9-3b2b-4b66-af1b-ceecb1852d4a,d2a2db8e-4c02-4d69-95c7-bb088304ac9e,true,bot_purchase
721aea9a-b4b4-4a61-b436-d63b4980c9af,2ea22a6a-5d0e-4866-a42e-225811d0d175,false,coupon_abuse
1f693837-280a-45bd-94c5-ef5ff42fbe2f,08d56b7d-44fc-4a04-b7e0-80348a6ffc56,false,coupon_abuse
1cd5dd2d-1c74-4b56-8bfa-4cabdd7dd198,23f93343-9a52-4292-851d-c8fd40ff873e,false,bot_purchase
443b8da2-a5b6-4cf2-9495-20eb11b89ddc,9659a8e6-ffd5-461d-8031-c6432eb8254f,true,none
73130935-4604-4b66-aa1a-ea7489477e3b,91c6074a-ece9-4f1c-85b1-9a2eae85d1f6,true,bot_purchase
ce929d61-ecb4-4134-b592-023a05b8694f,38a5d0c1-e900-44e8-b6bd-6c68e7bf2862,true,bot_purchase
9e1eb05d-a42a-4259-acaf-d366aa1525b2,c4686c60-3804-4427-81d6-a1a6ae602b24,true,none
cd3262b7-6d08-456f-a4b8-746649afa431,10fdcc5c-07a3-4929-848e-4678c4f59905,true,none
9c6c5086-7b18-424a-aa29-2abf6c0abce3,9a58dcdd-a2e7-4262-965a-2c37b5ff62e7,false,fake_account
5eaedd90-3fda-47a5-9a19-b469a1c6cf8f,3b07becf-e081-48d2-a2c1-83fc60aa84f1,false,fake_account
6ea1260e-4432-4e46-b0af-ac939c8f17fd,169a62d8-5f3c-4ca0-9d00-900dd9fd5600,true,fake_account
ebe3a128-baff-4896-9c06-92629deb2fb1,2d606a31-0533-4733-8eb8-a85ae4b6aefa,false,none
aebabf45-0b66-41c6-896f-6130f41e4f45,b04422cc-1d44-4afd-b024-1ae0e28e3995,true,coupon_abuse
185c2c80-03bf-4a7d-a654-8fadd1766ef9,da91b9d3-acdb-40cb-920e-369cd5a7bf6f,true,bot_purchase
61585287-ae7e-465c-ac9a-55b02f67344f,40849a31-76d2-409c-8b98-554442f6d9b4,true,coupon_abuse
cf0ed0e8-67a0-493d-b0e8-60b3b6a10ccb,6a27c1d7-1501-4753-b0e9-7bc0abf7ff8b,true,bot_purchase
53f4488d-7298-43e5-b1ad-8124dede3175,0e55649d-f3e8-448e-b6e7-ce01286b1f5d,false,none
a9ac95d9-f3f2-4797-b8ec-012999d9ee27,fe12f91e-be0f-48e7-aeeb-488671d37cff,true,none
12c935b7-f7fb-41ed-ac53-2222d2186ec3,ecbae6df-2838-408e-b55c-a06ff9c73cd5,true,bot_purchase
62c6fb6b-05c0-480d-9175-744b09c7a843,86837cea-969e-47fa-a6cd-3a6131d380de,true,none
d87e427d-1602-4ac2-84a2-79db20280dfa,5e61849d-4396-430b-b0c1-6aab7cea25bd,true,none
3a9b235d-0ce3-4ece-a3c2-2bfc8196126a,8209d7fa-1a9c-4e96-9754-52c1d0d56a23,true,fake_account
0bea7c78-ca53-452b-981a-74bb23cf85b0,39179e0d-b671-46b3-8c67-bdd34c7cfa5d,true,fake_account
140101be-065f-4d1f-b2c0-3c4f260355fd,aa329f1a-b7b2-497d-a50d-e649bfb9c38d,false,bot_purchase
cd94d2e2-0826-4942-925e-c31718fdea42,7af5baf6-d3f2-4e31-bd01-3e0ad1511567,false,fake_account
93cca423-1f92-4fbc-b812-ff178e4a5535,e433b05a-66cb-441a-80e2-f4c5b93c7aa2,true,none
87a2ccb3-79d4-4a0d-ab55-c364589566aa,b11a1daf-0429-483a-849b-3966b85c819e,false,fake_account
ce838030-83a9-4b3f-a83a-e890cb800ad7,99a08004-1454-4bdc-ac1f-cdf5d7b6d992,false,coupon_abuse
65606667-4802-4a3a-a73b-1209e04df587,a329423f-5022-42f9-b4a0-5058fb1ebac9,true,bot_purchase
e8ce7a08-806d-42af-b54b-9c8f2e5f53a5,53efeb3a-83e5-430f-8136-0e76577c8ffd,true,coupon_abuse
3fee2417-e889-460c-bdaa-33bebefeb5e3,d4b756ca-e0a9-40d2-a615-652ffcfa3afe,false,coupon_abuse
abb884a5-6bb6-49b3-aae0-b3859d5ae4d9,0cfc92f7-3b91-4111-bbbc-5c16dbd4bc77,true,none
45d5ac27-4869-4341-945b-49b8552d27f7,0bb5cfe3-b03f-49ac-b1f5-d891443ae36c,true,fake_account
7bf9fbdd-4533-4eaf-8348-9b7e023f96b5,88cd7ada-a603-45aa-8f00-e8aa942295de,true,coupon_abuse
893b3723-5689-4bb9-acb4-15fe64a20e75,de382d94-cac5-4eab-b46e-29880673d66d,false,bot_purchase
fa1b7ae2-06e7-460a-9856-6f638910db05,e2b47140-640e-47ad-8be5-45e4db6fa434,true,bot_purchase
36c02283-4d72-43c7-b5cc-683cb604ffac,2c27b7c8-8126-450e-9774-73bdf10c17a3,true,bot_purchase
651db5dc-ea94-426d-99d4-fe8ac23d607f,7a33c295-a517-42e1-bb4f-36a953f2bc39,false,fake_account
a6fdbdcb-4850-4363-aaa4-0569a1bd0aaa,cf7520e2-eb33-45d9-83ef-ce4753f11570,true,fake_account
e1543ec6-3c26-4725-b1d8-67b51c576e8a,d695a17e-ab4e-4733-8a05-e5d70594f7e8,true,bot_purchase
adf7800f-d1ab-4597-8b9a-b1dceed5bf6b,79939794-d454-4844-aa7e-6a9ef06d6383,false,bot_purchase
032848f8-3148-43b6-80e4-111551a0c937,24518693-b83e-4214-9a7a-5419d48e9bfb,true,fake_account
5ab064cb-39b2-4c7a-93f9-ea0102e2e9ef,c7912ab2-1a68-4487-a9c4-9bc2c565dc8d,true,coupon_abuse
5387ce0f-ac35-46b4-a759-d5c85b30fdda,8d69758d-5977-4547-a6b1-61bf7f50109b,true,none
725bb3d4-4ae2-4db9-8562-e99bb4c12671,c9371503-eee2-4dca-9be2-9713830b73bf,true,coupon_abuse
8d6c9acd-60a3-4294-a442-e6b83048b023,ead249f0-83f2-46ee-a3de-283e385ba778,true,bot_purchase
d7a5b729-ce80-4e1a-989a-2559f1452443,39bdba14-d49c-4237-b40b-897e7cce3c4d,false,bot_purchase
6c8ee6ff-68bb-436a-8364-122dc6d99925,74ce39e2-1d1f-4bec-b159-0877f551e332,false,none
1a08faaf-3593-4e28-bdc7-8b0355de9317,c7aa94d1-5de7-48d0-a5e6-f83a165ca67b,false,none
3afaa550-800a-4c8f-89eb-116244b520fd,7da69175-1470-4e28-8640-a3c049055235,true,fake_account
54e0f882-2959-465b-a1d8-8359d4b172ba,7910a1ee-3ec3-4372-a29d-63accbacc4f4,true,fake_account
19225a2d-7693-4643-b773-f080dceab754,5ad32581-68c6-4e66-b6c1-6c75b6843899,true,bot_purchase
593c6cb4-a680-45ec-9b1f-30dc9e2861d6,a74cf204-3a7b-4e7d-b328-04eb5b3e3215,false,bot_purchase
4346cd04-c67a-4965-9b94-e0c8189e0217,9aefe9d6-ef16-46f0-b0a6-4db472003397,true,none
a4cc9064-97fe-4f5d-ac58-8cb67c674b6b,bdf815f3-4e27-4dbd-a3c1-52d1b9790dd9,false,none
45d44964-a0d9-4b4a-addb-b836e8264cec,ae0a2bb0-413d-4537-97f9-bfd2c36878e6,true,fake_account
ccb4f87d-cf4e-4541-825c-d417613007ad,42662654-8860-499a-92e1-e063361a6607,false,coupon_abuse
4da262b6-dc23-4abe-9550-fdc5d8a7fc65,f4a6cade-3f8b-4341-997f-4feafb153ae2,true,coupon_abuse
4236cf40-2629-4c5b-bdf0-7a6a1c7c1241,d345bdb6-ce74-4003-8c78-f56d4326cb86,false,fake_account
ecdb6342-2b59-41b8-988b-16ddca432150,49a3bbc5-f0cf-4cc5-8cc7-0db4da462395,false,none
5b494814-212c-40e0-a96f-ff0ed6bb8eab,8420112a-4836-4fce-804f-bd1dfb29cbbe,true,bot_purchase
5e116ae1-9b57-4b8a-a8bc-01b3eaa3eac8,5e6c213e-7d98-416b-b7c7-c693a06ab758,false,fake_account
23a0f140-2a36-415f-a85e-b55b84f7a214,314dd76c-0d53-4373-870b-9e9dbb4635a0,true,bot_purchase
94f739ba-e72b-4834-8ca8-883c0b83ff19,2f7d0557-d5a7-44b0-ab18-a9a29e1312f8,false,coupon_abuse
d18e1cf3-6b75-44ce-a873-e6c48739f4b5,b41b2333-bb05-4843-a653-1385544b5da6,false,fake_account
40946b65-da91-43b2-86d6-c4252f63b57c,e790ac55-fb9a-4216-8cdf-78817ca634d2,false,none
f46fdbef-dd48-4423-b18a-45521764a012,15a1cb7d-7fb3-4898-be46-8dc493f50869,false,bot_purchase
10a77069-42e0-4232-b95c-fad51d87e9af,089b7d1f-5342-4614-ab24-fc090743a935,false,none
15da6391-e3e0-4e2a-a4c8-232c521f8a7e,9bf7c604-dd50-4bf5-9911-42d100bc8497,false,coupon_abuse
053acc37-5e70-491d-a76e-771ebcb6554a,78689727-3fc0-42ed-b530-a05bf723e623,true,none
2cd9ea07-a0dc-4d62-8350-a87c13b144f4,91d285db-6ece-47ae-acae-1152d6d96639,true,coupon_abuse
2cd1b19c-9fab-4f9e-a3ce-42b4cb0e71fc,fd2a75fa-ce53-4f43-b464-1415d55907b9,false,bot_purchase
d92b78d5-2963-4680-b47d-4d472558ffa3,3b7d4d33-6022-4c76-8aa8-7510d1bdd301,false,coupon_abuse
2c73810d-c21b-432a-b513-90bfcade4fd1,4c4ddc35-514c-4a25-9500-8d049e7b5b5d,false,fake_account
ce6b6aae-7379-4564-bc07-56e41a9fc57e,c433a967-f9e6-4f80-a733-c1a113e7bff4,true,bot_purchase
8dacf9d0-dfb8-483d-86df-4f4f05a79c95,42bad7ab-e66d-45cb-9652-2948387affc0,true,none
6370f49d-6e4d-4e66-9d56-9361329cb094,0161e2be-53c3-4075-9f44-284e0cf92000,false,fake_account
b7d15c64-56cd-43db-a615-ce4443c91584,4f080e65-acca-4f5c-bb3a-fa1cfd787f78,false,none
b19a8b8c-9361-4d32-91ad-12663529a93c,c05c0ac5-eb99-425b-9658-a09be88ae9ab,false,coupon_abuse
aa3b5188-195e-43bb-b919-937b2e32fff3,9f28defb-de81-44c9-bf46-150875153606,false,coupon_abuse
baff5aa7-5d52-43c8-88b7-76d0b3f5f569,ea6fd098-b283-4323-a727-eb02bf71b71e,true,coupon_abuse
da6962d5-674e-493b-85a1-a835460875ae,7f52c0bd-d9aa-4a7e-963e-5283c7cf405e,false,none
c17ed287-b75d-4f2f-a4d2-c6b5fbb59af8,1884bf9f-e9d1-433b-9e88-0464b7e63b67,false,bot_purchase
c8e11d13-0370-4d19-a0db-2674e4b16006,2bff315f-e581-400d-a705-e8ee95780dc0,false,none
ae85f6ec-7314-4193-bad5-afef17104ac3,bb44c6dc-eb1e-4352-a5b9-fe8fb73b27bf,true,fake_account
12f761f5-0af1-40f2-bb6e-fb1f17f37236,ad75477f-86e3-4fcc-83d3-cc551cc5edd8,true,bot_purchase
0b62b553-ebaf-48f6-86e2-a921a890e231,68400837-3dca-42c4-8803-8b269b9913a8,true,bot_purchase
202a5281-e703-481f-828d-36dd4a73025a,be57eb1c-0199-492b-bb92-c95f9367de5b,true,none
32252bd9-4eb4-43e7-a319-3b7d06926265,63668599-0327-4bf3-b28b-517e677e9f4c,true,coupon_abuse
a6c4f193-11f5-4c32-9609-ce1fba1a2cf1,882ced97-e57f-4678-9357-c9a02d44c03d,true,fake_account
582b3d39-5494-4787-9b33-b459b7bbf652,0490bba8-2f4e-42c5-8bee-6536a7b8eeb5,true,coupon_abuse
56419e2e-34d7-486c-bacb-a5941dd2167a,ec1f8b4e-0761-43ef-a8c0-368751f2c7c6,true,fake_account
f2b75164-5745-4608-8aa3-7507aa016306,0a3a3bc3-5e6b-4623-8c2c-7a3c8c72e39e,true,coupon_abuse
bd9e402b-81b8-456d-a451-37e388ff0edc,a512acaf-1697-44d6-881a-b5de8d998265,true,fake_account
72ae5acc-8b3b-4b95-9332-0b827ea9eddd,f251aa0b-20d6-4180-a86e-2b5c7b3aaa4c,false,coupon_abuse
f9e3f2ba-49e0-440f-8b63-84787a8c7b3b,4cb4b0b2-8618-4b15-8234-88f8bb7f6955,false,fake_account
0532588e-e38b-48f7-b832-a50e62864cf7,8177628d-df2e-462b-92a3-aecac74c0a84,false,coupon_abuse
abc28cc2-d4d8-40db-9324-8e441b76684e,92bd2bea-af72-47f9-8bb6-d91d0a90fc24,true,fake_account
85dac2b7-2d05-4399-8d75-0083fd9a411b,29070c6b-94a2-4ecd-9bda-c814d239caed,false,fake_account
4421681b-fe5e-488d-be9a-469d4206af2e,4799f709-f029-4df7-b39a-e73e6f673541,false,fake_account
6b679b1b-77a8-4529-a52f-81c6281843ed,4f6afd42-9ffd-43bd-ada5-36e2700b45b6,false,coupon_abuse
c76abce8-9c26-4e94-ac35-44904d140911,3ab43a99-48be-424c-8a87-bea5dd02efff,true,fake_account
bea3b776-97fd-4d87-971c-77e89eb1ed46,2c1451d0-1a61-4f55-98a7-a2759ede23b0,false,bot_purchase
ffb41695-444f-4934-9b43-e0e71b74481b,dbad5a0d-342e-4781-acc2-d56c92ba4253,false,none
06bfb9a9-c099-4035-ac9d-de7285b0d320,2eb2d690-3433-45f9-8d62-7c6783ece28e,true,bot_purchase
ff4fa2d2-a90a-4c69-9152-498d65f971f8,5b6f7876-884e-45f6-987f-0a885570d1b9,true,none
0d5ef31e-18fc-47e9-9b31-a39a5347b353,41faa097-1903-4737-be43-a05c293e1ffa,false,bot_purchase
b0d015b6-3353-45ad-847f-b815ae56b92a,9e30279e-b730-470f-b376-4cd0071aa81c,true,fake_account
dfe4d258-9714-4c8f-8763-fcd581575564,4b076c47-9111-4959-97e1-43779d513110,false,none
ce8b3816-a4fa-4724-bb10-16f15af617c3,3a292921-1a8d-4dcc-a2a8-2f9e02e14f16,false,none
49041bdb-fcb0-4fc2-83b3-3d0ce7377d25,4f2bbfea-8747-4801-bc83-2bab5b1cc5fc,false,coupon_abuse
a96c1362-6fa9-4a3d-a95d-e8c4f16d3f42,6c0f3768-7fe8-45f4-a26d-a1d2520bda9a,true,coupon_abuse
26a32c33-4a26-436a-8d18-88596ff28410,72077dc6-c677-4c73-acf7-79aff7f2ec9f,false,fake_account
f8a7802e-41a8-4ccd-b8f4-4fa6b8d89161,21aecf5a-e92a-451c-8f45-a9a5e3099f1a,false,fake_account
15d67664-4e14-4a03-9720-cdbbc0b5d973,71ac7bd9-3f14-473d-b737-2f63e3861197,false,fake_account
78043722-8f64-4099-8943-26a412395c35,ea4d4b50-133f-4ea2-b6c7-2a246ba7e239,true,bot_purchase
06eec68f-ffcd-4f9c-be25-cc05ffa45b6d,5c44bd55-28ee-48bd-a3cc-75285ab9112f,false,none
1c13f5b7-ca74-4675-a885-2adfc13903e3,95db2ae2-92ec-48e7-9c45-72545422da1f,true,none
b0fa0fb1-bf91-4cf0-b478-40a3316ec70e,5441ac98-1e0a-4127-97a9-9cad6995edca,true,bot_purchase
ea743304-d81a-4736-9ec2-4b3fc393e2d5,92902a15-ce5f-45a2-bd55-4eb6316fdf22,true,none
954aa858-5fa5-4efa-98b3-2c7ebd8439d2,1ae631c3-356a-4d0c-9d90-4720b1869450,true,fake_account
bdaa1cd7-bed2-4294-902d-08c917d87a9f,4f774a79-0c3c-4cb9-953c-975a82f926f8,true,none
64371d7e-1332-4b8f-8856-7a415f80805b,a0d9c431-b2bc-4687-ab8f-5094247dfb91,true,bot_purchase
e5a58683-9b53-40b6-9a67-2210ebbe9b34,fc810d93-bab9-4036-aee9-9f0b7a710d2f,false,none
803c8196-5475-4a6f-a31b-d4d713bc5c21,cf6e0880-7084-4c76-bf26-80a360b43368,false,bot_purchase
68e2ff5d-bc3e-4e1f-be12-d1e469b83c63,f8745bc7-670c-4b36-b8d2-53448329ca67,true,fake_account
4e14b7ba-8fe1-4808-bfe4-ea08d7dc9872,52d6a835-c9b6-4ad6-ba08-fcf14d97e450,false,coupon_abuse
51de6a10-909b-4531-bfd0-3eeb095b14e5,2489b2ba-4ae1-4d75-9e56-63b2d61dd56f,true,bot_purchase
0d52f8c4-d90c-4018-8044-129096ea7063,8918beb8-2646-4ebf-b48a-c9e57a68e1f5,false,coupon_abuse
05d6e423-79fb-48e2-b97a-4538cc7f1e82,cb3e03aa-5f23-407e-80f6-00e58fd64fd9,false,bot_purchase
d6f92375-1b77-42e5-b32b-8159391ae121,f25b5a3b-0938-49be-bc1a-280e80098c6d,false,fake_account
de422a5d-acd3-485e-8fe3-487d30d8632f,30aa1136-be66-4573-b36e-aa7f25ed3103,false,none
702b7799-a76d-4a8f-b170-9b5ca5e62930,d5f9504f-b63a-4429-89b3-60a672d5296c,true,none
d2a510e9-1890-46b2-98f4-6b85e0d3ffa5,c1201529-ba7a-426f-b104-b00d2d264e22,false,none
150921af-9400-435f-9a8f-41dca18f3496,f02e1d3f-85e2-42a5-b2d4-16becbfd6a44,true,coupon_abuse
568bb4a0-b511-4e4d-ba62-d26fb47cec2d,070b9720-5003-403b-94a4-0bd77f46baf3,false,coupon_abuse
72fd1db8-1642-4f46-b47a-4ee88836c678,b115a39a-1040-4335-a244-559bc81a53e9,true,fake_account
49879b1c-49f6-49f6-9b0d-53e1614e99d1,7da6d6e5-df45-4e80-8781-1fea052e6993,true,none
dcb7fedc-5c3d-4f21-b3ad-b511f041e1ca,ec5ef365-98da-4c63-96a6-82f9bed3550e,true,none
c0023f33-65e5-41f1-98f3-b1185f9e1ef0,1f4fc990-7655-461f-93a4-7ca26522ae29,false,coupon_abuse
e77c160c-a3c0-4198-9998-158038ea3382,791d3268-36eb-41a8-989a-a826aa43412c,false,fake_account
5092c8c5-a015-402a-83cd-cb31f52e4112,29fbd893-e166-44d4-9eb4-f1a75d7327e8,false,none
23b2656c-98d4-4eb7-9ac1-dbb137b2a87f,00561606-c811-4d3c-a345-33ae15179288,true,none
6a02af4a-8ad3-4fb9-98af-3a1728d2ff77,465f2adb-74ac-462f-bd55-2388de210f83,true,bot_purchase
cc92893c-aaf1-4a77-a9ae-26da301edba8,128688b8-8310-4d51-9348-1193e094b82a,true,coupon_abuse
6e503612-b40c-4a83-9c5f-8f490bd84d72,5c9ca2ef-fcff-4330-a418-b627ed735555,true,none
ce41f65e-552a-4d37-927f-ac4d63c7aead,bc658178-5891-405f-9c7e-eb483fe3a79c,true,bot_purchase
0272bbf9-1543-486b-b357-367676e5c4ca,b168d6cb-81d2-4bc2-a6c8-eb6edab741e8,false,bot_purchase
6c0d9add-e675-4676-a061-b5a308a75a20,83881177-806f-4c22-91a0-809e1fb04bfe,false,bot_purchase
d26fd488-1960-4a40-abc7-a9303475b0a3,c4953cdc-4876-4802-87c0-4ef58700e517,false,none
c39469f5-c118-4926-8aea-b004dd285c67,073f7214-52af-46c4-a1e4-6c3587711d1a,true,coupon_abuse
b51f2b3b-ff24-4bec-ace3-92b0a12ba3de,d0216d8e-ef21-4d98-8faa-8bc600e25bba,true,coupon_abuse
52fe3620-0fc2-4106-8cea-4613633f5f75,a8976b43-f698-4a69-be9a-fcceb860f792,true,bot_purchase
9b9c941e-a261-4332-a421-4fa743ab041e,5796aba0-0975-455c-ba2a-538fa6f8af69,false,none
e777ecd9-7e7b-4f55-890b-f79f1d8f410b,6478d2ea-f7a6-42db-a52e-f808714d37b5,true,none
74d014ae-f13a-4405-8f8a-0cfaccaa0fd0,f0241696-2c49-4b3e-ae51-b456731d6437,true,fake_account
fef02da9-98bc-4bbb-b06f-7f69b7c7dc2d,66c00177-836b-4a34-a6fa-86b7ca64809e,true,coupon_abuse
c9dd480a-dfd7-4696-8d6e-678d08a6524c,8a39dd9b-42dc-4e5c-a30c-65504f9b0f16,false,none
6c1a6b2f-48b9-4dc8-a710-91031025015f,f1b8b5c6-924a-4063-8e5b-7bdc37c4a821,true,none
4509168f-658f-4cb7-abb3-fd9db3b6a35c,84c61fa0-3a5b-4e48-ae7c-88526a96546b,true,coupon_abuse
00e16ca9-779c-4eca-af51-836153479d73,0358758d-e254-4ac6-8083-d70a4f436991,true,fake_account
60db8ef5-b366-4eb3-abf9-5c438e027754,2472579c-fc1a-4f2e-8ec8-1f77d98e29f8,false,fake_account
48598f0d-e18b-496d-a12c-c935517bc1fc,737f7572-b6f3-43d8-b168-bb309a5ca2a5,true,coupon_abuse
e049a979-a3f2-4a42-a0da-af1b959c55c6,4b6a75d9-3e89-42b5-9b8e-70c98ccadafa,false,fake_account
0c1e695f-2fca-4ba6-9aa2-8091c0a96c4b,4e7e0513-3b53-4176-94dd-b07943383621,true,fake_account
376cdf67-f237-4999-b037-510896ccd8ea,bf659573-1bf2-4472-a259-0780526c4c09,false,none
ef308769-a4c2-4f6d-8fe1-f06d5edd5828,cbe96cb4-f0b8-4dd2-ae72-0a3dccfab8ea,true,coupon_abuse
c328e2da-332d-4bc6-9bb2-7995cb262bc8,db49907e-b1df-4cbd-a27d-6d207e73cf0e,false,coupon_abuse
10a17181-1cda-48f9-985d-ef49946768a4,116258a9-7391-4353-8524-c2e517e80c7f,false,coupon_abuse
be8cea60-c1d2-4d6a-8b19-a9b15e500570,5f4cdd44-6269-4c5a-a052-de7e0a1716fb,false,coupon_abuse
2e1b06f3-e338-436b-9da1-52a852decd13,6f826fb5-0b21-452b-8cb0-0bc5cb34b220,false,none
6d549df9-8b3b-4523-b250-0593713f9902,b47830f6-9766-4a71-a3df-7ebc53f7181b,false,fake_account
183a2001-20b3-45e5-a86e-e34b8b3bbe0d,6349a906-cebf-41fc-a7d4-114f7807e69c,true,bot_purchase
4e4f47c2-e926-4900-89b6-302aa4254480,f7a6e7fe-bf15-4aa5-9045-c84d299524e4,true,bot_purchase
fa6e9e84-e397-4cdb-a1d6-5032bb7f558d,b7f3d2a5-0e0f-4e87-b274-dd6617078119,false,none
c39b23a0-0a89-4c35-9104-14ccb45078a6,de028a96-97cd-4a2e-b300-933aeeafff0a,true,none
e1ad0bec-bf9a-490c-bc44-2f0685cf87d5,7b26653d-0c6b-4b12-a6b6-54d689b94b7d,true,coupon_abuse
551a3585-bedb-433c-8eae-38747b7ac628,6b426254-610d-477e-86a8-22222ce88d20,true,coupon_abuse
f9ef5236-5fb3-4439-b85a-4c654cf986d6,b35045a3-a526-407f-9f60-0b043807a437,true,bot_purchase
0ffdf948-4c50-47a9-9c28-a7c92b200468,221d07e2-4a39-4b9d-a55d-2d7c86336bd3,true,bot_purchase
38782a57-b0a4-4e76-aae6-0d0fde7f7cb2,aa386d51-2b50-49f8-8d51-28e586c8acac,true,fake_account
a3d11f7d-2d7c-4e0e-9235-ee0afdf544d2,c0824313-a506-4213-b87f-ecb3a1819892,true,none
7e606220-12ec-445c-b16b-a79824c787d5,d24836bd-d5d1-4280-92a3-d5e64c437519,true,coupon_abuse
8f156afa-270b-424b-ba0f-ec95efdc7bb0,d9e1f2d5-30e0-4523-91a2-1a1572a4ae37,true,bot_purchase
0e84c4ca-f714-4449-a0a8-d0ffcff216de,fc65a2e1-9d72-47f8-a005-a826de1dd982,true,bot_purchase
abbe717e-14e0-4bd1-af6e-c793cc1bdc59,4efa7259-878f-4207-bd47-dbe707266142,false,fake_account
120667c0-e337-40da-963e-6ca5406cb49c,ec5a60d2-bffa-4dbb-b9f6-c4324bd4d5bb,true,none
03397f69-6c2d-4db0-8bd9-1321301b91b3,53c5fac5-55fc-48c4-b1cf-fec3b57dc2bf,false,fake_account
33927786-52a1-441a-b771-8f3dcc57a37d,c218dd9c-5ddb-497f-80c2-cdb3e5641537,false,none
0f5dca79-e3a9-40e8-96f7-a44633c15168,a660285d-f0c0-4c45-b6b5-9d0cf69af376,false,coupon_abuse
8ee46c90-b8b0-4e90-a0e6-cde2c6086a43,d5f47a28-d432-4c77-b1ae-6cd43ac8d40c,false,fake_account
d64d39f7-1fc0-4f0f-8e30-a01a8b0bce5c,9b450e54-bc9c-422b-aedc-8d9fb32dcd84,false,fake_account
1b1ea64a-deb5-4444-88f2-c61f5d2436ca,00c77ade-8608-468b-b1f7-3825dcef3f3a,false,coupon_abuse
950bb325-bfe3-4e89-a99a-84b0bd0b2810,4ef6dc47-be07-4224-b790-a6c28ee60095,true,bot_purchase
73cbdbd1-dc0f-43eb-8df2-6624547a21e1,2dc861a1-3987-401d-a40f-39dc9a3c95ab,false,coupon_abuse
3e408ce7-7682-409e-a60a-355a8b4389b8,282b5671-a973-4feb-b25d-a4b7578a64fb,false,fake_account
da8cd403-1dc0-4962-9a90-2e68216544a1,c35c5abb-147c-40aa-9e04-adb8ab7cc761,false,fake_account
ba1bcc46-1519-41b7-8e94-55a8d9079cdd,e381cfc4-0826-489d-b609-dcef21ede733,false,none
c8afb8e7-bc51-4a7d-b82b-ba78063c164b,4de82e35-49e8-4616-b20f-f46bb0abff18,true,none
86bfcbb0-a901-4c32-a639-ea1300bf35e2,ef165073-af95-4296-b7af-8eb4a6209e72,false,bot_purchase
d6d96268-bf9d-4984-8f9f-1fedcdc1a586,4786efb7-187a-4d8e-b3b6-b0f36872ca52,false,none
3c8307c8-86b2-4072-b367-4e866585cf50,c5f75ab3-b61c-4275-bc57-abcc96128b6f,false,coupon_abuse
3b84669a-4afa-47ba-b448-fe0ada365db9,5e2c93a4-c505-4e1f-8dce-9185c81b9565,false,none
073354e1-def7-44b2-9c51-610a1697f021,0f217a90-e96a-4003-b545-df3077904ac0,true,none
e4620a39-949f-4937-8b6c-a78fe00de85e,7c395471-cf63-4b8b-bb8d-b6930f8f8302,true,fake_account
a8d1c739-f4d6-41bf-872d-560b7dfce433,c027f291-e8be-44da-9601-c9e985ede4e6,true,none
17536fa5-0ca7-4dfc-b2ff-9bb9e6e97c78,5c8cf991-c1cf-41ac-9bd5-10034d0bc7ae,true,bot_purchase
4bc97bd2-7711-4886-a1d6-6c7bc5e7a97d,2d6ce73d-aef4-42bb-8f08-0757df5e3dd3,true,fake_account
ec61c53b-36c3-465c-8fde-a1e86cf8bed3,5629e099-da29-4016-9c8a-77cdb7d1eba6,false,none
42a48cea-4cdc-49ba-ba36-b461b703fadd,d76da368-ba20-418d-8c27-10ffb7ef30f1,false,bot_purchase
a00eedd3-f579-49ba-aa8c-95a22d6db3c5,a584ca7b-0821-41fd-86b7-c8f6ea67a1c7,false,coupon_abuse
63fb8704-4d2e-4421-b550-f939f4068c03,f10129be-b0bb-4174-8812-5a2d19302350,true,fake_account
eeb3eb74-176e-4832-8629-ec2b100c1cce,d46e09a1-4015-4b3c-9bf6-77c1d68ba64c,true,fake_account
3fef4dee-4c45-403a-a198-bcc3ec6b0abb,d04a41b0-8934-4082-b9d3-74aad528737c,true,none
79edc852-e2fa-4a71-b51c-35e729f7839b,68e48ad0-d6da-4dfc-b667-1ac6c7ec8c1d,false,none
80e8cf2c-fb5e-423e-977a-93ea3933fd71,e22da001-6797-4a7c-9f63-2b7fbba69312,false,fake_account
2a693466-7614-4601-a749-d3c86738820a,4679fdc2-785d-445d-b364-7ec7f2dba272,false,none
9741bb7e-e163-4f84-ab5b-6ab50d2f1be2,4a26a26f-7e42-498e-8ab5-682b0b19ed90,true,none
9b633989-f926-4938-a7a6-e6c6d21f0d0b,d3ee0304-0812-4f04-90c4-adc1207793bb,true,coupon_abuse
b25123ef-5f76-42b8-a9e5-5fcc05210608,3122d759-0c8a-4a22-b11e-90056ce9a5f4,true,none
2a6af4af-c949-485c-96b3-1a280df2a7b2,e9538347-684d-4f74-beb9-8b79076ed367,false,fake_account
af3804ea-cd0a-4176-88d4-379cb9f8b437,5ffd7972-90a9-49bf-b1d1-5d2c44f2e0e6,false,none
e0ec9a8b-8925-4422-a11e-e3ddcde7b0c7,fba78463-a801-41ea-b30d-a6212812cf9d,false,none
e64746c5-59cd-4edd-81f2-76f843f3c4f1,9eea1e8f-828b-4687-b6bf-8fe48cdca32c,false,coupon_abuse
8f7565f4-5698-47f3-9c35-1338ec1847e8,60cf7b50-e791-4c80-a292-937e95987daf,true,coupon_abuse
30591f84-803d-4462-990e-fa781efde22c,291f82e9-c840-43ad-89a1-077b8a8b54fa,true,fake_account
62d80958-a478-4c58-95b8-827971bfcd94,ce2f44c6-3fcd-451b-82b7-1e87dc05b059,false,fake_account
dc495123-6cb0-4d3e-ad75-f101ccaa6058,6cc3a147-5a4f-47be-9eea-57960c5f0edd,true,none
a1f8abcc-f022-4f4c-a0bd-a61d47b7bcec,f4e8a4e6-7bd2-4f50-8e17-bdc0166566f2,true,fake_account
d77e8677-391d-4f41-9199-29bba173fd61,786d8ebb-6226-485c-a022-964787d45e5e,true,fake_account
ab8bdb41-48d0-48e5-89e6-d740fc1111ce,2fc3f65a-5996-4238-87f3-295f090d0058,true,none
be96797c-7a98-45c7-b4be-84c145695a04,557232a6-330a-4888-9df6-32732c18487c,true,coupon_abuse
e39bf1f6-d8ac-4301-a10f-695eaccd5a21,41ff4431-d241-4754-b8de-9244eb057e5a,false,none
aa1faf95-7141-43d9-8bb9-e4fa34fdd683,be1bed9d-a511-4835-b8a5-9cd4d7154609,true,fake_account
b36dad33-e54e-471b-b0f2-98f60fec0123,479f04ad-233b-4303-885c-5658326e412d,true,none
3694bf62-6fec-498c-b5fc-d5e632438aeb,c30c01f1-ce26-4b50-b660-139afc42b563,true,fake_account
eb8ec146-4977-444b-a3bc-a1f259f8f098,1a1c3be1-5164-4c7d-9454-31c3122c1230,true,bot_purchase
9ffd10f1-7d83-45c2-b2d0-f091fcf582e8,0ee92f05-2667-4cd8-99df-7da2fd636419,true,bot_purchase
216fa4ae-798d-4abf-be68-ec35ea97dbc4,e744520d-31a0-4887-b49f-35747bd800f1,false,fake_account
2e42aba2-4f34-4da1-957c-2bc7d715d342,e7e0eb3e-725a-470e-92f6-0cdeda13ac82,true,fake_account
eb083a06-0e68-4e20-aa67-21d2fa50cd0c,c368e2ba-f0ad-491a-a270-00d8e5b2f6fd,true,coupon_abuse
610d8377-3255-45b1-937d-132e8ca62224,6b7bcbe5-0620-4132-87ad-42de45eb239d,true,coupon_abuse
dce58275-d3b8-4549-af21-138aa792cc90,359fa907-8cfd-4a06-b91b-d5917ba1107d,true,fake_account
c8917a7a-a255-48d2-98bb-e2a59ca47b2a,5c7d5ad0-95e7-43ba-8e8b-49699f40256d,true,fake_account
aa266141-a707-4bd6-a44a-61669aa19eb7,117021e0-820f-4915-bb2b-698ac8eb8a79,false,coupon_abuse
027737a3-a571-4f88-8b50-6c70647a5e0f,cee89a4a-3e7e-4710-84d0-d2df9247880c,false,coupon_abuse
42705563-57b5-4ea2-9ad5-6ada31e5f75f,a7a57bcd-281f-4cd2-b31c-912fb51763e2,true,coupon_abuse
af50f804-a698-4779-a201-f62b237874ca,ab34bf42-6b91-4b89-acb0-7354d98414f6,true,coupon_abuse
3fa8da55-9f64-4f69-afa8-290cc3b257ab,0d165690-a70c-4411-b91b-42b1666cb336,false,none
6c44d021-7850-4e6e-a8b2-674faae8ddda,11122f72-eb45-4ae4-89a0-2b7cec08d7a5,true,bot_purchase
353ea2d2-d94a-4401-9b9a-2d5cca0a7d3a,99cd54c5-afce-4099-94cd-cdb4c0062e74,false,none
af97f440-d0aa-48c0-b4be-f0f8177658aa,4e018a2d-05e5-404e-97bc-8c92ff0939a5,false,none
e5975692-23c3-47e2-8d27-71968017abcf,995494c6-2c4e-4127-bd71-c7f9086d1d10,true,coupon_abuse
03ce4206-8042-4868-995e-e0e199491397,d9ec6429-a5ba-4327-8a37-389e7fd1caab,true,bot_purchase
47135cf7-5029-4843-92e2-10f172a27573,c9b88e8f-8d60-42dc-97e7-504198ef3e5f,true,none
4c88e055-021d-46a1-addc-2801075bcee5,2e8c01ba-8ef1-4b6d-a7f2-2397f9ff7b8c,true,coupon_abuse
c66bc343-8445-4b8c-a95b-46343a19a7b0,9c491793-fd06-45fd-aa5f-ea477d51f4ac,true,fake_account
37b2726a-a55e-45f5-b7ff-fb733055e37b,63b68f40-5651-4ece-a672-9544b69af5c6,false,bot_purchase
eae5c5f3-c462-4300-acb6-83f1500e967a,e71cb682-00b7-4436-b8ad-fdba17050210,false,none
552d948a-756e-4ec9-88da-25085279e540,a3855fe8-7876-4590-91c5-862dadf10f47,true,none
4a602e1e-47ea-45e1-a796-856aa31a3c4c,54ad0323-9a4e-4ac8-b100-304f82e36b39,true,fake_account
3c3a84d1-0bc0-4397-9b71-f64b2ec32a8e,39ef5003-765c-4587-a4d9-72de52a8139e,true,none
a4fe270e-e9cf-4075-ab47-f5a0ec2f1f04,e96a47fd-fa46-4c70-929a-a169d1f89989,false,none
382b9b6a-7357-4519-a341-b03d06a613bf,05ebd9f9-ddb0-4340-a2c3-2a43f99d306a,true,none
b33076ce-8f82-4d8a-b6e3-4ae86c3f5374,f9951279-fceb-46ba-9047-1fa989986038,true,bot_purchase
fe9f1415-6344-48fc-b8a3-a7c3f98ba38f,3eefcd74-91d4-4dcd-939a-14a5cf908470,true,coupon_abuse
d8e91930-5e48-4a02-99d2-0441257709b6,b45d2a27-f282-4e87-a9c0-9d2842ca7313,false,fake_account
860825f1-6da0-4c41-94a0-90e48f791665,128688b8-8310-4d51-9348-1193e094b82a,true,none
e198094b-b219-4bf8-893b-43270e08b563,a0d9c431-b2bc-4687-ab8f-5094247dfb91,false,coupon_abuse
bdbb6e09-0e9c-48e8-8ffa-c6ed3394a505,3410465b-4369-4e75-b36e-49f6da76221a,false,none
935dd2c6-b7e1-4736-a8a2-8e0f5ca2e399,63fd3476-ba9b-4dcd-bd8a-4e06fa102333,true,coupon_abuse
7fda2da5-fb3b-41d7-a976-5fe47e0802c2,ef7eb0e5-badb-479e-ac0f-08cac210c846,true,none
7288f772-346b-41b1-8230-40c2867869f3,32030834-967e-4dfb-94f2-0a8b339a7140,false,coupon_abuse
051fb583-6865-4a83-8d04-4813c36842cc,6afc0752-dbc3-4fa0-84de-d089e3dc9c6c,true,none
8cf75864-1d02-4b22-af35-bed971f38352,0eab5151-1aba-4ff1-b7d9-f74313fdc11a,true,none
ae8544ad-8d53-44f9-96e3-4b1a02fcd7a1,3a9d0925-a92c-46c5-9210-450862eee2d1,true,coupon_abuse
0dfe602c-2821-451a-bf8b-fc042880018e,042f351b-920b-4bd3-bf2c-cd4994b5fd18,true,none
d659a982-81f4-40f4-ae2c-93d10f496bd9,f795b9fb-1826-46a3-b455-568a9d8d67d0,false,none
8e920db8-2aa3-402e-86ca-be026efe6eeb,01f29baa-fff6-4259-be71-9af6bc1666fe,false,coupon_abuse
7271e36a-5895-45d0-bf1b-de0c61c5f707,91fcc9ce-0555-4f62-8941-6b9141e0e572,false,fake_account
16af3ca3-f84e-42dd-b9e5-00b771d8c01d,316d1f30-81c8-4ad8-816b-64c4323ac66d,true,fake_account
e53813ef-6ef0-44fc-ad54-2d92fced36f1,c08389c6-426b-4194-bd4e-6daf602e7117,true,coupon_abuse
efafd7bb-50ea-4a12-91e3-dc648c8d057a,e58599cc-cedf-4afb-ba9d-5828b3a23d71,true,bot_purchase
89c7f1ff-93c2-41ca-ba13-4d6c2110d543,ef180d50-9607-4ca2-a31c-96f24a7e1d31,false,coupon_abuse
06310d2c-8d24-4029-8443-e06ed8ff5a89,ed93219d-ecec-4cf0-89c2-311d24cf25a3,false,none
cb87d0c8-6614-4b7e-a059-8bc83866709d,4039cab1-eae2-4bae-a334-867f705fba89,false,bot_purchase
39f91385-ff11-4b1a-8cd5-0d8089330caa,f25a5642-3baf-4400-9636-47c462a1f6d2,false,bot_purchase
b0b7eb36-1fe6-4e52-93da-abf621c0e6dd,35ba88c7-f287-4835-b78c-d617ccb72b0f,false,none
b9234bc8-92df-41c4-9233-56bd53f22df3,b4096106-dfaf-4840-8f66-5b0eb5091909,false,none
d4f1650d-515d-47b4-95c9-32421f4a8ab9,63ee5905-3089-4ebf-a62e-e62b9629b45b,false,fake_account
c63c25eb-c1fc-482e-b407-34609caef53f,1d2adc91-6432-49ce-8c1f-df599576815b,false,coupon_abuse
a4b6befe-e64d-4013-8643-8ee655bbc89f,9f594008-6e04-4ce2-8fc3-eb6e801fdd84,true,coupon_abuse
1dd6e5ab-a4b9-41fa-abab-07e980f8540b,069b5c3e-21e3-4ecc-b2e0-54f21adad7b6,true,bot_purchase
9ea10ebd-8cf3-4658-a72c-6718d3558314,0b0047b6-b3ae-443d-84ad-4e9b11e3d5f5,true,bot_purchase
9bc4f235-bdcf-4e49-b692-9fbf94922c7d,4f2877e0-7baf-49ec-b7cc-215fca46e23e,false,coupon_abuse
206d24f2-5908-46a2-99d6-7d7078b3e23d,7544fb59-2f63-431f-ac15-c8fdc5e3022f,true,coupon_abuse
4ef4a271-0ee8-4b27-9397-8ade9bafacb9,ee8ff5e0-f949-419d-a30e-1122d5e613bf,true,coupon_abuse
5cf0a9f1-4960-4184-8ffc-5e94f4ceb3ed,d8929892-5996-4e5d-b96c-b557b9800179,true,bot_purchase
b8b96da1-03f8-4c36-aa26-be49f64e21f7,d64cd099-34cd-4fc9-b88a-39562c87acb3,false,fake_account
6ef1d760-996e-4094-885d-2f236a0f2f69,47c7185a-44c0-4a8e-8672-d5fdf2e52455,true,bot_purchase
9e4c155d-e156-4656-bb9d-35c651d66f22,4de0f4be-a272-425f-9c62-b31e67471759,false,bot_purchase
b92e3218-349a-4e17-9069-890335382d12,e015e6de-4c5d-436d-aca8-81994d750f71,false,coupon_abuse
6af898f9-60cc-4107-8a67-48c1a46e3a53,b4096106-dfaf-4840-8f66-5b0eb5091909,false,fake_account
8f8db4fe-2bf2-41e6-82ca-33621c56638d,9566f404-16af-41dc-b02f-4e2f588d2143,false,fake_account
d4110b81-1172-44f8-a0a1-e44cbb8269ed,8e565ac7-d0a4-4440-b6ba-2d3b02faea1a,true,fake_account
0c628304-955f-4afa-8f0e-114ccd948f76,83a77a79-56b2-4ae3-8108-a25e92395280,false,bot_purchase
a8460986-7b6b-4d22-b47e-a3c29dbe9e7a,9a024027-b704-4690-bbe6-a3d1eb79fd80,false,bot_purchase
d4dde880-242f-478d-9dfb-07c28944cafc,c5e410e3-0498-4a04-a4f7-dda6fb249fc1,false,fake_account
65617fe6-dbd0-4b97-a999-aac374efce31,68a8093e-55a8-47e4-a373-31c90eb34bfc,true,coupon_abuse
d87fd963-4d82-4e76-951a-e0ccd51406ad,689454c4-039b-4513-9369-8e3c3b3d01cb,true,none
f43a0cd8-17dd-419c-a223-9baf86242bac,77d9a210-1735-4137-bd7c-841a661cf9b6,true,bot_purchase
77f12d59-7397-45d0-8ed4-9b0752460023,041fc576-836e-414a-ac42-4871fe4f164a,true,none
6d91ac32-4444-41e1-b3c3-5bc972a28f43,e8c8e43b-a6e9-4085-a114-b8306ad8e3d0,true,fake_account
4429cec7-f540-468a-943e-94c713508144,ee0c9539-4d1f-4a32-a886-880eeea19466,false,none
e64c92ce-e48d-45d6-b850-35807ba76d18,f02d98c2-e72c-4a4e-9066-d45bb1a33c66,false,none
5dc45a93-f059-486f-a660-c0a3fe60807a,5a2f2fc3-c35c-4bfa-8d5c-d7c8fa2b4dd3,false,bot_purchase
b8832ee6-d633-4206-8ecd-2cd5de7138a0,6d414eb3-984e-4fbc-b7f0-a66d16964c01,false,fake_account
92d4d879-6232-4007-8dc5-e6753cb375b7,e65a939a-ecb6-4d4f-b578-6cb5c3c16d3c,false,bot_purchase
3c1e911c-8466-488c-934c-05f0040c93a5,084d6094-2b09-41d4-b84d-c6bb25060ff1,true,none
69eb3a1e-c754-4f07-9715-e1c41fc15fb3,abb143de-1f3f-47ac-adf7-b4a6dbae0fcd,true,fake_account
fdbe213c-2486-4bee-8f77-aadd68ff99c6,361937be-aa03-4e55-a9a2-74b44a2aee92,false,fake_account
6874b1bb-6c25-494f-842f-2f8774464af6,52f5f914-420e-4fbb-a000-1fbbb9513d87,true,coupon_abuse
baff7a7a-1c77-4e53-8359-0478ef81b4f5,4f09d904-e51c-4e67-9f0b-58b4cf16fb8c,false,bot_purchase
f43e7ecb-e26f-4dd0-9892-6a3481f2264e,1125550e-6bfd-40c7-977b-5f8added01d0,false,coupon_abuse
b1d6c49f-6072-4702-8f73-9537a1fbfe4e,27291677-5348-4be7-8c54-c5f360fe3de8,true,bot_purchase
3dc08e54-6061-41c2-9a53-3df80709b000,3e6e610c-543e-454f-a4f2-4706de3c834c,false,bot_purchase
67735c94-6a6c-4c43-a138-13a9bf507c56,014b159d-ec3a-472a-914f-817d852ef3ee,true,none
cb12eaaa-74bd-4c4a-beb5-a6151083eeec,b092b436-1e7b-4f3f-b800-02fdb266f74b,false,bot_purchase
f8591951-9932-4140-ad2c-5eafbbd255de,cac9e05d-5021-4413-b051-813222ee0aa2,true,bot_purchase
a610c560-f182-47e4-9d8f-00f10af69ef4,97301073-acc5-44e9-afe0-8c807c9b7441,true,bot_purchase
0b49ad19-0d8b-4b12-904d-3315d027ad45,e56e797e-5b8d-4eb9-ab2b-d09ea24a7688,false,coupon_abuse
9ca6fac6-085a-4f20-a779-55e5582d492d,2184d3b3-119b-4859-98ea-b84a2a8ea346,false,none
1cd9545e-98bb-4e29-8cc5-f05da6282ab9,503460f7-ae37-4d3f-94a3-29a7196a691c,false,coupon_abuse
5e5e6d0c-1175-4bad-a4c4-355bad819885,0f0e1261-c529-45f5-b359-94f46c5e4625,false,none
c34bc718-3c4e-4676-ae41-4fd43e92eab8,18774eb3-dbcd-46b1-b7c9-119051a037f9,false,none
f8a92a33-390b-43ca-a376-51ad34ec60a6,c368e2ba-f0ad-491a-a270-00d8e5b2f6fd,false,none
b25224c4-fe08-4d24-b370-fb6582ae3e49,0c1a121c-d7a7-4952-a926-ecb2a02446bd,false,bot_purchase
53a0578c-f376-45a7-b4a1-c42503bd2f47,e7561dbc-2baa-4699-8fa6-53670f5e2be1,false,fake_account
3c03efb3-9d6e-4192-80e2-2005136bcdcf,6bf7c0be-cb62-41cf-81a8-fa9150cf768d,false,bot_purchase
5fe1aa6b-a292-429c-b3c7-54b6c7a58c8b,28d2e302-e3a8-453b-a76f-e6ffc2c18c92,true,coupon_abuse
7c3bf8f4-8d4d-424a-8097-73384abd313b,49d48d2a-cccc-4026-9fee-7ddfebeb551b,false,fake_account
c9764978-d6d1-4c66-85a2-ca4512d89739,43b475e2-0f47-45dc-9447-c0b7dd678356,true,none
56b2b6c4-0baf-47f6-847e-9e850c1a9a76,f2973729-cf1b-48c3-a5df-f43bec2bbdd5,false,fake_account
d25f7fef-e958-4ec6-8e94-654f9383badf,c382fb1f-6179-41a2-a297-b4c685810c54,true,fake_account
5513cecd-3795-4d8d-bd00-b393b8db5efe,1f78a1a2-106d-4f30-b0f6-6aa28b203cd5,false,none
30d91ded-c21f-49c1-bff1-b706c30d9262,5c8cf991-c1cf-41ac-9bd5-10034d0bc7ae,true,bot_purchase
42f81d2b-1318-42a2-9155-2fde5d206a13,890198f4-3d20-4cd4-b5d2-93c3e283815f,false,none
e966a060-b360-4b6f-9b40-65a777756174,3f203d41-7626-488d-90e0-e55571fabe28,false,bot_purchase
5f00ee75-c411-44b5-810b-cfafe49f66ab,2f516416-769f-43a4-b12f-9c2f766bd394,false,coupon_abuse
4690966b-b2be-4541-8562-1b6119a84a0d,870443f5-30e4-44ee-bdc2-e9e366b286bc,true,coupon_abuse
5b54374f-6a17-4d83-b0ef-117d8419b6bc,b955030b-6fcf-4f8f-a0f8-bafabdcdc2cc,false,coupon_abuse
1a456f61-2d9f-4d83-8a87-775099533a5d,ee0a5201-8fab-40c7-a440-8e9750d1e151,false,bot_purchase
2ee8f935-7828-4ed4-add0-bf2222ae8103,c7333d4a-085a-4d20-9847-6097f0cfffed,true,none
fd2039cb-cb6d-4bce-9563-ca72efe2b5e4,5b59bd0a-9356-4c14-a278-000c4bbb6b8b,true,bot_purchase
f98e80d9-0390-4051-b48a-88a9a69a6a95,582b6593-e98a-4244-8bd2-78b7fc77eda9,false,bot_purchase
363cf09a-cf6f-4996-816a-df61ef6eb521,9aa1d25c-2d18-4e8a-ac86-ccd17d3717c5,false,coupon_abuse
b056e8e5-3850-444b-8995-3a722d134ac9,62bb35e8-4569-47db-bce9-2e6b45104d39,true,fake_account
ca8c225a-bf79-4fa8-889b-bfbe3b0db099,42f7940b-c15c-4d60-ad2f-4b33fd337eab,true,coupon_abuse
393cf6df-38b7-4cfd-8291-ad137b98255d,9b9ae635-9278-4eb7-9daa-3087c73f4b18,false,none
36a0f8e5-d330-4876-88a3-b9d426bd92d4,7ea211fe-113a-4574-b056-3b552a426865,false,coupon_abuse
61b6b112-38f3-4955-9a20-15b7e659cbd7,70a96b83-ba55-4d10-ad23-7977d0162260,true,coupon_abuse
a51946b4-f5a8-4662-bbe2-c6e76ad076e8,161526ff-2111-4b03-901f-578140f9a513,true,bot_purchase
2d25d81b-2d98-46f8-87f5-0c807b0d7773,28956fd0-33ad-4ff5-8a20-018aeacc92b1,true,coupon_abuse
b031e08f-aaec-4e1a-91bf-b7e91d07834f,6283a6d8-d9c8-41e1-87b5-c089c94fdae0,true,bot_purchase
ecbc9fb2-1bfb-4470-a774-3eaa6fdc82f8,e71ac6d8-cca2-41a3-aff1-90c0812846d7,true,coupon_abuse
1cbfd86a-061d-4d89-ae89-03c9f5388588,b6f3e9d2-5c5f-42ae-9d7b-b5c533238a59,false,bot_purchase
fbbf080e-0c9d-4608-bcf1-1a34b87e2b6e,5e625423-5325-4d35-8066-60467bfe9a0c,false,none
06163f8d-5540-484a-ae50-dfe14a782c2f,2c96bd92-f07e-4053-ae1e-cbda71d95377,false,bot_purchase
0e7cd7d9-8bd2-4344-b769-e83887310946,b9f8fca9-6ad5-42e7-a850-1e24ad335855,false,fake_account
fde6fabc-5c66-4ec8-afd8-35a53f38aa1c,55ec8845-bee7-4094-a77b-9903836bfb8f,true,coupon_abuse
5b808572-ad22-4d1a-bd83-6e79c741ef3a,e03e215f-e2d2-41f6-8d1f-52fc8dae6bcf,true,fake_account
ac4871f4-a4fa-40a7-b63b-97fe90c08622,8f6358d1-9043-4ee2-9e30-8a315ccf07e4,true,fake_account
20d73388-04b7-4780-98d3-374431bffd19,5c1af026-8b5b-4723-9b3e-6fefd754bc2b,true,coupon_abuse
eef57e37-a12e-41bd-a23a-dcfb33506ece,4907ab0f-2f19-467b-9abb-81d3d302c2c9,false,fake_account
0e7aca25-7a09-4af9-b3c9-97c588f29f3c,dea6ddde-e8bb-49cc-bec8-00bafa254af4,false,fake_account
f10c9bf0-4c28-4fa9-aa47-957f1559dbdb,9776f291-4149-41ca-9613-915ef24bca3d,true,none
3ceee7c8-ba94-4214-b1e0-8a68b30425ee,6e055d10-ea38-47e2-8a0a-fa46a4debc04,false,none
dc21c69c-cd51-42b7-acc0-9be591b54a26,da2070ca-e088-4596-aaf1-f2c7f3c50f8f,false,fake_account
03f9072c-e7d1-4f69-bc5f-0dbca35cb7c4,cecc5067-1c6b-4d9f-bed0-0d3a8082ddfa,false,coupon_abuse
68206c57-808e-4c68-9363-fa6e3043ecba,fe7aca47-2ec4-4bd5-9668-ecd3ad2058da,true,none
4f254a6f-5d3b-42e7-b72c-58b61d9ddd25,2a8de97d-ea5d-4b9f-821c-508e9ab9fc4a,true,fake_account
7611abab-e26e-4998-b3a1-4a880c6bff2b,fb63c570-04c5-4931-a450-4e25acf65e6c,false,bot_purchase
de55a635-ef71-4b40-b6db-bc84fdf7a6b3,03f04b70-d66c-44f8-9336-26bc03edfa94,true,none
bff6181c-d3ab-4df9-af8d-c09673407edf,7f9a531a-5997-414e-9e92-af17aea588d0,true,coupon_abuse
ca9be68d-b54e-4b07-aee2-ff21730f650c,2be127b6-5381-4775-8a30-ac2172e9f9fc,true,bot_purchase
332ec4a6-fbf8-4caa-8d0d-30b06aef02ff,561ea245-3159-4d9b-a84d-d61c95bd9e32,true,bot_purchase
63f76d41-8dfb-4971-9fa1-52bf81634b2b,3011833d-907c-4989-b09b-52935431947f,false,coupon_abuse
0ebe61ce-08ca-4412-a29b-8792fd0e32fc,64bc9b2f-44a5-42ab-8528-e241e735bfb9,false,bot_purchase
23692d31-9d70-4dca-855f-d33c79736959,53ca73ce-3122-4570-affb-3aa1470081fb,false,bot_purchase
742f72f4-e805-42e8-af9b-51284b902dd2,b2ec02d8-a140-403b-b4f3-99cde22d0710,true,fake_account
9b133a96-8149-4d66-ae70-4de90e4d5fc4,2c8c5b36-c276-4ae9-9852-06832333ca0b,true,none
8ff24f70-dd6c-452a-8468-02bcd4124426,3cc4cd8f-cec6-4d38-b5cf-3918dc2b36f0,false,bot_purchase
0f0dfe28-d23e-415f-bb9c-f105831cb937,1084331a-048c-4ab1-a55d-7dff573d17a4,true,bot_purchase
4b7ffda3-9e27-4c12-9031-a7232def0fa7,e146f7f3-3157-4799-b079-4f4b514c9223,false,coupon_abuse
19105f6a-be1b-4057-a55f-97234dfcdbce,d7e1aaef-1a9b-4ee7-8926-2963c22f9bb7,true,fake_account
62472c6e-6de9-4ff2-8090-cfd5c4613e1d,acaf2c76-95b8-4b88-b5dd-1065df70479c,true,bot_purchase
2600ba88-26b4-4f85-94a7-9a0c087d720b,09099ef3-fc13-4f61-8fbc-86ec136631c5,true,coupon_abuse
9695e125-56ac-431e-a81c-b53cec764aea,9e30279e-b730-470f-b376-4cd0071aa81c,true,fake_account
2a913d3f-b714-4d49-a115-eb76e8ef9e34,119caaf2-ff5e-4c2d-ac31-a89d7d282875,false,none
7e2d342e-a559-4638-86cb-56bb1e24af62,2be3ca36-094c-48a0-a304-2b5b6b32f4c9,false,coupon_abuse
f3e77401-396f-494c-9976-f7e710dd7a4b,92d19787-88fa-4435-ba85-1ac7edd7af11,false,bot_purchase
0b74bd99-9625-4de2-9a93-3415250de122,3d488697-fcc4-4d19-8141-895840b5b4c0,true,none
66a6f0ce-ae7e-4b86-96e5-df640d1918e1,b577bc6a-9956-42e5-bb61-8d5439dcdfed,false,coupon_abuse
8e35677d-d31a-4a6a-b09c-8468d3ec1e61,9717e876-ffe0-44c2-881c-f5e800ed0d72,true,coupon_abuse
f33f7215-0741-4711-a478-63c60a39f77e,62e1e8f6-358a-4246-a748-97d02ac7a0ff,false,fake_account
bf4fd4ee-3247-47b7-9203-2536f4dd47d7,cc3dd447-44e6-45ff-81bb-9996de484e9d,false,fake_account
c12d2aaf-261e-44d4-9ce8-26257a047d25,2c198f1d-b387-40f7-89fb-2b127534a973,false,bot_purchase
a2bfc293-adc0-42c9-83cf-97062b0c1d03,ea50a776-ef88-4df0-b6c5-2eb9391d9a0a,false,fake_account
31459b58-3364-4cf5-85db-1114c940aafc,09b1cb31-726c-444a-87ae-20b5d8c0975d,true,bot_purchase
93d5dd11-ec3b-424e-b784-b5645f0a6661,1c1a696a-2119-4eb4-a437-3c81576101b0,true,coupon_abuse
72b720e1-d2f7-4c52-8128-3267884ab75a,dda1b982-7c80-4dce-b6b7-50e139ca5a46,false,bot_purchase
c2567ede-9f45-4702-bce5-c2a9bf78e607,28cd8de6-0c1c-4b52-9914-a2db5a65c46e,true,bot_purchase
4edff063-de10-4196-864c-3b0721aaed5c,70f2dbda-4d56-4e76-b5f0-27f7e8a0631b,true,none
6711d0ad-f8c0-4d95-a65c-712f832b6af3,e43c219c-2ab4-4845-8fe3-07007049a58f,false,coupon_abuse
4e7bdb2a-396c-4d99-b0b1-ded69cee34eb,622c4514-5aab-42a4-b1f2-7920738eaf88,true,none
a0286a19-bfca-4446-a320-d78fb4f317ad,25e35dc4-8cfb-4c92-9823-01f33ce582b9,false,coupon_abuse
b2fbb1e6-6d60-4c68-804e-2ef63ea2642b,d33a9b95-7389-49d0-b35e-646f37c275e8,false,bot_purchase
bb27e98b-32cf-412b-80e2-eeed5d1f18d6,5c8f9df8-b2b3-44ea-8d6a-c0f127b2ebc3,true,none
ae966c90-ff75-4cd0-8aba-3edf494b98a7,92bfe0a0-e565-433a-9690-bc6e00e34db1,false,none
948665f0-f15d-4e53-a84f-59052165ca47,d345bdb6-ce74-4003-8c78-f56d4326cb86,true,none
48119ebd-20e2-43a1-a416-2c8da5203b18,61690637-ca69-4772-bbfe-2556703dd2ee,false,bot_purchase
a0be4c05-8366-4b1c-b596-cdb9e7025d5c,3555b5d7-4a21-4c26-b755-161a5e122132,true,coupon_abuse
b75f709c-8f29-46af-9d96-ab53a7767c27,7910a1ee-3ec3-4372-a29d-63accbacc4f4,false,coupon_abuse
02b979e9-2f36-4187-99e6-b97c76192e22,24356078-c8fa-4f16-b462-0765db27064e,false,none
86949a26-b02f-4ab9-8752-6057a1ab040e,b7a853c4-4c42-4ead-98a0-acb23fb1e6c2,true,bot_purchase
3efc33be-821f-41d1-8ab9-3427db1bb8a8,2bbdc322-9235-48ff-b5ba-0808b7185541,false,coupon_abuse
1656b506-418f-463a-a79b-ab41badad758,6339b81e-fe4c-4bde-9fb9-f5f7bcb0ff32,false,bot_purchase
09f02034-b506-4a89-b4d3-575cb3086b1f,9824f20b-cede-4c01-8ed0-5bb3d762805e,false,none
45570d6d-87af-452e-b771-f9a9a2085de5,7897ca89-6677-4dda-9327-d6e232018eaf,true,coupon_abuse
e6bc122a-6270-4400-8b1c-c4e41661cdd1,ebeaf5c0-4f8f-4c47-b132-e3e700e5a6bd,false,fake_account
1c480c8e-85bd-4a73-93e3-451569bd7ac6,b91fa6e1-2002-4441-ac08-d9ce603f7572,true,coupon_abuse
cca52777-061e-4021-ba8c-77ab352235b9,955a869f-998d-4a0a-8b02-8191467f4dd3,false,fake_account
dd25f76b-934c-4879-a77d-a827c28fa954,691117bb-3967-445e-a93b-7e9da6f7655d,true,fake_account
c0a9d761-522c-4842-a576-46528c44e680,dd38d5a0-80ad-4931-8632-bf8303b48223,true,fake_account
067c4d8e-89da-4cfd-bc28-f8c7384ecdbb,79939794-d454-4844-aa7e-6a9ef06d6383,false,fake_account
55027110-ca77-43f1-b24e-a8c658c147c7,3ffb1b06-b437-4a55-bb14-5c252414db1a,true,fake_account
4e349006-2d18-4af5-85c5-d8dd20b60041,3e31826f-f0ee-4c99-83dc-7cd4021f632c,false,bot_purchase
037de6cb-9704-446c-8cb1-4b96e225eea7,f8d76087-2be5-4d0c-b77a-3d775809589e,true,none
71dad95a-6eba-4290-ac77-321ddeff50fa,97b37300-1d17-41c8-8d39-22245249931a,true,bot_purchase
9004e90f-5d98-4c5a-bd8a-79f206e8e7d1,4f5c9516-f215-46b5-a5ae-db3a19ea34ae,false,none
b8a0a623-f850-463e-9cee-68106e1117db,3ba7a8dc-34b4-488d-b965-04ea3108a0bc,false,bot_purchase
87ab1e2f-6dc6-4b6a-a1bd-36a5239fec08,e134b495-040f-4154-9561-0ef5dc20ee5d,false,fake_account
2d3f3db3-0ef9-471e-bde0-f5d0a93e6a5c,4929b6f8-379e-40ae-b3ea-251c881714c1,true,fake_account
132fbf19-0fa7-46dc-96e0-797b96218861,a85529fe-f2b9-4f26-8248-3328729a8ed2,true,coupon_abuse
e7bb26d6-e2cf-4ae0-bcbf-57607e8c7435,3822a1d7-7c90-4086-8b43-002301c33777,true,coupon_abuse
1e25b55e-d721-4c1a-a3db-b7fc4706e65c,83f67c4b-1bec-475e-bec2-9880a586bad6,true,bot_purchase
d758c548-8d5f-471b-a61a-331aac01ae0f,9f4729b9-8bf0-4571-8b39-7a973e093121,false,fake_account
108857e0-1927-45cc-ad11-7bf86af3065b,893a447a-ad0c-44a0-8827-d9bc0d3d5109,false,fake_account
0dd25e1a-2414-453d-8f65-c3059b14c947,83f67c4b-1bec-475e-bec2-9880a586bad6,false,coupon_abuse
c73cc236-836b-4731-b5b0-6d5f6cea944a,96fbe503-0980-4b34-ab96-e0cd0f327015,false,bot_purchase
eb5f4a51-0975-476c-a4c3-df17412c7be7,73b54fc7-3997-431f-88ec-64bbe42fe6d9,true,fake_account
de9b838f-626b-4eba-9b18-4c04f17169a0,43c9d629-4de2-44d5-a01b-ec02b1946bb9,false,coupon_abuse
3910bb52-5f32-4d32-8a0e-b2238df178f2,f85368b5-f3ec-4776-8015-2558f104e9a6,false,none
3ad327f9-df4e-4a15-98cb-a1a9b498df7b,484952fb-efff-4389-b76f-8fc0c4d72476,false,coupon_abuse
af1a6575-fb1c-4c2a-8399-8478e3b9c45a,c5349ccd-5db3-4abf-ac7b-b7305f7ef617,true,fake_account
633ef4e8-faa7-477a-af4d-70f295a4080f,8c5bd681-e92a-4ef6-8698-dcd816e3f246,false,bot_purchase
797ac001-e809-472f-adc7-1ca1de6ae49f,14bd74aa-d90f-4e94-a072-a34b0e828054,false,bot_purchase
5794ad79-920c-4397-971c-6951397f166e,d117e445-7181-4935-bbd7-42631f79a91f,false,coupon_abuse
6d1da4b1-84d6-432a-9a6e-abff19464adf,22518d28-b4f5-45d1-9c48-f46791f6f531,true,coupon_abuse
3098910d-55b3-4a10-a61a-4eb16c2a91b0,d3912fb4-e7d6-4deb-95f7-6098be3a73fc,true,none
e03e1223-689c-4016-8acf-3df81def1102,1fdef05a-d202-46bb-8b80-faed41bc1494,false,none
48060996-91b8-4ce5-b347-9c0415d899f8,f9607398-2116-4016-a935-19f5e514bf92,true,coupon_abuse
da9db9e0-faaf-477d-b6f5-c28bb97c6a9a,850f08d1-ebb7-40d2-b319-e256d373a918,true,coupon_abuse
ffc0d7ba-3a34-4042-bb98-f8c61403ec3c,a8e3f9c8-2032-48d1-8c19-87c402c21f37,false,coupon_abuse
f55b4ae8-87af-4e45-befa-2c4a959590e5,ff2c7d94-1cfa-43a2-90d1-009c7d3af470,true,bot_purchase
f752edbf-ab8a-40d6-a09a-e7223b66de67,40396712-1473-4fb9-a42b-089fc770428b,false,bot_purchase
b81e5bf2-9358-4bd4-aeaf-281dec23a8e3,d2e25f43-d223-482f-903c-a72027857bce,true,coupon_abuse
d7e5e9d1-aff1-4f31-8cc1-83b671647e32,3a882fb1-6169-4f76-aabf-258e83ab96aa,false,bot_purchase
d6ac7bed-00d2-4181-ad03-b13bbb6ceb61,fe36c330-33b6-4241-9f14-1424821ed527,false,fake_account
e0abd743-3a21-48bd-a841-085bb737630d,95638a45-f80d-457d-a92a-77485c10223b,false,bot_purchase
1b31b19a-111a-4341-b973-a01329aeb094,53272a08-9832-4905-99fd-c1ae6ca1c950,true,fake_account
61990ba3-f193-4d23-9596-6bf8b7e2e30f,345ab945-bb1f-407c-b673-95f5e2a5633d,false,none
0b900f50-818e-4e3f-bf22-2146c36c207e,f607d2fb-79fa-4105-b4e8-c42c52724467,true,coupon_abuse
4a41742d-32b3-4d76-8e20-53265b1b6d0c,9d8772eb-d446-4394-a084-dca63f946158,false,bot_purchase
8842e96a-a00d-4cc6-8dc8-d0937bdd2289,702607fc-fe7c-4369-9729-bf9610e4f4d1,false,bot_purchase
2a9fa0c5-22e1-4ed8-816f-c02edbb6bd71,20328aa3-23db-4d2d-966e-8f6f1598e9d0,true,fake_account
6f7e359c-5979-4a38-89ea-c54a203dc163,d108a634-a8ae-4835-9450-318c74588f47,true,none
ba9b643e-2aa3-4de6-891d-cec1ba5a7e41,598dfa32-f00f-4f6e-8a94-f9b9b15c5610,true,fake_account
54113ae3-15b3-4228-bdc3-920b9a7ee517,14fc9972-9f8b-4ce0-9572-81cf4e95561f,false,none
96254c4a-a5e2-4c46-9189-b50f34530cf4,8420112a-4836-4fce-804f-bd1dfb29cbbe,true,none
e566d6c6-3026-458a-bb97-4e0350d62b17,419f6797-56ba-4c2f-8786-40837d024751,false,bot_purchase
347b4825-6609-4f8f-8050-b5034dcccc74,d421b1ee-6c32-4bb0-9284-ad7f258b9e8f,false,coupon_abuse
c9f6ebca-24ce-4c1e-a551-ad281f837a33,6394f1c0-b133-48c1-ac1c-9d9782f3f4e1,true,bot_purchase
29dbffdd-573e-48f6-b169-3393390cd8c0,99184a6a-97e0-43c8-a2d5-1689d3e63cb0,false,coupon_abuse
bf3fb978-db57-4c14-92f0-a76a1a85cf72,857b8440-6762-43ff-b806-45f786c941c2,false,coupon_abuse
192fa456-94a2-4a3c-a887-d3de1894259c,d0708a7b-27be-4154-aa98-a145dc289a0a,true,coupon_abuse
35c60383-659f-4a79-bb2c-b167f781c71b,98672503-0a1b-4cb6-9fea-d32dfa1b0faa,false,bot_purchase
ffcfd0fd-61ed-4c00-af8d-bbfec037770d,d132562e-1603-4e8e-8ccf-c5934dc3fce3,true,fake_account
feef928a-af87-476c-afbc-2ea5fbc86faa,7c395471-cf63-4b8b-bb8d-b6930f8f8302,false,fake_account
4d6f12ec-2bf3-494d-87b5-9ae1873e35c9,a7943b29-44f7-4d39-8a00-5db440f66b2f,false,none
0ada4c55-5952-4d36-92d4-f1de8934ad4c,f8a42654-ed99-4e47-aa60-1db0cdd81a3e,false,none
00023e84-ea4b-46cd-aa7b-92835c645516,e7b43272-5e17-4d6d-b5ad-c8add917e433,true,coupon_abuse
7a767f06-c30c-4d91-ab0c-4f32477b41cf,b4e2cdef-c4e6-46fc-b262-092a6856d3d9,false,fake_account
3abd63f6-e8f4-4cc6-abcb-0d5ed443e725,0b07634c-e211-4660-8dd1-26b222bec9eb,false,none
83f442a5-8e77-46e4-8eba-617140037802,9db5d4e6-9a32-49f4-951d-4dd782ea18b5,false,coupon_abuse
3547b305-084e-4375-9512-3b4137c0cc98,085bd1fc-c775-488d-b673-2e669a07a34a,false,bot_purchase
a2b23312-cdd6-43f9-b967-5b3b808005aa,ae658d28-dade-4457-87a1-a8798fbcd2df,false,none
a097408b-b4d9-41f8-a32b-42c0d05bf18b,180b4cc6-ab6c-4f24-9723-0cf404b63774,false,coupon_abuse
dadfa92f-bbe4-495d-87f5-32e0c7f243ef,d695a17e-ab4e-4733-8a05-e5d70594f7e8,true,fake_account
547316f4-869f-4b1e-b457-71736f6e503d,c6418eb4-e070-4fb2-9a28-821415bd9077,false,bot_purchase
89aba326-885e-4508-a5de-4ec556142d4b,f6fbbd41-4d5d-4c9f-bd08-10aa624bd0db,true,fake_account
fa11ec4b-49b6-478f-b4f9-4580c1afa2f4,b25c0f1d-8a6c-4dab-a72a-0214101ba89a,true,coupon_abuse
22a30d50-8dea-411f-ba98-dc101ff836b7,b75dad3c-5ca9-419e-8d9c-32976c9d8cd2,false,bot_purchase
6525b66e-d173-4300-bffb-b5278d8d69a5,2784eb30-a3e9-47fb-97d0-66e91225a8ab,false,fake_account
888e0fe3-a7ce-442d-b0d0-9bfb473e2ed1,52aabbeb-0925-40f1-9382-51b50d20dde0,false,none
6c28866e-1321-4084-9ad8-4791a43826d6,ad520854-bc6e-420e-9a78-ad513d71a6c8,false,coupon_abuse
a69829d1-bd26-4b11-a51b-517c0783f8a7,faea718b-cb6b-44d7-adaf-a696f10e5593,false,none
8c982c28-b81a-40e2-8475-0eb2064f19b6,fc7f3461-d177-410a-8712-b5a92a335151,true,bot_purchase
288e0046-0b2b-4434-a6c5-8f5f7ea47db8,f3fdc8ed-5de3-4278-9265-14bb0180fc63,true,coupon_abuse
b1dd35ca-0f69-4f23-822c-0750b00bbd2c,6527b651-7eb0-4f41-8a99-5d710b294aaa,true,none
22c9ae3f-81e6-4e52-9354-3728ae7e39d1,670838ac-c8d7-439b-b2a7-88e4b09c8778,false,coupon_abuse
d54b421f-6567-4e3f-9612-11948d84be76,5c042678-945b-4c89-97d1-f475e54b01e7,false,fake_account
9d266494-5b5f-48f3-bc76-bc8eafa11a58,f5e4c5f4-730f-4baf-a811-891c0e6eb577,true,coupon_abuse
9fc6ecf9-4f35-4f5f-990a-a29da26ee73a,34f79dff-8431-4e41-9221-b331db27f4ce,true,none
8f95fb13-cc09-496b-b6a9-32620d4d4d80,aad834ab-85f2-46b7-86d4-167d9b9d9adb,false,coupon_abuse
c614f730-c22e-4ef7-966e-399be08b1d34,4ee32257-3eb8-4590-922c-7e5c7db862fe,false,fake_account
74b808a6-15dd-453b-83d8-fc1fc7fe6a65,e85b2e89-fb20-4612-ad74-90ef765229ee,false,bot_purchase
c474585b-922e-43d5-8fdd-b05999b67552,9550dd65-1c7c-4ad6-8269-67ca4263bf7e,false,none
19073b9f-5eb0-46d9-b18b-54c68ff81ecb,86ed5c42-e7b3-417c-95c8-4310b4724cf3,false,none
58ecd338-1c88-4aac-accc-b3d1f94da9f5,9c3b8b32-985e-4cfc-94e7-4a4ac724f352,true,none
4db10303-007c-49d6-a1ee-0d6068a7dff0,7d26515e-022b-4551-9a82-65c9eb0facc6,true,bot_purchase
94c14c94-edcc-4782-8850-1a37a3dd0105,0e79fe82-91a1-4ed7-a598-8de583455d60,false,fake_account
8a4fc453-98d0-417f-9749-9f682ab8daac,1cedfe53-12ec-4334-8aeb-8fb4c3dd579d,true,coupon_abuse
c2bd2897-a13e-4d48-8afc-5df638c21b6c,ae0699f2-41ee-4f80-8dd6-eb5073ae9cdb,true,fake_account
42381343-1cfc-45ba-98c7-79e7302b3a44,f8246d0d-cd6d-47ae-84d2-f0428ce6512e,true,bot_purchase
04e0eb3a-0de3-42ee-9f3a-0dfaa951a93e,5f814db0-c92b-4cb1-beae-1953860b8d5a,true,coupon_abuse
3298c21b-e37e-486f-b867-875abab89750,c1d11b21-b81a-4487-a16c-7b1be5f45999,true,fake_account
b8633d41-edcf-46c0-9e94-c79ebd5f0fe6,964e380c-8d98-42d8-80bf-4c8c4a427beb,false,fake_account
c7ea6015-5733-4a2e-b91d-27a8050c9a8b,2a4c52f0-353f-465a-82a1-3419cfc4a6d6,false,bot_purchase
7accd436-56d3-4569-aca2-8a58acd89313,b0c1a8af-8be1-4f51-9950-ada7bd8373af,false,bot_purchase
0bd6ef9e-a62a-426d-a092-9b5e0788a12a,96a8384f-1f4b-47ef-9edc-642fb7f70e39,true,bot_purchase
a744a544-b0cf-486e-bb61-fcc4e2e65eea,5597350f-0b91-4409-953d-58cc0a03d2ff,false,bot_purchase
2ca08a5c-dfa3-44f2-a795-c8308690e667,e4edaa7b-1f33-44cc-8fda-1f3e9a8b87df,true,none
19f85aee-2751-488e-8e1b-60dc46de0982,1f0f2833-b84e-44d2-bdc1-07277abfbebe,false,fake_account
333c58fb-7f63-4c87-8c7b-2086071de4b9,4698dd8e-75a2-40b3-9a7a-7539caf86526,false,none
b6c0ac96-434e-4b98-9706-f49fad47700b,61163e01-338b-424a-b23e-8c2b9f7a1080,false,none
4c0dbcd3-5a21-4b35-94b9-d10f7b0a6b15,d96ce4cf-830f-42c0-947c-219fc6365ce7,true,bot_purchase
29c3778b-255b-4193-9201-99550247b9f5,4ffecdfa-8b74-4dc0-b5d8-623a6a4069a4,true,none
f2376474-13ec-4a4d-81e9-ab381f4f194c,a55b7703-87a9-418b-b270-d2c77b607ece,false,none
006d9cd9-f35f-4eaf-9030-88a8163f8b9a,ac8987c2-c6b8-4806-bb6e-de53b35204b3,true,fake_account
e11e00ba-8ed6-4079-9a9f-5e0cb38f07c5,1d789fdf-2d62-419c-b8aa-8fe47f4c57d9,false,bot_purchase
d0d60066-2679-4eb8-a735-4716a298155e,1927b3fb-5e64-47fa-bda6-d4d07dee5e96,true,bot_purchase
8535befb-c2a3-425e-b6cf-012dd8443a5d,21411fb0-c6a7-4766-87d7-7befd931262e,false,fake_account
11bcd239-c2b3-4609-b08a-309e219766d7,28a23330-a407-4696-8707-2341b11d3355,false,bot_purchase
604d4fc3-b8ff-4699-ab8d-0f11e3cd9361,4ab0f092-4907-488e-88c9-d593de9e8d15,false,none
328125c8-0666-40a9-ad91-b775f1b16338,5e32383f-e3eb-4db2-859c-2510dde45bba,false,coupon_abuse
4d8dc445-7e2d-48ba-8864-f7121a6d907e,f1e3ea87-82e0-4af6-9a3c-5104f916bc7f,false,none
159e49d4-38cd-48b0-9e56-073b4fe3cc53,e790ac55-fb9a-4216-8cdf-78817ca634d2,true,fake_account
36a5427c-985d-48b5-9f20-a471870bc249,7327f2ec-7ebb-4853-871b-970586e0172d,true,none
3182cefd-c213-4405-a9d9-c5ddf62c7fb7,968a6b56-7362-41a3-a46c-2b057f29acc8,false,coupon_abuse
54fc4265-be99-46fd-b1e1-0848948d8f92,3d17ecfb-c505-4495-85c7-da462e998a1f,false,coupon_abuse
6500eb25-ef0a-4aaf-a645-8e9de49ade78,6470c63f-40c5-4c68-bd83-8120c3503201,true,fake_account
0e2aebdb-6616-430d-84a6-1e56ab9dbdbe,65e8a900-d364-4bf0-a3eb-65e94fdb93af,false,bot_purchase
b3d5146b-fb41-4e17-afec-e42fb507f1e1,83a35768-6846-4215-97e0-b1ea72302a48,false,coupon_abuse
43640e2c-876d-480a-b856-0ea26e0fc25b,4b4382cf-ccf9-4486-9eb6-2b60f2a50a88,false,coupon_abuse
a45939d3-6bf0-4d31-8884-62ffacebdd67,20c126aa-21e9-457d-995f-c48d068d6521,false,fake_account
3e04cdff-480d-445c-88eb-cabc3da8cb5b,51ed5c4d-4718-4b72-a377-630a0552981d,true,none
99b71be5-06a8-40e3-8cf5-d75074e29f2a,3d4ce303-9b4b-4861-ad29-a24f3397050e,true,none
beea0b4a-0c7d-4c7d-88fc-e976fc56dcbc,4501f65e-03bf-48c7-8058-04f9d55e0703,true,coupon_abuse
bbf62454-cd5d-4e56-89c3-c2f575e65f0e,a99619af-2c95-4cad-9f4f-811f8e5840b7,true,fake_account
00d1d580-15c1-47cd-896a-1078d436a0dd,33ffaecc-a0fc-4d7e-aa7a-c8608e6db02c,false,none
bd3157d8-e329-4595-b113-9566318649be,ce36e85f-652f-4779-a484-ae35337a24e6,true,bot_purchase
70636f8a-2ca1-4a7e-a673-f6593ff20f3f,c25cc47c-1b1b-49b9-8ac8-64285d39afa8,false,none
249c430e-1eb0-4e4b-8d5d-453d248197c1,942d3c3c-0e44-4583-bc04-d30de9a64586,false,coupon_abuse
903993f8-4ab8-4e61-88ee-b086f8ce046f,47ea74bf-1cfd-4bfe-91c2-9fd45d544396,false,fake_account
8ae52898-0d91-4493-931f-9f2a61bc85fc,ee0a5201-8fab-40c7-a440-8e9750d1e151,false,none
de72020c-cb9e-4b10-8ef7-eca103b520e3,71fae027-98fa-40ff-9dd1-1c7140803d57,false,bot_purchase
a97f2ad8-c0f1-4b25-819d-adf36e4bd032,4af4da89-62ac-4909-950e-dc67079de5de,true,fake_account
77e05e71-2cfa-4a99-b4e3-05298dec4c9a,4ab0f092-4907-488e-88c9-d593de9e8d15,false,none
9428962f-ac60-4491-9c43-6dd6e54f2221,9f9d446d-5fc8-4a6e-b9b3-9b9ddd91fc58,false,fake_account
84e2b10b-ee9c-48a1-b502-edb6dd40d59b,cb9e6a4f-1c12-49e4-a715-905d74a1e868,false,bot_purchase
c13318dd-a07e-48de-ba84-4abf94e718f3,8ba2c566-4f59-49eb-acc2-ae71b4417280,false,fake_account
f6accfbb-a105-4321-9924-c85370b295b8,74b3f35c-1207-434d-8008-8f6c68112b22,false,fake_account
472c1973-ef86-4408-aeb8-8977c16fd6a5,484952fb-efff-4389-b76f-8fc0c4d72476,true,none
652d1e9c-ac41-4cdf-85d1-d6393a7da203,264e8a7a-3851-40f3-801a-ad86e2e17e15,false,none
45d941d0-ad5c-4f9f-9e9a-90827ab2417f,00878f16-6316-46a2-81e5-047a141982cd,true,fake_account
843da2df-b3a4-4243-b256-706adf117c39,b697e79b-f5b7-4de1-a943-edfea66f0b40,true,none
c2a4f47f-d14a-458e-a971-0b9c3b2220f7,31e8e5ac-2ba9-4d2a-b95d-f8b085e7ebd3,true,fake_account
5cdfb991-1bf9-4ff9-ada2-12088c876210,989bc996-da86-4394-9776-9e5ec86074af,false,fake_account
820becd4-f830-4fd4-98cc-526a007c7cd2,e65a939a-ecb6-4d4f-b578-6cb5c3c16d3c,true,bot_purchase
145a329d-783d-47df-9853-2afc0a744282,4219074c-3fe0-4898-8df1-0c393a7b9c04,false,bot_purchase
1f3c33db-559e-426c-9c44-203f3aa0df8c,b7bf2b34-346e-40bd-9787-ef59859e711a,true,coupon_abuse
68e2db24-5550-4a51-a1d6-5db938f02716,cf93e468-9ee1-45aa-bf92-8a0b652d683b,true,none
712ba5ea-226c-4b79-a5a3-4af6dfe13e9d,9c0b24e8-bb05-4dea-94bd-c98dbf718b0c,false,none
b8f51093-c57f-496d-8f9d-eccaca3824d5,b7884fe8-8011-47cf-b98b-91815f3ee488,true,bot_purchase
b427f598-eb07-41c4-9794-801244f74c16,7b769d93-4c08-4b04-ad5e-c3570528fd9b,false,none
22c7db5b-e2a9-42bc-b1b6-ba08c1290df7,da9d24c3-aa09-4725-8bc4-51525201cded,false,none
858412d3-2c2b-4814-9524-a436cf7d1423,07c4b40a-f76f-4336-96d7-f1fdd15b1be2,false,fake_account
d8ff8b1f-e87e-4e8b-bf35-811fc48b9093,02758ff2-49a1-4883-874e-6026a275bcb4,false,coupon_abuse
affd8e75-abdf-4e17-8924-ef85e21ebfba,95141480-7dd3-4c37-bd19-762ec4afd100,true,coupon_abuse
3867fb30-b151-407b-9006-559a35e984e2,3c0dbf6e-77b0-45e1-b9ed-bc5d0175b6b9,false,fake_account
c6106881-222f-49aa-94fb-58ee915aa6ef,d0011fe2-8436-4965-8695-9b6b75488545,false,bot_purchase
f4a68ace-9ba5-4a43-94d3-ce925885de68,3606aca9-aebb-4f65-bb65-ee4c4ffcf6ae,false,none
be5bd65c-1075-48cb-bbff-9bc353c90a98,34b2883f-f33f-463f-8939-ffbeaa89c64c,false,fake_account
a21f5f2a-d4d2-4f5d-b06b-8b473de0b7bf,9659a8e6-ffd5-461d-8031-c6432eb8254f,false,bot_purchase
41c5c6fd-23fe-4f90-97f5-369447992a62,17fa573e-20f7-4df0-b2a6-b41b2d1f624d,true,coupon_abuse
291a6505-b4ff-46c9-ba5f-7621d77ba47c,f4514461-c6f0-44da-a6ec-fc994b6548a6,true,bot_purchase
18de28fd-3676-41f9-b4fa-b6162794990c,bb81d42a-d41d-468a-a581-f2170cc83973,false,none
0ef4096d-70d6-4b99-9f77-a5515c6b2e40,0fcd8389-506a-45d9-af8a-86a9b8b9bcc5,false,none
259ffa98-ccd9-429f-95e9-ee1a48e36cb7,1f703526-bfed-4a59-bd5b-7e39e6a7645b,false,coupon_abuse
304e19b1-ee7c-4a95-89bb-b87a337dd884,ee2f4514-e9b5-4ca3-8f5c-157eec79898d,true,fake_account
3f6e156a-9c87-46af-9d6b-60a79a46c783,2c27b7c8-8126-450e-9774-73bdf10c17a3,false,fake_account
7b3ae87a-ffa4-4a69-ae5f-a6c92dd19518,cd82c715-c2d1-4045-be93-e2b0b85dcd9d,true,none
40e86b9e-0d86-466e-8bc3-4cf1eeab373a,97d8895d-9b2e-4a0c-9ef8-810900133f72,true,none
192f6380-33d4-4b10-b39f-e7396f01c731,742df107-822e-4782-b477-3ec96ed6e736,false,none
767c18b7-f339-4f3d-8450-e808c5dae554,d2c85249-7256-4506-bea3-67647585b9b5,false,bot_purchase
e383c303-a4f6-4a29-89df-f6636c236731,96843c1b-d8d7-41b3-b6e4-8570e20dd6ce,true,fake_account
68e074a0-0c28-4b49-907b-8fb6f4543251,1f6f6a7d-a498-4f36-88c7-de6cf94c2aab,false,fake_account
c75f0c52-7d6c-405c-a77d-8a7028edf742,e42fff17-b972-48f4-80ea-606c455ff834,false,bot_purchase
80918439-7cdf-4cde-a76c-34ee006ad86c,4ade68fb-cf7c-439e-bd50-2028b0a79a46,true,bot_purchase
dca3f207-b40a-4fbb-9704-8ed9bb3678c1,0596b1fe-76e4-4cda-9ca8-d5bafdd7bc4a,true,fake_account
34c8b440-6dc6-4149-b5a5-2f6f33d56beb,88dea49e-9ef9-4c2e-b7de-6549670534bd,true,fake_account
e4e18aeb-11a4-45c4-afdb-3b5bd503cfa4,f86fe652-863f-42ab-9e7f-f324efad60a2,false,none
b271f646-a622-4cc0-9dae-ee01bc07d739,af2bc38a-0d21-4e22-8a07-fdc84841c265,true,coupon_abuse
ddb3f311-c252-473b-b79d-772b6f856ee5,5c7d5ad0-95e7-43ba-8e8b-49699f40256d,false,coupon_abuse
65773e7e-05e4-4065-998e-8b2a3812869c,fed5c23d-a4a0-4ae4-bf80-cc7cd4b566b4,true,coupon_abuse
4f9bf2e2-f31d-4cfd-a103-e6f7d29310c5,a86b5e81-933f-453d-bba2-098dc9a8679d,true,none
ed841d3d-1dc3-4377-a573-c203045eab49,ed3e39b9-cfb0-4fa9-a577-e68e615f7b4d,true,fake_account
b4952825-c7b8-4083-a099-892b772da324,eee800e5-4b60-4017-8678-e7cb0f6e990b,true,fake_account
f2c86cff-a101-4ded-95b2-1d7b5f25e699,a3907824-0fae-4d58-a7a8-e56d03f76b19,true,none
e4086f43-850c-4e55-9cf8-36d1fbac3b2f,c21a8ba3-e250-46ca-a024-aa03a4aa2a51,true,none
7e2a5c1e-c6cd-4894-9918-6d9255889f90,5c8cf991-c1cf-41ac-9bd5-10034d0bc7ae,false,bot_purchase
d646ff1f-ce7e-4c2e-954a-e054b28b8382,66e8366e-15fe-462a-ae2a-e5eed89fe3c9,false,fake_account
55b679ec-f6fc-4b98-a284-fa275ddcc1a2,42432bc4-bce2-474d-9bdf-1072f18a466b,false,bot_purchase
794b6ab3-efd9-4dab-a2d8-d1b8f279f0a4,8f5858be-23fd-47fc-9690-c05379526578,false,none
e7920149-d507-4388-945a-c3dd64e1fcb4,641f495b-5bfc-4582-a6c0-d69dca143900,false,fake_account
c8f35302-3845-40db-b1bd-dc44cbcf4574,9fb0b0e6-81a1-4d58-b82b-036ebe48f03e,true,none
bf5f635e-43ec-42de-97c9-eba6bb8e25c4,463d0acd-7d23-4a34-ba26-de59eb636588,true,bot_purchase
ee88fb5f-5fe7-4b9b-8775-fed417d4584a,179d2608-2d55-4ffe-aefc-1182a1bd4aa8,false,coupon_abuse
df1eadb4-21c5-4f5c-b527-24b490b8a5d9,440ba8a3-05bf-4a99-b3fc-b3c532fc41d0,false,bot_purchase
7c487612-4e6f-4c49-bed0-3ca676977048,4c4ddc35-514c-4a25-9500-8d049e7b5b5d,true,coupon_abuse
6427458b-dcc2-4d9f-8c23-5bee09f11ff3,9ef7fde9-b7a6-40d9-9bb2-2d2faede2b68,true,coupon_abuse
bfe85585-48bb-4b63-b587-11d5602daf1c,2ce2936c-76d6-481a-82f2-a68cef41a00b,true,none
6934e1d6-5100-4b7a-b592-827ddfe85f55,e549be5f-783e-48f8-922d-1e57f5444ec9,false,coupon_abuse
1b891359-f397-4d12-b68f-2f33d257309f,02e35262-f4ad-48da-ab1f-289252fb9943,false,bot_purchase
dd76e2ba-7ace-419d-b53d-78d12a06a023,cc555ca5-e496-4bb7-82b4-dd31618166d2,true,coupon_abuse
35f8cb87-391e-4b51-9c22-c9697df8c3f4,9a3314fd-b7b2-45d5-9c43-e6ed8c6548d5,false,bot_purchase
8ee7b76d-2f75-49d3-bfa9-3d9d7b1f1c5a,c58e12ef-14f5-41a5-9957-d0d0267e6004,false,none
ee08cddb-7552-442f-8bda-d391ea44967b,38d09fa7-828e-4350-aa2d-4b034253b5d1,true,none
5b9cb779-a946-4fef-8d73-844b7c17f676,78782587-6fc0-4d19-9f52-746e4f697774,true,coupon_abuse
78f9e59f-714e-4449-8eb2-5431f08ad041,4ff750bb-9405-42f3-8e56-aa2f844ba5c9,true,bot_purchase
5f8b5266-6deb-4a7a-95d9-dfff71e08740,c986c699-92f8-4ef7-95a8-a9b90a24e222,false,fake_account
e5be8b17-c80c-4d9a-8f9d-7e85e22d8102,99c8db70-f4ff-47b9-8f8b-23b0b30745c8,true,none
18c8f4b8-5f89-48ae-b37d-75fd03ee9bf5,0db11b85-4144-45b8-9884-aea0c0afbaaf,false,none
ac68d688-3370-47d7-bdc3-863d9c5d9e46,3cc6e981-4b63-4439-a9e4-c9039702340c,true,none
ca4e8730-660b-418e-a144-6e37950538d6,f6c7b8a3-7546-4c36-b1ba-e3b6a73562d6,false,none
78042cf5-a6b8-4d2d-88dc-f0671d3c4b11,1b4105b8-893b-4548-b3b2-d23a9b1e217a,true,coupon_abuse
2be6abc6-2dd0-45ac-8316-f38754a8864e,86ed2c1d-cce8-4e5e-adb3-f9271cc28c49,false,none
215348e7-0c3b-4784-b787-09534f03a73f,9e758a27-215b-45b1-88a7-447875014676,false,none
152db4bf-cafb-4913-8263-4ddecd601cae,a1f9cc9a-f0fa-4b8f-9fbd-6bcefde77446,true,none
245e9b3f-c54b-4377-bc4d-ea62c9b07ac4,9f47c31e-fe99-4a54-bdfa-582bd6236aa0,false,fake_account
236854b2-44dc-43df-b96d-89bdee87a25b,50a3e705-5287-4d98-925d-ced9cf29b8cf,true,none
073eb6fd-ad53-4792-940b-1fb61c44f730,f1ae5332-a97f-493a-831a-5506b2d599af,true,none
eaca04f6-5b0c-4cbf-8f7b-e54495d591ad,d031d9a9-360a-4975-8d10-743a68677790,true,bot_purchase
37207d87-a5e7-4ba2-a68a-444ac395d762,61bc59e5-ef4d-4e3e-beee-613cbed2b7ac,true,fake_account
f76efb51-6471-4ce5-8d38-2a151de70cc1,d536d917-2c17-4606-91d3-b23d3a7c9556,false,bot_purchase
df5b12a5-8807-4651-9f72-c2626b63618e,b6bee12e-e8fc-404c-a999-b17dae062869,false,bot_purchase
c8982781-fb1b-44df-804e-dd03a9cc948e,6a2b84be-7242-4b5e-9899-a436d1a887d5,true,fake_account
7fd2923d-969a-4f60-8a60-49d5c43aaee8,4ab956be-ad52-4eca-b70c-0e8ef94151ac,false,fake_account
65e1cc20-aed7-49a8-97d4-b323b027b313,e744520d-31a0-4887-b49f-35747bd800f1,true,none
328c2684-97de-4841-9aca-33296236b508,68a8093e-55a8-47e4-a373-31c90eb34bfc,true,bot_purchase
74005dee-ce52-4ef8-aeb4-000f8747f11b,99003c3c-0b83-479f-bd40-20c50201db70,true,fake_account
e00c950e-429c-4044-9037-7e6be6f5cd0f,bc60bf6b-f161-49ae-8305-a952a98efa84,true,fake_account
d747c2e4-6eba-460a-87a3-ade8033beeb7,e7f2d816-ad6a-4353-862d-7e070c553fbb,false,fake_account
2595b93f-e6ce-451d-b15f-ec9b4eeea116,60589bc7-0bec-4e9a-a198-f7d2edc33c9e,true,bot_purchase
a0897eb7-ad60-4df0-8318-070980e9e27b,5167ae25-96b6-4083-a649-e4e67da2b917,true,fake_account
b1c450df-f06c-49e5-846d-fc5b9ed3c271,8cce66e9-78b2-4248-9538-9266b3a91728,true,fake_account
6c1bbaf2-cfe6-474d-b7cc-33d72fbed663,7c3c9af5-cf3b-4a49-8d69-86dbd38c1b10,true,none
9cd5caeb-88ef-4d38-9209-df4344a71d14,9d8808cd-1f4f-470a-9309-af5d01763faf,true,fake_account
39d7abed-6a45-4a1f-a746-827e184e3d17,8fc2841f-7c3f-4323-b2eb-9f9cc9be93c6,true,bot_purchase
383e8ba9-1e96-4cf2-b21d-1ca3a51e26ed,a5292ad6-2bdf-4e31-8e41-4dbe637842d5,false,none
2659ebad-fbc9-498a-ae70-98a249192e13,53512c50-7d5a-4ac1-82bb-7f4aba099793,true,coupon_abuse
ed244cde-3daa-415a-abf4-8b663ea6282f,333a5763-70ec-43f8-9776-3caaeca8e370,false,fake_account
be9b9552-1762-4861-84e7-266c30982dbb,03af44bc-4966-4d59-8074-1ce9e2f88d90,false,coupon_abuse
7e4b9dee-ec4f-43fc-af13-115c1ecdd7bb,d901c35f-e1a5-4219-8833-52da1f2dc532,true,none
09e63a98-0072-4c8f-ad5d-de58bacd0e5d,ae29510d-9c37-4152-8843-139ed6343a05,true,bot_purchase
1dd983d9-0c39-4366-96b5-c5693756a953,08dac5d6-290f-46f4-966d-c47e75488f25,false,fake_account
2274b401-163d-4c72-b78b-aa613ec5b714,40586f2b-dee1-4c96-9929-313825c30af4,true,bot_purchase
77b0fe58-11ab-4aad-9e5a-f816689e3612,8c9e9658-b367-4694-8513-1ca21b3403ea,false,coupon_abuse
4513edd2-22fc-461a-8aa7-ef223efa23ce,82f55e5a-9bee-4993-b229-d13ef55f4127,true,coupon_abuse
972bdef7-17b4-4084-97d7-4e42c9b62ce3,9403cb2f-55ca-4b07-a9cd-8aeebbf4389b,false,none
32ff7b7e-e551-409e-bd8c-756f5e1b1a97,48faf931-9b79-4f08-a53b-9296fd385e9f,false,bot_purchase
caaf3415-0a40-4ad5-a9de-a5b34c1da497,dc6ce002-a756-4b3e-a0bf-2d03e8af89ad,false,fake_account
533b26b2-2268-4fc0-a285-fd64032bb0de,780cf080-337e-4fe5-9a67-389002efbae3,true,coupon_abuse
ff5f8821-adc3-48cb-8112-f370f81d187d,178a16d9-7da3-451b-a9ac-20a2de234035,true,coupon_abuse
0d5bcbe2-ca45-492f-bd9a-8ba6263eb860,5d28f9d9-71cc-4978-9ff0-15ae848bb39a,true,fake_account
3babf8d6-3998-40d1-90f3-352adc865f89,67cf87f4-ecaf-4a3d-8f71-4378ac465298,false,coupon_abuse
ec25a044-40d3-4793-a583-e8ce0b156e89,c0824313-a506-4213-b87f-ecb3a1819892,true,coupon_abuse
aa98f361-d30c-4a90-8f79-2327c11a8686,3f808eb1-d744-43b9-92fe-ef1a1b18812e,false,coupon_abuse
cc64f04c-45c4-4a74-b0d6-51a030e8ba9d,aa8875a5-7a6d-4de9-a498-7673aef24215,true,fake_account
38e78dc4-5d84-4399-b462-92b426ddfc31,84e687ca-21df-4614-8588-83e89028e6d4,false,bot_purchase
43d0c641-d20c-469d-92eb-57ec98a18a80,ade40346-c733-4641-b495-ae745af9c223,false,fake_account
8cdabfe1-c116-441a-b002-ecc92673fee8,d30b180e-a539-4113-b825-a2a74d89b5ca,true,coupon_abuse
cda88551-5f05-4426-bae1-117907bcf995,be788376-9aeb-4ab4-955b-12937a9bb7c4,true,bot_purchase
b6ef2f27-5488-493a-9859-db09d4c1e5af,fed8bbf6-2cac-43a8-855e-c7aecb544c97,false,coupon_abuse
59835645-7020-4013-9940-4a6c55e9d5be,7cda5642-4747-48d2-aa6f-1ed4a02dc63a,false,bot_purchase
e7b1a7b3-00d1-41c2-8ad2-69fd625904d1,9974f372-5368-44fb-93d9-a660a97282e4,false,fake_account
3e5d9da8-a30c-400c-85c7-3c50e55d5191,e284acd8-c413-4d11-99e3-5d13733c10e1,true,coupon_abuse
362547e1-8d85-4c79-bf70-6f90c80fc92a,5db3613a-0672-40e6-b22d-f80460759ac6,false,coupon_abuse
712a19df-111a-4ec5-ab96-fce42671c67e,5243b762-1138-479e-b0a4-df1fc1ccf68c,false,bot_purchase
b50458af-b9d5-440e-b297-5d47afb5c049,2afd0d0e-835f-458a-bac0-047a7dc730ac,true,coupon_abuse
846f2104-4200-42eb-aa30-996dc484d169,233fc0dd-46e6-47e4-b2cc-51a2c8653293,false,none
ffbbb419-a423-4cf3-93bf-b4b59ae1d06d,73ea430d-d8b8-40d8-8c9a-a0be544f4646,false,coupon_abuse
4e7ad02a-bbf4-42b0-b388-af3de1667cdb,302c0b9e-1f82-4cf7-bc11-ab62b567dd1e,false,none
e25d8cfc-3dd3-4a68-9db2-20178da24d1b,be12ec61-737a-4f67-be31-2b9b34003f46,false,coupon_abuse
e9d134f8-8a04-40d8-8b14-0f38b0703d82,9641c03f-a3f8-45c8-962d-ec83bbc00e8d,false,coupon_abuse
fd5cee40-02e7-41b6-b0d9-e036dd5c604e,b6bee12e-e8fc-404c-a999-b17dae062869,true,coupon_abuse
cc69f0b0-684d-4c3d-a15c-fdc7826b40c2,bb82137b-0145-4060-8890-73fb70c9e43a,true,bot_purchase
ea27f1aa-11a4-4c07-acd4-8218cd0466e6,dc3bb910-c2b7-4002-b173-e635a1bcb10e,false,bot_purchase
c3de08cb-49e4-4378-8bd9-58d617e63891,713f2a49-ac8a-4c47-beff-6abfad4dead6,false,none
7055f0b3-4570-4b6f-a2f1-d30335b1bce6,c3eff822-eded-4aa4-9666-b83a31399128,false,fake_account
34f2ada6-eb1d-4ff5-99c2-fd7e3cc24779,f2973729-cf1b-48c3-a5df-f43bec2bbdd5,true,bot_purchase
fc81418b-1eac-4190-a97a-c12a4a33b29a,c87b3b07-49fc-4d5d-9932-e71ce516c340,true,fake_account
ac0a987f-baa6-4306-87f9-1aa0986b0587,71c071e4-8b2a-4a4e-9ebc-2da8b2b627b4,false,coupon_abuse
0e3a0538-8fc1-4317-94c7-5d6d91ac5e33,41eee06f-de32-4ddf-b0e0-2b584580d6f3,false,none
4cf9201a-2881-4d8d-86c6-7b20a81a3b29,e2c8cf8f-3557-4117-bfea-5a46c807c7e3,true,none
e89f4a4b-426e-407f-8f93-612469c296bf,2a609244-fbd7-4f57-b342-80da18395f45,false,bot_purchase
8342440e-12ab-4385-be70-494d45303fbf,dce71eb6-219f-40e7-b389-60a40d125e05,true,bot_purchase
0ea9caac-c86d-4b7c-9804-c5fed5b3b2ae,e50bfc97-3db8-4ed2-b617-e247cf9daa13,true,bot_purchase
d9decaad-fad4-4f0c-936c-17eaab449a3a,07145cd5-2791-4beb-9858-2b3d44fa26a2,false,coupon_abuse
db676b0e-8368-4102-b0ca-4f413a88790d,3bdd5dea-e25a-4b83-8751-682a53305171,false,none
ce1d46ef-575e-4c95-9c12-965298eea67d,987c1a09-f4f1-4f38-b4c8-adcc525b8798,false,bot_purchase
db3580c2-a273-4160-86a5-b8ceba9b93e1,4c9415f3-18d7-45f7-93dc-9ba0e1b25c37,true,coupon_abuse
a45841d7-2262-457b-8a6e-0f70c6f3339e,5845d10b-848e-44d7-b496-4cd410fe5aee,true,fake_account
63804779-3dba-48ac-9157-7da0756bdc59,ffa3096b-5f9f-4c5a-a8bb-c8de264e3a7a,true,none
bc3056c9-69d2-4c35-beaf-d394e4d56e0d,6f62b892-6adc-4417-94df-a3d2f655f277,false,none
e29964d7-47b2-4f5a-af65-f81ca296d61c,9a07087a-0f07-4bf6-925e-0df70ab3aa61,false,none
aaf1b277-e448-41e7-859e-658636a0e446,af1c8abc-b4b0-4295-8be4-6f58728aacd9,true,fake_account
ca0f3b79-76fc-41e3-8d08-d8402184fb81,9d4cc6f3-c119-44ae-8556-bebf12d4e819,false,bot_purchase
11bdca52-ea7e-4bca-aa5d-8b22fed7ae34,1b543ddb-cdd2-4b5d-b700-6a799f19f799,true,none
087d1180-8612-4949-97ef-a85de6b70a50,f31cf21c-2867-4754-95f1-098c7ed07ca8,false,coupon_abuse
8e517101-1255-4803-84cc-c033473b7612,213dffd5-4028-4eb5-a8ca-6cf4d7d4113a,true,bot_purchase
02cab7de-95b3-465d-96fe-034f45931c0f,a7a57bcd-281f-4cd2-b31c-912fb51763e2,false,bot_purchase
cf782476-772a-410c-879e-60bada22adc3,e5d5d22c-cf1e-4f0b-83ce-c55867c36388,false,fake_account
85173568-23c6-43f7-aa4a-094e1ee1f111,689a4e50-3f49-47eb-a3bf-f0abe1895769,false,coupon_abuse
8d903457-5ac4-4e44-85df-ff726270a652,2d3b2443-992d-49ed-926e-399463f09523,true,coupon_abuse
1424808c-caac-4f55-8bd3-5d9fb7e6b93d,6341759a-28c1-43bb-a725-03be9cf72d99,false,fake_account
f2e135aa-35d9-45c5-b1b9-c89e68e277a8,984d5eca-398e-41f7-87aa-2240f96fef39,true,coupon_abuse
07c4010f-6eec-4d34-baa4-1817123569dd,5877e1d4-9561-4dda-b9bf-49be7262ecfe,false,fake_account
85d35650-05a1-4ed1-bc41-5d0db99270d3,61bb750d-0d6a-4e1c-b9c6-0bb6a44ee267,true,none
b7ac299c-0598-4746-921d-aafcfa107538,bce3e84c-0821-453c-827f-1203786cdcd8,false,bot_purchase
f174e111-e0c2-4ed9-9cf3-66419ee79b8a,4de82e35-49e8-4616-b20f-f46bb0abff18,true,none
1fedea9d-0841-4524-a2a7-99a7511b8fd7,97644d84-2895-47bf-8418-162d569e295b,false,fake_account
27c1084f-0cf0-4994-b241-b3cbe5d54804,2d0fc216-3be9-488e-8de2-37eecae4d6d4,true,fake_account
f3ce3cc6-3597-49c4-bb27-4989e7705e29,56fdcddb-f295-4aa7-9a16-1b63007e381c,true,fake_account
11fa6c43-8b03-4587-ab81-cef408261ab9,33d532b3-ce17-42b1-8716-a24a331991cf,true,none
05f88335-020f-437f-a7ce-46a22a359048,ab553bf3-315f-47be-8048-ff05e375551d,false,none
8d7db5e5-c4e0-404f-90b8-8aa60258d1cf,4fc9e8d7-dd17-48f7-ad0e-709773bb64f1,false,fake_account
03221ca3-696c-4177-924b-dad5edfce20f,27ef1cc9-9da3-4c05-b2a8-925ca1625b9d,true,none
62a63318-3eb2-4860-b816-5c51c926dab2,f050cb15-8968-4e36-8de9-b6dd6c886e04,false,none
8b4f8bc8-4ec3-40a8-82e5-5d3d433ad91f,a160c6b2-a7b0-477c-9c16-21316d507456,false,bot_purchase
d607f9c1-7357-4833-9515-fd886af76409,97b00adb-a4a0-4dd3-8ef5-0951477d54dd,true,bot_purchase
de23769d-dcff-418a-8174-7269a5e992bf,cfedfbb8-dc55-4244-8890-1ba50ed3cbdf,true,fake_account
64446445-230d-4edb-bbc1-e219c1da0030,ce957154-e3ae-4f7a-a60e-fd63baa9d2eb,true,none
b1046e81-1864-4e8c-b621-6b71d075aad4,867bb6f9-4905-4229-ab7e-92728afdc9df,false,fake_account
ce81d491-9eeb-4f30-9b5c-98d5b382bb7d,39a6f506-4128-4996-aa47-83091977b9a1,true,bot_purchase
28f70902-4bc9-42dd-841c-0ae1b8311d4f,c390b178-c9bf-446a-8c17-ffc0d8407f16,false,bot_purchase
aed50381-8d74-4491-a85b-f038de57db29,dbe2ae26-6d9f-436c-afa9-ad641e91eedd,true,none
df674cf6-6069-4caa-9a73-89bb0fb2d014,292d6bdf-c8e3-4a9a-be65-787b16e35723,true,coupon_abuse
11492beb-b3cb-4a69-8377-18ec280d05db,702738bf-27c8-4801-8935-93bea33cf69b,true,bot_purchase
c466dc6f-47d8-437a-bfff-d5885cc76aa7,5a168a2f-b8f4-4938-bee4-b5ca5c4d19c6,false,bot_purchase
60b1baa7-342d-4ca6-8952-b48aac469a6b,9d6b9b2e-26c5-40ed-a16a-71a0876d099a,false,coupon_abuse
8f485d39-3a0c-4cb4-bcc2-e68d036d0c87,c72f0985-abf9-42bf-8c36-aa29b97717e9,false,none
3b701422-146e-47bb-9d95-30f245a5ce90,69d13797-7b80-4642-bd72-164680e07d0b,false,coupon_abuse
d02d8a07-3c05-4bb6-bc47-789882116a27,fe9827f2-9eb1-4500-b3cb-8832f4902211,false,bot_purchase
6d14ad21-4402-4d6c-b093-9418c2a02fb6,3ae490a7-ea75-483a-b6bd-2d7c6495723e,false,coupon_abuse
a2154a1c-7fe1-4643-9f32-66c371dfe234,0c60917d-1d79-4750-91cc-72be58722d69,true,coupon_abuse
9abe5068-1153-4add-a2ca-842fba1d36ac,6a27c1d7-1501-4753-b0e9-7bc0abf7ff8b,true,none
623ccab8-706c-4314-aa15-42fe43661167,6f102645-a699-4002-8519-32482fb232f4,true,coupon_abuse
dc2dc5a9-4dc5-4828-9684-39703462fdaf,ebc6023f-740a-4bdf-b03c-979bf1bca70c,false,coupon_abuse
54fde32c-6a6d-4221-bf34-370894b65118,f00541a1-e496-4905-97b0-625b85920cd5,false,coupon_abuse
f68edd46-eca8-456f-8e53-12c7bc8453c2,b18defde-f481-46ae-be5c-b9f57b41a6e5,false,bot_purchase
cb513e91-f8f8-4672-bee8-de55eec2de64,5cf997f9-81cc-4c47-9d33-4beafab6d6c5,true,none
b7ce6d05-c388-4fab-8ab7-34f5dc1a3684,587d2109-566d-40bb-99b5-f9d3eca2eb98,false,bot_purchase
283e7046-8640-4a7b-acd9-bcd1a466f61a,52cb2bdb-7614-408b-9182-e7a421ed7a62,true,coupon_abuse
2854c1e1-1e9b-453e-bf89-bad53d16a4a4,af617cb2-5393-4cab-9d68-696181bac3c1,true,coupon_abuse
f53af4ff-cbf4-4478-a41d-a39a84263015,682c8206-3312-46a8-bdd0-8af71bffa7f0,false,fake_account
67379f05-ee7f-4410-ad3c-d2ae3ba84ac5,a87d1408-4fb0-48e7-a353-c99984ed2df5,false,none
7a2e4884-5907-4900-aaed-658aee602e12,9c0d954f-d1dc-42f2-8018-213452a3fe08,true,fake_account
a6220386-0d0a-47cd-a8a4-8fe18c3ec2a2,72b28f6c-dc88-4411-aea2-bc07a6f58646,false,coupon_abuse
2db8ac34-92b7-4614-bb1b-196cd897405d,8f0a0438-e0d7-4c66-8491-5735af567cb2,true,none
6cf69583-9614-4e4e-8b0b-afd9c387e4f1,7ff6b463-10ed-4b50-970d-26f473a3e74c,false,fake_account
e726cb2e-1152-4527-ac2f-87772035f7f5,9dfd5a0b-9748-483f-a00a-ecce185535bb,true,none
cbea3a96-7a49-4b4c-8089-d299c8dc9cb7,a59f4a1f-cfbb-4a7c-a816-62d0280b5665,true,coupon_abuse
7ada3bfb-fd3d-4370-a255-293a7ca69616,e96bee68-3bd7-4e2e-acd7-45756c55d150,false,none
58995c7b-fbb0-4310-bb6f-07b29737f3d5,05e1fb3f-323b-4fc1-8776-60aacb77e113,false,none
4b744698-4958-4d62-96d4-81d85028b61c,134dd0f5-29d4-40ee-a0c3-7d4734fc1d6d,true,none
2055c667-613f-461e-809e-dd603a76c07c,737f7572-b6f3-43d8-b168-bb309a5ca2a5,false,coupon_abuse
1729b089-c33a-4d34-9c1f-1f32a762ac77,6e30075e-1dae-4d3b-b983-1cdc9db616b5,false,none
7b826ad5-6a8e-4dd9-85a5-62a36357bbcb,65f2fd0e-ac82-4661-a0b5-cba560ee61bc,true,bot_purchase
e6f52146-4992-4343-9471-0f800ad3a534,9fa2f1c6-7725-494f-a098-ee155ddc782e,false,bot_purchase
43ad7ef5-b9af-4aad-a542-4c1af7519dff,cd5e85db-47bc-4295-8645-69cbcc608361,false,fake_account
f77c13c2-d434-47bd-91c0-df506f659b7e,ade243d9-8be6-46de-a851-33fd9cb64170,true,none
16a5d31a-8ac8-48eb-b998-b7e41c296457,564b7e7f-4ca4-45e4-9a07-d42aad8c0404,false,fake_account
63d4dd2f-762f-4ef5-8d50-01c45be2448c,d012becb-70cf-481f-b154-4cac719d92ec,true,fake_account
a1e3916b-0204-4435-a5af-3fb2273c66d1,bf9a00b8-2563-4ed6-840b-372f37ad0b55,false,none
c4f6d1e4-c11a-4d42-ad88-8c692491d07d,f2aebb3a-b38b-4730-b2f5-fc0efcae864c,true,coupon_abuse
51a4b59f-e46b-4c5f-959a-a4dc2be1e4f2,7a450ec6-a9d1-489e-83d6-9e597483c5ce,true,coupon_abuse
057fd8ff-2c4a-4ab7-8894-16878cee731c,277482e9-c494-4361-8735-9f30ce1e44d5,false,bot_purchase
e5bae2b0-4ab6-4908-aa8c-1949da2d5885,9566f404-16af-41dc-b02f-4e2f588d2143,false,coupon_abuse
4e2c4391-1361-4b48-9332-ca291ee5d249,9cb951df-3471-4d17-8db4-a3ca1211c0ed,false,none
f965ae5e-ed9a-40f0-8706-41b6ffcefb62,6cc44cbe-e496-4b9d-a452-449734c54a04,false,bot_purchase
d7bf9522-ebd0-486b-95ae-8db1818033ac,e56e797e-5b8d-4eb9-ab2b-d09ea24a7688,true,coupon_abuse
af431b9c-bee9-4120-ae3a-0bbfbe15b4c0,b0685583-1d07-46d2-b109-151d06290b0e,true,none
ab8af302-622c-4288-894a-ccaff5603e21,cc3d4863-d4b3-49e3-aecb-b0cfaec60f23,false,bot_purchase
5a7a6964-19dc-4b70-8208-c1251470ee2e,27b28630-21f1-44f4-8a2f-1d722184bc27,false,none
65484362-4417-4cef-83a3-5e598585e9a0,2acbe602-ddb2-4569-9481-f596faed5e2d,false,coupon_abuse
c8abd0a8-76bd-4e11-ae68-e9976ff23285,cf69a4c5-b52e-4057-a1d4-81c634923df7,true,none
db8e8aa4-126a-4e8e-bfac-752a60486e01,296c939b-91ab-4687-8e6d-58e4979ded58,false,none
5559ef62-61e8-41ae-a526-a5ff18121601,eea77294-e30c-4e7a-923e-47abc8881180,false,none
f7214468-93d7-4482-90a2-1b84d67b822b,4b968e71-cdad-4b4c-ab95-3603cb5db9c6,true,coupon_abuse
00e6b22c-e68d-40f3-8c3e-eec4e3a323cb,c681af81-5d18-4d88-928d-6ed701ec281a,true,coupon_abuse
8788fa90-d70b-461b-b52e-1b2bf9e73a9d,85b64fc4-ddfd-447b-8d5f-514c1a574a85,false,none
76f284d6-8ece-4dbb-ab86-00c6a16bf7ba,8af7f5b6-c7e7-4923-bbfc-96b8ed622939,true,bot_purchase
9388ad03-4e4e-4eaf-b47c-6c8660bb486b,b2f6e340-f9d7-4da0-bf7a-43c16995731b,true,none
739eff7f-2eff-4042-a141-f1bf2292add3,9cbe8488-72fc-4636-81a9-08ac1ddfe248,false,coupon_abuse
65011898-9ee7-4042-9d56-74b74f1b9854,c1349a8b-16bd-4267-b674-849579dda922,true,coupon_abuse
d16855e5-a00a-4f4e-a7fb-84561fe5ac88,b2dddf43-736b-4f12-bde3-83c76b50a27c,true,none
01866f9f-c46a-416e-8606-700630ca83cd,09e046dc-c07d-43ec-b0c1-20d7767af222,false,fake_account
5611f03b-96dd-4f45-9b98-b91d83a1540e,326f6b45-0044-48ce-a19f-24db6a5f8814,true,coupon_abuse
ca8f34b1-ac0e-4e91-a213-002327b2c015,5f13146f-6d97-4f8d-a4be-b036fa8fbf8d,false,bot_purchase
b364aa43-9b71-43a5-95f2-93e970610279,d695a17e-ab4e-4733-8a05-e5d70594f7e8,true,coupon_abuse
52186647-a012-44ea-8524-bd8090765b87,bd16f99b-5366-4667-9fc3-eaef42fc291e,true,fake_account
6bf59ee4-a098-462a-af89-0b0250c554c4,c9d9d8a9-8ac0-47d9-9ed8-544043d00a64,true,bot_purchase
1d7d3a49-5123-45c1-a626-b87e4180202d,af6f105a-cabf-4549-948a-cde88218a8a5,false,none
3522b9d1-fcef-4c47-811d-6564b80dcee1,2307e1f2-c3fe-4df8-a19c-b0409a0197ae,true,none
04606a73-0b0b-4a3e-a6a0-d92922f089e6,6d6c87ab-39b2-4203-9fbd-1e4ed176d524,true,bot_purchase
b4d5614f-4630-4dcc-913d-572fe1bb9189,c9d970ef-5c1e-49c9-8eb3-a1ab88f11c8e,false,fake_account
ca533b6a-1a6b-4d81-83c8-b6d3b90d9c41,bf898163-26ac-40b7-b2ac-695a522a9376,false,coupon_abuse
1d201d48-9116-4adf-b1b0-0d00a79515dd,4ffdd298-ce5e-4aba-be45-5a49c8f84265,true,fake_account
a557e832-3a25-4e66-9bdf-0b95febb8d42,2e617744-9344-46c3-8faa-52b79928e1ee,false,fake_account
e1e16208-ed6d-4766-a6d9-34ce8f050853,063070f9-2ffa-4958-95e9-81125b2316aa,true,none
fc1c4b68-3ff7-4df3-9c45-00bed3cc45f2,a1c82950-f71f-474f-a707-54a93e58c6e6,true,bot_purchase
4a27a322-9076-4176-b339-a195827a554b,9f28defb-de81-44c9-bf46-150875153606,false,fake_account
c044b6ae-6f68-448e-83a0-07c7a9dae2d4,9f7b7831-c8a3-4df8-9611-548c4ffaf523,false,coupon_abuse
44f70d65-1094-48ab-9502-b3b338813d7e,13c23554-1b76-4104-adf9-e14801130207,true,none
a12fd40a-6cf2-487a-bc17-ec0de8bcfd39,d93928b2-fbc1-4e5d-8db2-7e18e09e273e,false,fake_account
64cb09d0-1eb4-439f-94c3-5e72eea65199,8d3cea89-0ee6-40b7-a5ba-97afc30181e9,false,fake_account
58337afe-f62d-4787-9037-7c205bdad71c,e268dca3-8bd9-436a-9085-9cc723983eab,true,none
364c07d5-cf00-4498-bb71-63668ed0da7d,82ece553-ab59-4cdd-812a-ba39c4e1ee48,false,fake_account
4fccb232-2cbb-420b-8144-31776b10944b,87901dcd-ce50-4be2-94b2-7f57218b5803,true,fake_account
487353fd-9efe-4d57-8e56-7276f9b80538,fe02789b-d707-4b78-bb03-40d9cb07b4cb,false,coupon_abuse
42664d4f-f40a-4772-9989-a15fc39bb51b,cda1c024-0685-454e-b1ef-5c061f3bc5ea,true,coupon_abuse
4efec54a-94ba-4527-9dbb-af2f3df46806,130f1698-062a-47df-a22b-1c27bb9ccfac,true,bot_purchase
8f68b055-a244-4371-8268-eb374139c63c,45e669f2-eb1c-4a6b-b7c3-6e80ba445ab7,true,coupon_abuse
fe48b5ef-de62-479c-863e-1d12f0c71bb8,771bc9de-ddd2-42b0-8d55-554c3f55d643,false,none
2cb3b5b7-cc13-4621-aa9a-f49bea51c282,a8617843-bdf5-4c89-9578-9474866ea48e,false,none
9ad71c79-ef72-476a-89c2-533adc0be9a2,792d502f-d310-4281-94a4-fb2b18072a5d,false,none
3bc7e6e9-79b2-4fa9-a4c6-538a6452d51c,68631ee4-4229-4933-900f-39d811878116,true,coupon_abuse
ef0b7384-71ea-41ed-bd57-7b210134f77e,5c0cd0bd-96fe-45e8-8498-3b98dc89aa04,false,bot_purchase
57b8c0f8-c59c-48a9-b091-ea896a674be2,26805dc7-5fcf-4331-bceb-4d15806186a8,true,fake_account
3ec187ff-6019-4250-8c2e-182c6ae7c503,484ae7e4-ef2a-4e88-a239-692e5980bda2,false,coupon_abuse
64252434-0ff1-4cb9-b800-a34b58945f4c,4f2f43ef-bdc8-4c50-bac2-7e5a43fc8aaa,true,bot_purchase
ab8e4634-32ce-4433-85de-7d0cb06370ca,16cb283a-b73b-4b69-8ed7-125f34e2aef2,true,fake_account
a6407c99-90e5-43cc-b098-46b893d255f1,6b6ba074-fc05-4e2d-b31e-cc61193286f3,false,bot_purchase
e3ece86a-55df-4d4a-811d-ab4c29e04d76,a2014393-c386-47dd-9ec0-1b37298232b3,false,none
b1c6ac9b-f3d5-465e-ae8b-e28e135cf48d,68a8093e-55a8-47e4-a373-31c90eb34bfc,true,none
696afbf4-07cd-46c1-8a05-0941c31dab4a,6ce488a6-57d6-4d83-a7ce-441b8070ca6f,false,bot_purchase
fc5139c8-fff0-4fd8-8807-73a57efed090,b4eb65f3-8da4-4632-a432-e4997c224055,true,bot_purchase
9ddc2177-5596-4067-8266-d4aff7709642,8a411e7b-221b-48e0-a838-31aed7aeb35d,false,fake_account
72b4916c-524f-4cfb-9a07-c909e8003f41,5ffaeeff-90a6-44f1-b52a-8be2ff7f24ea,true,coupon_abuse
75ce9355-f83b-4e94-ac2c-bb568755a329,8ea4b83a-5671-4e31-b094-8393ad7b3464,false,fake_account
7e203aaa-0598-4dd0-b501-6625d2bfccba,dac99a1b-ee70-46e5-959f-6785978c9459,true,coupon_abuse
c2a4356b-4ded-4f86-89ba-3d2a0bf61af6,9168ce14-98a8-4a21-9a65-532138dd32de,false,coupon_abuse
ce008dd8-6e00-461a-a77d-93488761446e,d0216d8e-ef21-4d98-8faa-8bc600e25bba,true,fake_account
76dcb042-2c49-4d47-b637-7aee757d1a62,d55fa617-ae04-49bb-921f-8e97b69960b9,false,bot_purchase
25b22595-c7cb-43cc-8fd3-50059eaef0b2,42f7940b-c15c-4d60-ad2f-4b33fd337eab,true,none
f15d3f7f-9b59-4b21-9f64-b5a5cbfaf208,19315e59-04f2-4be5-b04f-9d4acb28357b,true,coupon_abuse
d7938d18-b7f2-4332-9549-731114b878eb,48bde087-f16b-46cc-80ba-4a257d70d393,true,fake_account
62997395-54dd-4827-9d75-953f735e3bff,285bf61e-247d-44cc-b71a-2dd2551a867d,true,fake_account
96612cdc-d981-4e75-bfd7-1e9038275f00,3e8c0a28-7c6f-4717-ba60-48f8941d9827,true,bot_purchase
2e52bf45-2ff7-438e-ac4f-7c3985ede1a3,d1a71137-2d43-46c9-b443-c1fe58e19ec1,false,none
33e7964e-7c06-4eb3-badf-22db08d2e77e,eac934e4-71a4-45ea-a951-5a350515da9f,true,bot_purchase
f8ad6c2e-273c-45fa-b904-14e07280a332,9e95fd09-42c5-4b49-9af1-e7ce5cbadb71,true,bot_purchase
68c944b1-2140-4195-905d-fbabbe7ecf32,e0154209-c7c3-40b4-8507-c10f09882f13,false,bot_purchase
c46449f8-7f35-45e4-a155-0e387faa24d4,7b26653d-0c6b-4b12-a6b6-54d689b94b7d,false,fake_account
771694d6-2094-49ea-a8b8-6e64e192f87a,405f23a7-08cb-4994-b816-1529a57afaea,false,fake_account
7cd29664-9ff7-46eb-86b6-84bf1fd1ff19,adc140d5-07d4-4b4b-bd53-64cb3d3b2faa,false,bot_purchase
a7827955-57dc-4151-b8bd-0e83b1ab84f7,b9eb109a-0ff4-43e7-80cb-f63f613b0169,true,coupon_abuse
06713cc5-0bc5-46e8-b502-40ac4a2795d4,221bad68-bb6e-4399-b2ee-d17f19d8fa90,false,none
4727eb5e-e47f-4102-8a2d-b698f95d7da4,5d4efb67-60fc-4377-b31e-755b383fad1a,false,fake_account
5cf9a9a8-ff63-4b88-a0e7-53c775a19b29,6daafb93-48c8-4ca8-8693-541110139188,true,bot_purchase
970e4e2a-2ef7-47eb-8361-2c2a9f24a4aa,8dc814ba-e0fa-4225-a9e8-1cb8732ce162,true,none
f1b35725-f2c5-4688-8e28-38081f58bbcd,9c866ea5-870b-4f8f-ad86-f289f3f62edf,true,fake_account
419ca114-1fea-46c8-9930-2fe33cb69927,477c0703-b347-4f8f-a629-6fae42354911,true,bot_purchase
197bec39-26fe-4239-8679-ae1892df0ce7,5b385981-7b43-49b0-a38b-a56a32fa0948,false,fake_account
4ddfc771-ed70-489f-80ab-aec1db6f03c0,ed94ecdc-a5f6-4f59-b3b8-3984114c0a31,true,bot_purchase
aa6155b1-5ea8-4715-bf77-84384d86f627,b6ae9d4f-b63a-4424-989e-74b989646d4a,true,coupon_abuse
1335be0d-2fa4-48e8-8802-59ab5e64eb5d,4a898680-f19f-4d9d-8604-500a97ae194d,true,bot_purchase
ad8d9b7c-42dc-49a5-9b2b-33ccb3bfaef1,8156d672-c152-40ee-b9e8-167911a5f71c,false,coupon_abuse
afddc38b-67c2-474c-b8b9-cba2518ff7d7,02a18a32-8bc3-43c3-b9f5-db0f1fe1e6db,true,fake_account
f4060189-15bd-4fb7-891a-18fcd7d2f727,05f229ff-1e5f-42b4-9d38-8a49d82a53f7,true,bot_purchase
d572e089-4981-467b-bc3f-46de03965b8e,25ac7e10-dfda-4aec-a573-3a430e0430a5,true,bot_purchase
55de82a9-d3ed-46da-b503-985157e72ea9,2e485a99-1809-45a7-980a-4b556c7c8972,false,coupon_abuse
d18414a4-e773-4431-a96c-3e257019a927,c7070ec5-3e64-45ea-8a5d-94fef976c2df,true,none
b3ef5417-6a08-4e30-b698-fbe676d28ed9,9c91b02d-8b28-4f96-b5be-d1b983c0d5f5,true,coupon_abuse
28749245-6e3e-4f5a-8ebb-7a211da02de8,2858940e-de19-41d0-bcd6-f5e7be13272a,true,none
5a42aa50-4df7-4f53-8f0b-a0b8b7664132,fed28270-c39e-409f-b030-a79827fa7760,false,bot_purchase
83c622a7-06f7-407e-ae4f-c7386cc2193f,4fa07a72-8ffa-4b81-901b-7008cef5c159,false,none
6b5aa251-834c-42c7-9e0e-dda4f4315370,64ee8cb4-1d70-48c0-af4c-9cb605cc9fa5,false,coupon_abuse
3f99b8c6-646e-453a-9654-28eb173181ff,a80d570a-d1d5-4865-84f6-3fab5317f155,true,coupon_abuse
5561b616-82ad-455d-b658-81ddfebac640,9ae4298c-b516-4ae5-8aad-e8bc66382b5f,true,none
9b88224e-39f2-4103-bd68-43dba5d03698,5b5627a5-c30c-46ba-a07f-144409e37cf5,true,bot_purchase
c880fc61-0603-4b8e-a709-c654227ac0d1,2cb400f7-bcb0-460f-882a-ad97ad5f5af0,false,bot_purchase
d6971273-0a53-4273-8186-eeb4ee22d125,20c2d81c-5ada-4070-81c1-b36181a50c73,false,coupon_abuse
00d9adfd-8dba-4a22-ad2f-ba6a5d9ee178,61386510-d866-4cbe-9446-9b00781a629d,false,none
dcc9f011-afef-484f-b886-76d320f581fb,97d8895d-9b2e-4a0c-9ef8-810900133f72,false,coupon_abuse
ec40bdd4-a286-404c-acb9-652c488ae391,3b8fb816-5949-4a4e-8c00-6d33c8ffeffb,false,coupon_abuse
10b29182-063c-41dc-805d-0551cbaf1d7a,6aa577f7-d4d9-4187-93f7-06294d9d2ec6,false,bot_purchase
431273ea-6407-4a1c-98da-838f0417e7a5,2b0f6112-6edc-4648-a414-d2a6a2193c9f,false,fake_account
e901499f-f600-4403-ad2d-fd684307ac99,00f6f60f-6cb6-4c2e-86f3-6bb7900b5d7e,false,bot_purchase
e40500ee-978f-4909-bda0-db4e74387227,e433b05a-66cb-441a-80e2-f4c5b93c7aa2,false,fake_account
a61b4187-43f9-47c0-a774-ea67c1c9db68,9d7f208c-4d02-4f35-b17a-215b9a40c12a,true,bot_purchase
d65f3208-51ea-4156-87e1-c31d5e838c1b,42b44ecb-c622-490a-902a-3c93ce2ae4ad,true,coupon_abuse
8c17086f-7feb-4d2d-ab68-8cfd17c2ccfd,a49e1638-5e1c-405c-a364-e3b4302ffa2f,true,bot_purchase
82ea3f6d-6e58-4f9c-ac43-bb074a61c37a,b6033c20-6198-4cef-935d-7eb1f1d37dac,false,none
a28c91b3-f8e9-4388-88b2-43e7900d754f,6624f8ce-7c48-4b9c-8cdc-a65699acda2d,true,coupon_abuse
5e0093a9-bff9-4c61-83b3-ca63a1de34c2,b588f61c-dfb8-455c-a09f-beaa96e678e7,true,none
99bb1957-df0b-46b3-9fde-a540a68fa300,fc70bcaa-30c2-49bc-893d-9f2d48479d95,false,none
103cc284-001e-49c8-bfcb-ca08c6dc193e,036c7cf2-4b10-4260-839a-020a8515cd46,false,none
05fd27d4-6f88-474c-988a-92d8da8c5ffa,aa5665ce-cbbb-45e7-b06e-9ef7279ce472,false,fake_account
bdde5de3-4dfa-439f-9190-b94a97bf66ff,077bd38f-9763-407e-8b40-4c9a4bb32f50,false,fake_account
da1c6794-118f-4678-a1ae-cb6f1ffa0f10,987c1a09-f4f1-4f38-b4c8-adcc525b8798,true,fake_account
c3170cba-7ca6-483e-9617-82400127ebd1,c3636db8-2253-4387-aaa8-d5aacf31c4c0,false,bot_purchase
f36e33a0-1e80-44ed-8bea-610400f0a42a,68aaad7e-5ea3-47d5-ae54-ffa8a5c67433,false,none
0bbb283a-93a3-4683-8b84-3761f3b5ed3b,0d904bff-7739-4a8b-adc2-5d049a9b4b45,true,none
4cd3b432-2205-4d8e-b7cb-7a78fa4dd2a5,9a6b8232-5a74-4d91-bfb7-871946603472,true,fake_account
7c1a1052-4423-4a16-a492-9b5ddb09955d,bce3ac02-28a4-4bd0-bb11-30c2dbfe95bf,false,bot_purchase
b7eacced-4672-4ba4-8d16-07048eca19a7,42052b01-d2f5-4ddd-8287-479620f27403,true,none
f8dce59b-1562-43f5-8740-ad205cd905ee,55f8ee48-ff6e-4d2c-9ee7-55888c3ad8d3,true,none
bf9afce2-2468-40cd-9e7e-fa3a2dfeed70,ad1d2ecc-5905-4ed0-9891-7608563f9eb2,true,none
6332d752-858b-4d1e-a222-2f62570ecf08,8ff8f032-560c-40be-840e-0a174a0f3633,true,bot_purchase
f0a3e1c7-ba97-4ac0-89a5-eebcd94df58f,4ef7fa52-6687-4e80-8422-213cee3987ee,false,coupon_abuse
fa377d06-e8bc-46c6-99f8-7f375225964a,78b11538-eed0-49bb-94d0-4f047383c0f2,true,fake_account
524e70b2-568c-4bdd-bfc5-88b85a4a9b3a,54856b4e-ea42-4236-be14-00bc314f158e,false,fake_account
0c0f321c-044e-431b-aaf8-6593eba2d29f,217ec7cf-c9e7-448c-9027-72dab00f1aec,false,bot_purchase
6210510b-cd4e-4040-a710-c985f7213002,6882c271-522d-4ba4-9a52-a001e762254c,true,none
b07daefb-f0cc-4149-887b-bc705d7f21f8,a984471d-cadf-47e4-9e3d-24c7ed10c880,true,none
50033e08-d081-4296-a51a-121f19f0e2fb,547b9d56-8392-486b-8776-48fda21930cf,false,none
6b81d532-513f-4222-90e2-7c6830d9e8a8,b28b45d1-83a4-419b-8188-fa45275499e9,false,coupon_abuse
53e4c6fe-1f6c-4a67-9ae6-d3d04b644034,a1602400-262d-4d0a-9bf5-0b08fa1d8834,false,fake_account
1ba41937-3bcc-4333-814b-f9c9075e1dff,dfed6420-e039-45aa-8233-b06b2e76b73d,true,coupon_abuse
3313f0a1-4b93-4b63-adca-e33543fe77bf,90f65e01-7772-4143-bec5-a27590ca9740,false,coupon_abuse
92fd8150-d772-43d3-9046-eac72d3fb20a,5df10adc-3680-4bb7-b1a9-43f51487b1b7,true,coupon_abuse
13835ae9-22d4-4cf7-b71e-119e18387127,5746fc53-3f53-4366-bfd1-aa66f6c0a4ea,false,coupon_abuse
53bcb4b2-f020-4cec-b413-87f084ccad46,94272f9c-065f-4d18-957b-4949f9b120ea,false,bot_purchase
2a832f90-9e8a-4454-b1d1-ab1659e12475,a70952e6-6b74-4707-aacf-ef438553fbef,true,bot_purchase
0138023c-faec-4890-a0b7-fd16af40fc2a,4ffc0ced-d8c8-47b4-b788-863805721eb4,true,fake_account
b3872bf5-09fe-429d-a82a-e835f6238c0b,6f8dc4eb-5bda-4347-8019-1a6b80be9fba,true,none
633fbe40-afa0-4dd9-9b00-047de7745683,e4d3fcea-d675-4d3b-9805-f522dd8bca59,false,none
93a581b6-d56b-49a8-ac9a-03b6114479ea,83a77a79-56b2-4ae3-8108-a25e92395280,true,none
864cf3fd-4be7-4b8b-925d-b79833c4eb37,53c5fac5-55fc-48c4-b1cf-fec3b57dc2bf,false,fake_account
78c37f93-06fc-495d-83e8-37676c14e343,39799074-a27c-41d5-9b14-c8224db447a0,false,bot_purchase
76d4e520-b9f7-46d2-913e-a057c8ba7afd,54153ecd-8c72-4c12-8c89-0d110b12412a,false,bot_purchase
56a05310-c9b7-4c16-b2b8-79c4ac2361e9,7c6b035c-99e2-48d1-82b6-0f01883b6894,false,fake_account
c4430c11-d3bc-4d75-a18e-8e02b92787fb,60fbada0-4b2c-4fee-95fe-9bdd1da542b7,true,bot_purchase
36bcf43e-d764-421e-aa71-337650b45329,bcabf985-449f-402f-9e7b-09d99354edbf,true,bot_purchase
d1a28b3f-d2ee-4735-a4ec-5b9135637024,f3eee6fe-fb5b-4616-86e0-d927598ffde1,true,fake_account
e6a5ba60-9802-48f7-82fc-addf6e8fa645,48207f5b-aa40-4174-8517-a50ab2d508be,false,none
2fc96e4e-4955-49f6-a64b-a918f69b2aaf,6282a869-e8e6-42c0-ab46-bc900c1ba100,true,none
6e4f5fa0-7a3f-4def-8aed-ec78ed6bfa96,c5da3e80-f71f-428b-a7b1-11e4ba0d1614,true,bot_purchase
e34850b3-48a0-4f21-bf28-7ab87a891541,716ec0ed-cc6e-4847-bd38-101f53e2b2e2,false,bot_purchase
c622aaa8-87b6-442d-acdd-13dd1d6f49ec,250219e6-1906-4976-840f-678ca84ec81c,true,bot_purchase
47233368-bbfe-44ad-92ad-6005de78c7db,e64ad395-fd51-4d41-8549-f7b3f1c768ba,false,none
22eb2c51-e4b5-4d28-bd82-5279f80bd023,e8c4d53d-2558-4808-b6c8-baf1f7ddff33,false,none
0871f012-c38c-4a5c-ab57-3f63e940c616,9db5d4e6-9a32-49f4-951d-4dd782ea18b5,false,fake_account
4c436dc1-44d6-4bcb-b7cb-4baad346cac6,220fe158-a0ff-467c-a2f1-1048b63c444a,true,none
fc79c223-6c92-4011-b537-f7d65f4d2a38,9f9503ce-0a7f-4d36-a900-33d2bf332e5f,true,bot_purchase
170612b4-e1b4-43df-b942-8ef85d44a0b8,235aa3d0-2799-409c-80eb-bf7abd3fac84,true,coupon_abuse
753ab3b1-6014-47bf-ab04-6ba82523ed28,b63bafe6-59a6-4762-9698-fd69e038a697,false,fake_account
e10a42c3-1688-4eab-bf38-ef6592cd4330,6c0fd64b-71e9-4377-a613-8a4f2c1db87e,false,none
df998081-cd07-4a57-b454-fcfe5fd38603,89440e39-5b3a-4001-8289-17b346e7eaf3,true,fake_account
8fee5eb7-a702-47bc-a672-a728cd9ffee5,1b07d1d8-1f5d-4000-83fe-2c5bae0cf6e4,false,coupon_abuse
ab3c6d7e-4d59-46ef-b410-c83ab826b9d1,a766a118-2cf7-4ded-89c9-145c5d78e4c4,false,none
10fca975-0e99-4ca5-b3f5-0f4b2071f716,2785aa19-29d7-4bb3-bf30-25b20b94c9fd,false,bot_purchase
7aaf094a-d4f2-4725-a730-9378ad24a583,9e91abd0-6c49-4f61-adf7-2e09cfc0028b,true,coupon_abuse
17903f3a-70e3-4fe0-9579-41b33063f2c7,8407d307-6075-4f8d-94b5-f4df45f14705,false,none
214d08ab-3107-488c-84aa-66c3d1047970,b6515de0-19db-49cb-9b58-f707bad35295,true,coupon_abuse
066db6b2-b138-42e1-af3d-db779710938a,76b0c1b2-7f21-40bb-8b1f-3f76f249e41c,false,none
1766e99c-e756-4f71-aba1-d552d5fea97a,60dc02bd-506f-4183-9195-f92f54c67677,true,fake_account
38165be4-34e3-4341-a5eb-4153008d6e97,738268f0-472a-492a-ad89-4be789d45d5e,false,coupon_abuse
c66445aa-31ae-40ef-b7dc-37dc848bb9ae,d629e80a-6e3f-4046-b380-4161ad90268d,true,none
140274ff-63b6-4091-b385-a0315765e965,4ecdb71f-1f72-4706-987a-8072899b0a30,true,coupon_abuse
2712c782-7554-47ec-85d4-01cebd500e36,7015fc06-ec14-44cb-90a4-f91d58880ce4,false,fake_account
d50efbf4-0393-4749-a6d3-f90f86957fa0,113d503b-64b1-4405-86b6-7cf00234392f,true,bot_purchase
b5f182d8-116f-4f92-a2e9-df95cd50b617,e240bf27-f373-4670-af1b-216ca3a0abb3,true,coupon_abuse
91ff305b-e453-4fb6-8b32-54d5f6996753,75335b58-5914-4483-af3d-be5ccac2bf24,false,fake_account
9735ddcf-5a3d-4386-b393-bb757fb56aba,f686c76d-bb0a-4e9b-a8b0-a1fcd448bf55,true,bot_purchase
1673a317-332c-4f17-96db-473cf7c92336,4cb85c47-65f9-4924-8b1f-fb48179e4413,true,bot_purchase
72bb887f-1b68-4994-8ceb-fe1b36982786,e0a1f3f8-6ab9-495d-98c0-0d4f2fd49863,true,none
8d18bc72-73ef-4e39-996f-8f7a526a7d6d,88dea49e-9ef9-4c2e-b7de-6549670534bd,true,none
f4338aa2-f622-4901-8278-af31f99da39d,7c3c9af5-cf3b-4a49-8d69-86dbd38c1b10,false,fake_account
6fcc66da-71d5-4049-812c-0da3b04dcf49,9db5d4e6-9a32-49f4-951d-4dd782ea18b5,false,fake_account
b3b4e3bc-0330-46ad-84d7-7160c12bf9c2,37cd6f66-15b0-4b63-b2e7-7ab25403d77a,false,coupon_abuse
24922756-a230-43a8-a7ca-0f3779f5db5d,7cef23fe-00d1-4e2f-b2bf-45482b43cd25,true,bot_purchase
e5ca007f-b7ed-4f46-9d58-63ef8ac94d1c,96eb83e3-d91c-4e14-a759-7a40821ae872,true,coupon_abuse
4a6e5e18-f9a2-4485-80bc-702295c327b0,08f1ff49-d68e-4779-9dc3-b5d2b16cac26,true,bot_purchase
0ce85412-a5f4-4d8e-86c9-708bf1bb5838,92ec9561-da2f-4b96-85e7-42d6f36754ec,false,none
d0660c32-f53f-4ece-952e-4d40c7d06182,fadf5ecf-a999-45a1-8725-025b32337fc9,false,fake_account
fdf8129d-d3e6-42a4-9397-9ac674cd0959,7ea1ce4b-5b0f-454d-aefc-0c0753ab20e8,true,bot_purchase
ef4276c7-38bd-425a-aa95-cb0989bb8789,917b99fe-4fcb-49eb-8766-8403b585b3fc,true,none
f83ebd44-9b15-47a4-8d4d-3b52f8667f47,dee94ba4-73da-4e8f-b866-88e71cf53d03,true,coupon_abuse
74964e63-e923-42cb-96ca-2cf7da6653bf,ecacdf57-3ea0-43e2-8afe-81fdf4261127,false,coupon_abuse
08c3aae0-12f7-4c35-a764-5482369feb09,fcea9474-3fd0-43e4-8923-caa1466b6102,false,fake_account
82e3480e-328f-4d53-93cf-ceab59023cfa,34777236-2808-40e2-9366-af658cb7a054,false,coupon_abuse
5e388ece-b5fc-4540-9957-8a885df1cbef,ce857645-a9d5-4cd2-928b-d013238bd8a0,true,fake_account
1ed2b9ca-20c9-4f42-a4f4-6367ff8725f9,41eb89d0-bda6-4565-b632-f7386442be16,true,bot_purchase
b642acbd-c5bc-473d-82cf-561a133158c8,4bb9f5f3-cfee-4802-8103-7676793f4368,true,fake_account
8204e17c-a1b0-4cee-abab-f16699db7179,6bb4a98e-85a5-48f8-94a2-37d6ef715907,true,bot_purchase
68aaed5d-e9f4-466f-afac-b285eac674f0,781bf1ea-65de-4ffe-9b00-957ed40ce8ef,true,none
f501383e-367f-4acb-b19e-a6af0a24bf01,034cc66c-5883-4dfb-88f2-850587b96e2b,false,fake_account
1d573853-a8ef-44e3-953b-e59fc4becee3,ad922c82-2e84-4b77-8adf-738f3a4c47eb,false,coupon_abuse
ae926b68-9ffb-4d70-8d03-b436affdd511,f6894c9b-354c-4a9a-a9bb-202a101820d3,true,coupon_abuse
d4cb5cc0-e5fa-4f86-a8e3-a484bc832d50,04140a2b-59b6-45fd-ba30-71053d6484ac,false,bot_purchase
1b0c1dc5-0fd5-4adc-a150-eda9fc7cb93c,1b98144f-dc8b-4d9b-b58e-697cf8e13c0a,true,fake_account
f4fc30a2-a905-401a-85c7-f806c10851ca,cd8033c5-e3a2-4226-af96-f2a3a3dac9d8,false,bot_purchase
c2bd4b0e-3a68-443d-a2e4-dd549be30527,ffc93522-7cc0-46f8-898b-79c72b94e46e,true,bot_purchase
2fb46ad7-1796-4a49-b06d-3dab868b45c6,c7425fad-0d5c-4399-8202-f0ec756e2eea,true,bot_purchase
3d3cc722-1fc7-4655-8b7d-2e090dee5fde,a41952c8-4578-4b38-8ad6-c4737bd58236,true,fake_account
bcb09b76-e43c-462d-8c53-99a200f37598,2e4c20d4-6aba-4a5c-9900-33793694a8e1,true,coupon_abuse
165a2d40-70ce-4e81-8d77-70ba8f97ee05,a85529fe-f2b9-4f26-8248-3328729a8ed2,false,bot_purchase
519cdb72-e202-4af4-8c1a-67942986defe,f2ca699a-f50e-4d2a-9969-7175b2aefe95,true,none
b4f76222-88b2-4f39-8e2e-7c2c9f6c5c04,1693fa6d-8d7f-412a-8260-6556953f5c12,false,bot_purchase
98dba5cd-9964-4f61-9b1c-bc6dac1d374d,fc8f18f5-83a1-42ca-a83e-a9ac889993a0,false,coupon_abuse
3b03ebfd-8d2b-4b9b-b385-0a8343dcfb59,2130eefb-8e59-46b2-be99-6f46bdd98105,false,fake_account
db8af75a-4509-48de-931f-f7e6bcf98e13,925769d3-57e8-4468-ba6e-b05e512ebd52,true,bot_purchase
51dae32c-724a-4305-9925-43270ccd648f,7ea1ce4b-5b0f-454d-aefc-0c0753ab20e8,false,bot_purchase
f7e065e1-1597-4820-9c77-0e9aa9d3bdaf,bf288d8e-3a07-43a0-adc0-f5c5f25e810e,false,coupon_abuse
e6e81fe2-5800-4716-ab5c-b4e71d692063,256f95bf-8dad-44f7-8433-2d7f2b9ff8a4,false,fake_account
ac86d866-39b1-4ba2-869b-99ab774c9252,a4a70580-b6ab-42e4-ba1b-1328817a608f,true,none
3d719667-8534-42db-9c39-1d50b16e4e01,7d0a8a6d-8b3c-410e-aa41-9528081746c9,false,bot_purchase
c8548b50-caa5-4279-b45d-2bd1ee82a8be,0aba8ec1-bd17-44a8-af42-8c150f8fd027,false,none
8e2a3819-a45e-49e6-8348-e615cad52a16,663543c0-7ce3-46e6-bad0-71eeb4c02807,false,none
478a3721-c4ee-405e-81cb-fbdb6fd3bd26,09244263-a337-44f5-bd59-27b795d6933a,true,fake_account
71c342c5-3fce-4d41-a099-fc8757d6433e,4d64647a-5bb5-4d37-b3ba-7cf4b90b2266,false,bot_purchase
cb2a8d50-08ca-4868-bbb2-c5e2b8bf190d,bcabf985-449f-402f-9e7b-09d99354edbf,false,coupon_abuse
068f07e5-5c28-4ca9-9ec2-20d558ef48c0,db617db7-346f-46c8-b435-85013fd5d306,false,fake_account
711b66d4-e4c4-4650-ba25-16755ba63c7a,8f6358d1-9043-4ee2-9e30-8a315ccf07e4,true,fake_account
18bb7af1-07d0-4508-b27e-a44558579809,e03e7438-e3b5-4220-bdd8-d158bafd7d3c,false,none
76fe2881-decc-43ae-b10e-e991a961fb79,b8a6ddd6-d4fe-4158-a8c7-e38911766a2b,true,none
231bd9e8-b4ad-47f7-ba88-199f34397bad,3554d5f6-4c0f-4b3a-9037-688ac960b705,false,none
b3d7c781-405f-44ef-be7d-c5d920bfd9ce,0b2b02b8-09a7-4cdd-a435-564d2aa5c4ce,true,bot_purchase
5e61fb85-e202-40b6-ba85-f98909ba63d4,5f655490-c4c5-4844-aaae-f44712374021,true,none
5a5c8184-67e8-4f1b-a48f-9c3bda28d3a8,4ffecdfa-8b74-4dc0-b5d8-623a6a4069a4,false,none
3f51c95b-a95b-4c5a-958b-138c9066ccbe,23531823-0c0c-4498-b732-92bd760241ef,true,none
a884c491-bb0b-407e-bc1e-0ed69498ee64,e003bf3d-4aba-4172-9e4c-7ad752ac9de0,true,bot_purchase
2d9939ee-e078-4fb9-b912-fd92bdfd72cb,3606aca9-aebb-4f65-bb65-ee4c4ffcf6ae,true,none
a1cd7c2e-4cf0-4e3d-98b6-6fefee769063,5edaae6b-0479-4dd3-a2d1-44731d3776bb,false,bot_purchase
f172835d-f2c7-486d-a335-e58f85271e07,83a77a79-56b2-4ae3-8108-a25e92395280,true,none
289e5c89-48d5-440f-bdc1-f402ff22209e,90cb02f4-a17c-4af1-888b-3bfb45d3126f,false,coupon_abuse
e0901fa0-569a-4df9-9719-8104050fc0bc,bc678f72-b5c7-46cf-8b4e-8e342a449caa,false,none
b8879d73-e2bb-4ec5-8d12-9f38dc054c90,d6455510-8bba-4b2f-8567-71bd8210e59e,true,none
03c742c8-ccea-4704-b69b-9f4caab7ef2a,789698ae-1f3a-47b5-8d75-f8ebc59674a9,true,none
d74a1683-665e-4db1-ba83-a053bcc4ab9f,fc8f18f5-83a1-42ca-a83e-a9ac889993a0,false,bot_purchase
fc279213-f9a7-4f57-9bd1-ced6db73bba6,e51357af-ed7f-4b56-b534-66539257f7a3,false,fake_account
4e41a906-47b3-4304-96dd-4ece45db504a,385b33d7-4f29-4624-b2c4-1cf8b827b246,false,bot_purchase
0ce3f997-9bf4-45ad-94f9-3ae81a0666c6,d03b56f6-d336-4d83-8864-69f6629d0300,true,coupon_abuse
d560b277-1dab-42f9-9d4f-bbe8b2964a21,4a563608-42b4-4221-a57c-7c4295e2f52f,true,none
645d4f9c-ebda-4c05-9eb4-9a881c317569,3f9ee1f8-462f-4ba4-80e7-55790ce58b2c,false,coupon_abuse
c9b8789a-1c90-4bc3-9803-969ca1b49954,4467d6da-88ea-4406-894b-8a8866edd0ed,false,fake_account
efe2419c-1375-491e-9c32-cb8d2fa7d557,f8c84b27-2581-4d8e-a6a6-afe6e8ee85c6,false,bot_purchase
3324c2ba-acce-420c-bdb1-dfdfc781eec7,3d3e3b45-4dc4-4f69-81d2-761dbc2329bf,true,coupon_abuse
575b67f4-da78-438f-bcde-fc1d339a97be,4e1657d2-6eba-4982-9cb3-6d4974cc1793,false,fake_account
aeb9a246-04a0-407c-9fa0-408649eff84a,06ae122a-d9d4-4ed9-b93a-5804d91a48b9,true,bot_purchase
08abaf22-2c98-4cbb-8cfe-98d00ff5091c,24b034b3-f171-4ce0-a865-6ddbc0d74cb7,true,none
5d6a760e-126b-4590-bd36-d09af39a03ac,18d1ba44-825b-4570-bb88-c1a942444b5c,false,bot_purchase
9d44ba34-8359-405c-a29d-2b047a095573,11d0256a-d44e-46bc-a2b4-a42f69e5e62e,false,none
175c87b1-0bed-4e9d-aeef-72bab4bbc3ef,2a99c61f-66c7-418b-9fb8-659c142309ab,false,coupon_abuse
a9a23790-b2f8-46fe-abcb-cc38ef2ad5aa,0c60917d-1d79-4750-91cc-72be58722d69,true,bot_purchase
fc1305e8-37c3-42f8-a84b-ca9051039fc7,d99cee39-14ea-43a4-b3e6-9c604c8822a8,false,coupon_abuse
f8344769-47cc-45a0-bfc4-f49f1d2e1697,b3152a13-7bfb-4147-871c-cc2ce3daacb1,false,fake_account
6854d13b-d7de-4dba-9daa-fc2d5f277a77,ab84a92f-2e82-42a3-af11-23bad5481e25,false,coupon_abuse
6fe62650-d921-4a1f-a5c1-1c5dc4c77d71,875c45cd-3871-4e3f-8d36-1622074e2ff9,true,none
b96582d0-3d60-4641-925f-0047a81fefa4,c77df811-e32c-4468-9592-116b1f391f7c,false,bot_purchase
e6890d26-5255-481b-a9c8-8765f0d4aaf3,79b66cb4-d1a1-46d7-82bd-6c878be5609a,false,coupon_abuse
6baad1dd-d854-4d05-b36f-b7d56a7645ee,ede55f69-1808-41a7-b1c8-2649400bcd86,true,bot_purchase
e722211d-ece8-4ba6-aefb-987afd6e71c8,6f88c247-d3b8-4dc2-828c-fe241924363c,true,bot_purchase
66065f89-d299-4bcd-b95b-276097cc50ac,279b055b-5fd9-4cbd-8cd1-4c7054b8b953,false,fake_account
88940ee7-0785-4673-b3e5-6cc663af9600,117021e0-820f-4915-bb2b-698ac8eb8a79,false,coupon_abuse
36f3e410-e30f-4934-8c79-5c7b1753c568,6f2abedf-40b0-481c-afe6-01e0e170faa1,false,none
03ff8363-5755-40c8-9810-d9a81686038f,989bc996-da86-4394-9776-9e5ec86074af,true,none
e60b3f5c-18d3-48fb-854f-f53d053be3eb,b624bff2-eec1-4bb1-881a-e671751da111,true,none
b7da8565-716a-4bbc-87cf-58ecee1a5a55,abe35599-2cb2-4fa3-9261-747b02c610cc,true,fake_account
5df6fc4f-585c-418e-9f58-a535c30332b9,ac72e053-6c97-412a-9ebb-c25b1ceceb97,false,fake_account
ec12ca3d-b50d-4556-9033-fa72299fe0a0,ebe0318b-6525-43b4-8920-eecfeb419ca1,true,fake_account
e0e46ed0-50bf-42a6-bfd1-b5c7f7e4e4c0,995494c6-2c4e-4127-bd71-c7f9086d1d10,true,coupon_abuse
0c72ed09-bea9-46f4-9674-a84b446df44a,9ca629f5-fd44-4fb1-ab2e-123f94377021,false,coupon_abuse
7ce7aeac-a4ef-41fc-a881-4394c0b41849,c0a357a0-37aa-44bc-a998-2af49422ba15,false,none
29042f79-4e04-41f1-992f-64cfcd3c9a43,2d3b2443-992d-49ed-926e-399463f09523,false,bot_purchase
ea09bfb3-faef-4764-b46a-c3d4e352f91f,5ad5fba5-ca59-4023-a88c-181b4aa6c974,true,none
2a1dca0d-05e7-4868-8a79-1375fb2c63c6,f1c9024c-fdfd-4a24-b644-e4b28764ed73,false,coupon_abuse
7d52d06a-c536-42e7-9599-dd4a13feac3c,443d5d0e-f571-49fc-a8e4-b0b82649362f,false,bot_purchase
761f33ac-17fd-401a-91e6-c9346e93b71c,a4eeb621-e36c-44c4-8125-084c66cfde2c,false,fake_account
39665f23-1faa-4694-8fda-550c75cce795,21473a86-778b-4a07-8ed5-1f3c70ec8b0a,true,none
4bbe59ce-d69d-4c98-b167-018fb5421410,6c0fd64b-71e9-4377-a613-8a4f2c1db87e,true,coupon_abuse
533e1cf4-016f-4505-bc09-e2b1eb06a181,7778d88f-7b98-4fa2-af2c-918ef670b1ab,true,coupon_abuse
81797462-2c51-4f2c-ab1e-3eeb36fc3bcf,128688b8-8310-4d51-9348-1193e094b82a,true,bot_purchase
ca8999e4-8fa2-4e15-bb15-00ad08659d52,72bced01-6be9-4291-b9a7-66e6585e102e,true,bot_purchase
79174265-53d4-424a-908d-b80c3736058f,4be53128-0b15-4ef0-9fa9-b3de6735010a,true,fake_account
21f53813-4539-4a37-add1-700c1c517cbc,87327b4e-3ac7-40f9-baac-194c807607c6,true,none
24ca8dd9-a52f-41b7-b110-45827f152ef9,47617007-5a52-4ecd-8aca-e7a6ff3724da,true,bot_purchase
13cfdcce-24a9-44e3-bad1-6d91a918d9f1,c0516c20-4e00-4cec-a9d8-5ea614a21d8b,false,fake_account
1e8b5f5a-2e80-4b1e-85a4-b2ba25745f5d,a8976b43-f698-4a69-be9a-fcceb860f792,true,fake_account
3b891b85-481d-4c93-8eda-780e7102669b,bbaf7799-2aab-437c-9dad-73b623c313dd,false,bot_purchase
ef5857c0-b365-461a-bcce-742239000264,2e6405e1-1d81-4bee-b68a-4f0f64c143c5,true,none
4f4ff0a2-35ee-4967-ad8b-88b72688b40a,ccc8280e-ca83-4861-9a92-1b0f38a7bfb1,true,fake_account
b597c443-a297-4d31-8fcb-86f2d1016331,03a816d5-9685-4305-8ce3-5af11cce2442,false,fake_account
3edd5e1d-9f29-46d3-9e18-b43ac27feea9,dcefe6c0-912e-4f36-9c58-081f988e46b4,false,coupon_abuse
2b19b526-905d-4c5c-98f8-3135f66e8724,e6bef378-3c32-44d4-a4ed-3b016c49ae28,true,coupon_abuse
d8811a84-cf13-4401-8fc4-7d5c60ba07c8,42b802a3-31d1-48bd-8309-ed200ad85b96,false,bot_purchase
7265c870-fab8-407c-8ec6-0837e3c11251,7e4403b7-d42b-40af-b7b0-ee7db8cf9d23,true,none
d5bbb1d2-7a14-4dde-a3ff-9d11a56f7223,4a898850-669b-4407-82ea-ae437349c0e7,false,fake_account
ceae68a8-f811-43f3-b44b-317983ef71fc,10376220-02ed-434a-8165-f3092c33c872,false,fake_account
8a908c54-080c-4f3c-a192-fd05e9aca70c,176308b8-bc06-49b4-83a8-e8e3441901f5,false,bot_purchase
902d42b2-7815-4cc0-b643-163e4a84a6a5,5ccedba9-d8ab-419d-b006-3f5f36dc4621,true,none
68385e8f-5208-42eb-be10-df64dd22ebf5,cbcdbeef-4087-4bb0-80fb-506ffc2c99de,true,bot_purchase
f7f45299-b903-414f-9925-821c2182eddc,66e93cc0-1ee0-4535-9091-28fc05cec0f9,true,bot_purchase
6766d951-d151-4947-8a3f-e31c653ecd17,a9a78d4c-d579-4a34-a857-8f0c6083c3c9,false,bot_purchase
f3c7a49d-bf5d-416e-85bc-e254fe4cb01c,52cb9fd6-07be-4bc7-9de8-9eee64696e09,false,bot_purchase
cda1ef06-d6ae-418b-8d65-b0f1f75c3f19,67cce2c4-cb17-4846-bc70-bc214129cae2,true,bot_purchase
686bff63-8cd6-4880-9e05-a8df31f7a2b0,0a9534d3-2234-461f-8640-2c3b76c3cc28,false,coupon_abuse
1d70a615-f09e-487c-b118-41ef7a194522,fb89bc15-7628-47a3-9e7e-1e499d208e37,true,none
6e394fbe-da36-4e32-84cb-51c34a9a27b2,bf501b42-6b88-45b0-ac9e-9b1e22026fb7,true,none
4cae25ea-bf3f-4c64-92c8-40cff00d8fa0,7b769d93-4c08-4b04-ad5e-c3570528fd9b,true,none
5c32c67d-222c-4877-aadd-6aa8d71e1e41,27c886df-ce5d-4252-a94d-e572a50c1ac7,false,bot_purchase
fe95afcf-6481-4be5-8f6b-d50dae315fb6,8de72742-da05-48ae-947d-f6d1962e87c2,false,fake_account
7b906bba-f872-435e-af6f-53b4a0e199d7,26152bd7-9a31-42ea-9679-b3547560c57a,false,fake_account
ba71fad9-f195-4fad-9fd3-3e4777f30665,7f5a5a47-2a30-413f-b1c8-9f8c799c6af5,false,coupon_abuse
20c045a9-8b21-425d-ae74-05214c242b59,2b1a62de-ba9f-49ac-8a2f-fed1af94fcba,true,fake_account
023a7bc9-d234-4a5f-b0e2-98f47b1d4f63,5cd2b45d-102a-435f-b61d-3a5416433ccd,false,none
99055360-386b-4e6c-8500-58fa74341aa4,dfca1df9-1515-436d-879a-7cdbf30475a4,false,fake_account
12ec0872-cdc5-4f4e-9680-e74700c2bcca,cde66e3b-ea32-4dcb-a665-6ecd06a9e2b4,true,fake_account
835e89c8-370b-4240-8143-60265dbbff1f,3317a4ab-a555-47af-a1bf-fccc2f03e71a,false,none
1519d3ec-11ca-4af9-815a-56d0dd819e33,5df10adc-3680-4bb7-b1a9-43f51487b1b7,false,none
eb796afa-356b-4792-a2e8-c04df86e62d1,c2a764eb-88e1-44e9-9216-5a118307373d,false,bot_purchase
0ff65809-018c-41bc-9a1e-eec2c2992190,f02d98c2-e72c-4a4e-9066-d45bb1a33c66,true,none
c72fc898-a483-419d-9f54-9632e13449bc,dac99a1b-ee70-46e5-959f-6785978c9459,true,fake_account
5dd95c16-d1a0-4d93-82bc-801929262b35,e830d99d-885f-46de-b133-98c0b578f87b,true,coupon_abuse
0458963a-c917-4da9-a767-e8adbe16d3dd,d2992772-5d2d-4061-9900-6da8b2691580,true,fake_account
d4d89341-6bb4-4d19-a02f-26578f28e747,fa93a966-eff7-420b-bb24-fe07a5afb26b,false,coupon_abuse
e3277fdb-ed87-445d-a6c9-3213bec1ecc1,99683463-e62f-40ee-a07b-5b29eaf6afbd,false,none
e7bf8014-5990-4250-b800-79ed98e430c4,295b071f-0bc7-4442-8b46-d17119088dd2,false,none
2b79e0ab-c44a-4294-97c9-def1a3c80b4e,5d13178a-e9f5-44ee-951a-acf86c954a0b,true,coupon_abuse
9a28c69c-91f1-4b89-9156-8b516b03a531,06982df8-490c-4e17-b7e9-9ff7542a6f60,true,none
0c3d1c17-03aa-451c-8565-9d6a502e071d,f723eb7c-0e86-4463-aeaa-a7ccbefb4caf,true,coupon_abuse
97185c8f-2c5f-4011-8941-0c7215ec5706,cec3b374-7f0b-478f-b781-8287231ec31c,true,bot_purchase
765992ea-5148-4c44-ba09-5e221ba7bb0b,3f9560c7-6856-48f8-a3c9-4ae5d33269cc,false,fake_account
75d72416-71e9-4f41-b934-d79b5a5c5f68,69ac39c9-56c1-4fc6-bbc0-60d129f38b36,true,bot_purchase
5ab5b495-eb1a-404c-99df-43667c04967e,d536d917-2c17-4606-91d3-b23d3a7c9556,true,bot_purchase
4b8f67b0-c025-4cc5-8f28-bbbc5c4b41a7,530854aa-561d-490c-8300-94865134e860,false,none
975d6aa5-3e7e-4d07-bb0a-d685c2d1de99,735294b2-0bb6-46e9-b061-a014d9e04361,false,none
c374135e-3b4e-4623-b225-55dead374611,25e35dc4-8cfb-4c92-9823-01f33ce582b9,true,bot_purchase
ce593a88-8f89-4d43-bbae-ec771caf4532,5678e63b-ac85-4a78-9040-d96d3c97ea5c,false,coupon_abuse
b14ca0ab-7dbd-42d4-8662-b0dfd0831186,b71c2a55-b41c-4498-b998-e49b8cbeff7f,true,none
d995b649-84e7-44fe-baa1-dab8d518b300,e10e55e4-5993-4fa6-bd97-1ac05041f7ef,true,none
e5745cfc-9973-44d8-9de5-04648f2fd137,fdad4007-84b5-4bbc-83c0-aab1a46ccfd9,true,bot_purchase
61006ec7-3c99-4f4d-a709-cd42ff8ad353,8b4252d0-a82d-4794-93cf-7989ab3c4aeb,true,none
bacfb58c-1390-4265-aadf-3c153c7d7b86,5226b4c4-cb28-4794-993f-2a7cb87cf8ab,true,none
892498a1-df53-4fe4-95cc-0d492029edf9,292a9caa-94e8-4b00-a86c-42385719ec0a,true,coupon_abuse
9ab5f0f7-fb01-4cf4-aff5-437cb00fcab7,d0867349-60b7-4b8c-8b7f-50a43bb146f2,false,coupon_abuse
f66eafcb-7f82-48bf-8ed3-caf8c28bacb8,e5165f58-2b19-4582-8a04-96fe730c8ba5,true,bot_purchase
96bde670-1eb5-4d3c-97c7-b374caa60160,2d0fc216-3be9-488e-8de2-37eecae4d6d4,false,fake_account
33fce388-5613-4e3b-a883-e95df4b2cbff,197eec14-6e1f-4a48-b526-428c09576594,false,fake_account
8c6c2d88-c524-4735-8bc5-0184a520e937,f8c3d235-234f-4d7c-84eb-d93f953bb1ad,false,bot_purchase
53f7b9bc-ab4b-4671-aff9-8e508839c14e,5bbf3891-bcd5-4d0a-95bc-991e54605dac,true,fake_account
02a6b6bf-29b4-4489-b2a0-812a35fc5e0b,88d62344-7c14-4a4e-863a-7f9244213506,true,fake_account
9e204c31-0676-42f6-aaaa-5264178e7f83,cf2180ad-0d26-4a95-ba21-0a930375a5d3,true,coupon_abuse
956c75f7-b1fd-48e3-b14a-976366f92223,93c0e7bb-2401-42ba-a2bf-6f5e0b08fb69,false,coupon_abuse
65389550-ab98-4453-b8bc-89a860c64d40,b2a66008-5872-456b-a3c8-81c9d94c0939,true,none
d3d0f725-d9fc-41e2-8813-46410fbc7a77,d4cf7d61-ec57-4800-bc9a-1d1cd342d81b,true,none
f0f8e0c2-caa3-440b-aad6-7bd0dff5b812,d558625f-45c3-4841-af3d-708dcf8d595b,false,bot_purchase
3d4fbb86-b934-439d-af58-f9407709cc42,3608d114-278d-4ede-b1c8-f6ab3456226d,false,fake_account
887d0e6a-9154-4484-b88c-589e12797aac,b7536c66-e3a2-4fb1-bc8c-ce8e5c51012b,false,fake_account
ec7293ee-4e91-4d13-ba21-4ff6dcdd8e66,291a9cf7-b3ff-43df-bea2-7346774d92b0,true,fake_account
77db1825-7b43-4f6a-a744-2d75411c19cc,3ec7b95f-8093-4039-8b4a-02ee97bafca4,true,fake_account
35d3397a-725d-4414-bf84-e5c49749af6d,934a6385-c337-4bd2-bc6f-24c121a9cdaa,false,bot_purchase
301379cb-db4a-4bf6-882a-94d4223e1930,b2cca564-128f-4d62-ae3e-a4669f456c9d,false,fake_account
41bcf2af-5d03-4a65-9c12-04bd86e1c0f2,779fe337-9f8d-4707-96c9-4cdcdef061db,false,none
133d9f98-99dd-49a6-83b3-7bacb589c9ea,2e3cc446-2543-4982-b49f-24c4012094c5,false,none
6260837e-5155-456a-a54f-75173ed5a93a,d42e8e50-50a3-4b19-96db-b7d92ea8294d,false,bot_purchase
56705b93-ceb7-4e05-b08c-a656dab4defe,7a1ffa8c-d55f-4742-9fb2-f57a744cd7c9,true,bot_purchase
9c41f075-9311-4432-a4ba-f4b054bed7c8,78b11538-eed0-49bb-94d0-4f047383c0f2,true,bot_purchase
57e2b1ef-0c2f-4c1b-8c98-d4409d4bea36,994e3cb3-b71f-4d05-85c8-dd132e6e415e,true,bot_purchase
f9845bd4-522b-45b6-86f2-f8d892fa2138,3ffb1b06-b437-4a55-bb14-5c252414db1a,true,bot_purchase
26a9bf12-4dcf-4eb1-a8d6-977119437c90,8851e4b9-e474-40ae-81a8-4f7bda4c6e7f,false,fake_account
3ca24127-5f6e-4828-b440-9566ae3e9487,36fd6c00-e98a-4783-abfd-8558861e9fba,true,fake_account
6690c29f-cf5d-4b16-a048-8f6db0d2cb3f,617339f5-d7b1-4ef2-83e3-9fef6eb74805,false,none
41373f01-50bb-4f73-9a30-fa96679e9f88,0b630bbf-af66-4352-95c1-9da3ac752f10,false,bot_purchase
05f74fab-95ae-4372-bbf0-adba3dee01d9,fe40b89d-7f73-440a-b4d3-f5ac64d19fae,false,bot_purchase
8a5f2405-dd08-43df-bcce-ac8eae91cbf6,e71ac6d8-cca2-41a3-aff1-90c0812846d7,true,coupon_abuse
62354034-bcc0-426c-8555-a9a3ea841e48,f88e62df-8902-4b60-a11d-8c66d7f2f715,true,none
dcadbb7b-94f5-4c61-ad23-dab7a340ef27,3867e6a6-6ced-4bfa-b530-90f040d48b4f,false,none
ef56392a-45de-4a58-8564-bfb95ebe582a,5a28c961-31ec-42c2-ba57-f6b826f663a4,true,none
e3be7153-6035-4a08-8c83-8226ec8ef794,b5131495-d967-46d1-aa79-04882b8fa235,true,none
f182fc59-6b10-4b93-9dfe-c9b3d89626c1,d80bec76-aef5-417e-aee7-bfec0862df5a,true,none
5027e279-6aaa-4f33-970b-bc5ca48e8e38,812d12ff-2469-478c-9b3f-caba9ebe3be0,false,fake_account
13776abb-1c6f-426e-b003-e3088a3b3704,e65837c4-f6a5-4b2f-b8e0-27db370a3db2,true,bot_purchase
f5450825-1174-4bcf-adcf-1919ace49ad9,853a5fbe-c088-425c-8164-4c5cf16cf751,false,coupon_abuse
7b8caa74-7c49-47d2-8055-ea8ab3b0870a,1f787021-6aed-477e-9c10-077fe685baaf,true,fake_account
4ead7564-305c-4848-8eca-fd6a76e3033b,ec54bbe7-e665-4df5-8903-1168b7111282,false,none
218c39e3-2ec1-40d2-918e-fd3daf996fa3,8b3640a9-5e8b-4abd-869c-9963dc765155,true,fake_account
6e23994d-0d95-45e4-a8ba-d7274aef7c0d,a640fdff-4e89-4cd9-811b-13ac1d5a8029,true,none
e7e7e1cb-fc4b-441e-b60a-40e099074a2b,b07bdb86-9a52-4a5f-89ca-ebedf554efed,true,fake_account
2129ea7c-6cae-450f-8049-53bb2d54e1b4,b580b5c3-54a7-4d0c-980f-2d28fcd64dfb,true,bot_purchase
86c7af03-db0e-4cb1-a253-5c1d606018a2,fae7fd47-d659-4224-996c-7c82354c08b2,true,coupon_abuse
34197439-d739-494f-9e92-f3d3491bc929,494ffa6e-f544-4cf1-b47c-1405d4302b7a,true,coupon_abuse
f1b4eefc-3b56-4ffd-8cba-d413632a2f1e,38ac6408-b403-4ea2-a3f2-ba19d94dd561,false,bot_purchase
9d590676-54be-4e32-bd1d-9663807e0149,1f26352a-a3c9-4d50-b1df-cc90136c240f,false,coupon_abuse
b27a4003-7f43-4df2-b119-2a6d426ce57e,a79e722a-fc2a-446d-95ec-97a8fef2d4f5,true,bot_purchase
fd7f9256-d229-4d20-9898-6f87ecad4d8d,e316401a-349b-4b2a-adda-9ac76348d535,false,none
1b88d2aa-a43f-411d-b808-4d3a6bd005dc,686edf5a-42c7-4eb1-adac-bcda46da55e4,true,coupon_abuse
56bb522a-caee-4d52-8727-b94fdeceade6,b8c28e9a-de7a-4676-92a9-00dbc760291d,true,coupon_abuse
192960fd-3e9e-4e99-bd10-f23425a98126,c56e3b11-e26d-4c4e-8d32-621d068a9ef4,false,bot_purchase
2018137b-6676-4727-8d67-18a25b1789d9,db12bc18-2a83-4ec7-8111-b680638227bf,true,none
7051915d-cb5a-4220-8997-f0ec3a7fd548,ba961ac2-39c5-48b8-a009-288a4a3ba265,true,bot_purchase
02ab1408-5420-4c1e-a910-f04d641ac8d2,2f45d4e1-948c-4dc2-adee-ae7d5949d94e,false,bot_purchase
09a7cbe2-0457-4218-b89f-8064a6f8beb3,8cec2c42-e43c-4f39-9f2c-feb8a36598c4,true,none
a9e409e4-8fc2-48a5-b849-576fb075f767,91e168a2-1be4-452b-b54d-7ed1027a65b5,true,bot_purchase
8e06d608-7772-486d-b43e-c6f35632ee91,ea13aa86-8aa5-4ec8-b244-5bfd24476dcc,true,fake_account
a013a97c-cac5-4069-85cd-f82fe87cc2d8,d2e9a326-aea4-46e4-add3-6adfe6ef2475,false,bot_purchase
73fa5c6e-6c66-4682-a677-98ff912d7e9a,ec190856-cb92-437d-83ca-8ed99bd7f692,false,bot_purchase
f2856f57-74c5-4e32-9704-6d7ccabeaaf8,a6701128-ff58-4e42-836e-59f3b759617e,false,coupon_abuse
ab7d8abb-b547-426e-ac9a-09260368459b,f1b8b5c6-924a-4063-8e5b-7bdc37c4a821,true,coupon_abuse
789d23c2-880d-48e6-aeba-a65c0d122256,47b2bc3e-cc5c-4320-add3-868efea22bff,false,none
06f46cb2-83e6-4aaf-b92c-eea4d3b82b83,fadc2790-4a95-4d0f-affb-5eb55cd38015,false,bot_purchase
20f54fd2-b76e-4fd4-a128-9bd729d2a9da,2a7f1e2c-3f7f-40fb-84e9-8d87dc8c902c,true,none
70dffe9e-5116-4b04-a18b-f57c37df4bed,f92d1e43-f039-4f9c-a4f4-45b6af8c1580,false,fake_account
76b2eb95-c201-4ab5-ba82-a2ed65cd19bb,b859d110-1e69-4c15-8f90-ccf932e7ef04,false,fake_account
92d79e7b-08dc-4332-8fa8-0ad80998a433,06fb8914-9fa0-4849-badf-fde76ceb0f63,false,coupon_abuse
a40ec7e8-9014-40bc-854d-c1105b9e1c06,32ef9058-3b01-42bb-b976-4116bd2c75cc,false,none
dfd89974-cfed-4c83-b576-4daae7af14ef,f9deadb2-b47d-4698-8156-a24c3f483b00,false,bot_purchase
f90a8354-8615-4bb2-b4a1-96ea980bc492,6c9c65b1-cff5-4fef-94f7-6f9e572fe00e,false,none
45f24425-0acd-4b9a-aafc-a726ffe57f0c,96301e7f-3e6d-466e-b594-4e0b68488687,true,coupon_abuse
975d837c-9bf7-48d0-80f6-261b0cc34c1c,a6e92f28-91ce-4fff-aab4-725ca06a6742,true,coupon_abuse
e699b2c2-5000-4ecd-8427-c7de2b942afc,9ccddf4a-c3f8-4ce2-977d-f606574e02c4,false,coupon_abuse
9de39d82-7a47-4ea9-9507-eb7ac2804c16,2460be7e-052a-42b1-9fbf-8e3b63e5a6ea,true,bot_purchase
94315252-9521-414c-9d33-1dfc446349d3,e0863f1e-2a7e-46b6-bb7e-12496d29058c,false,bot_purchase
5ab8dde3-a852-4cd1-a7fe-fd9d87b5b3c9,03d27a25-4d41-4213-91b7-3e8145612426,false,fake_account
7b214d68-87fb-431c-93c7-2a8aeb86b630,1fed0c32-6421-4337-85b1-d9dd46d0d429,false,fake_account
42c83892-0c81-4598-980a-2b99cc40caaa,08dac5d6-290f-46f4-966d-c47e75488f25,false,coupon_abuse
61cdbdd6-072e-481a-9559-f38d8ce76260,4f029996-981c-4d94-9188-c28dfa2cbe9f,true,bot_purchase
e39019cf-9628-49d4-94ec-0f922c30e1fa,64e6f814-bc71-4e4b-aa85-530330427450,false,bot_purchase
61e5713b-5631-4bca-9690-0d83001f586f,e70e28c1-c7d4-404a-a34f-a6590b5a2fe8,false,bot_purchase
b2813d35-1515-4fdd-8ea7-c94ff78a567e,7f7ebc09-161a-434c-a89f-889835e4c447,true,none
df911f9d-905e-4230-99c8-8c9331f71051,8d378423-bc29-44ab-8c83-edae53a052f8,false,fake_account
3a095efb-767e-41d2-874d-ae8d8d8c7260,fc7f3461-d177-410a-8712-b5a92a335151,false,fake_account
9fc06f5b-2dcb-45b6-9e5e-5bf5efb5e303,3a292921-1a8d-4dcc-a2a8-2f9e02e14f16,true,fake_account
8e5bb2e6-226d-4221-9fa0-dc515bb32f36,3ce505e1-bdc2-466f-8517-4f2c6b3b489c,true,fake_account
9eb8472b-ec16-4e34-9814-e39e8a333085,04f2798a-3eb4-4561-9a02-712d87f4606b,false,none
4f2b4078-7eb9-4735-b049-bdfd510b0c4a,070fbaee-18de-424e-8034-981e133c2334,true,none
b9b63177-8414-43e1-abd8-6dedc7de6c25,117021e0-820f-4915-bb2b-698ac8eb8a79,false,coupon_abuse
89f3647b-eeb6-452c-85ac-1a3eedcf4dac,59b3c302-9d2a-47f6-b891-1aad2f419b07,true,coupon_abuse
7d25be0d-f3d3-4f1d-8541-72b8d237fc45,081252e3-d96e-4e99-911f-a9917bd4ee20,true,none
d1f8c4a9-6fd9-4495-ad7f-4323beb8af83,a6a17de0-20f0-4946-bc99-ce8e729aef73,true,bot_purchase
158c0116-836e-4005-9a5e-6307dacf2940,fcd7aa8b-2e2a-49e6-b666-1917e1697559,true,coupon_abuse
0b632d6a-9d52-454d-82b2-cbd8380b197f,639cd2cf-5d88-458b-9e3d-07201c3a4cef,true,bot_purchase
af06969f-c2a7-4d5e-bd7f-7727a13f4292,42c9bf76-56de-4244-bc60-2546d954032b,false,bot_purchase
ab034435-fa85-4b5c-9ccb-8a2e64447616,c216fad5-2576-44ba-b3f6-3448998de5be,false,coupon_abuse
50dab29e-d81f-4298-8c4d-293748a503d1,12b12b7c-0fca-4b41-b925-0e6c1effe67d,false,bot_purchase
4be2cab8-1b4b-4664-8bb6-8bf5d79a4b1b,95d3e235-9d10-4213-aa48-6ce576a3b966,true,bot_purchase
9f56f05c-3f39-4f4a-bea9-1ad744145034,cfc3af81-9e9b-47ef-bb1d-94d0ac92f320,true,none
8254a577-ea57-49af-9d19-61d31f528352,f05ef458-211a-44a1-b78e-ec9f0087dcda,false,none
544d2064-fc87-48a5-bf94-b07a32048451,ded8e6ac-0571-470a-a515-dbc847b4c7b1,true,bot_purchase
5a747149-e299-4450-8b70-f12712bde26d,d3c7c777-87e3-414e-938f-d26c1e5977f2,true,bot_purchase
372fcf0e-2fb8-4616-a49b-e791479c8c5a,fb956bee-9b1b-42d3-a7ec-33897e1ca04d,false,fake_account
4b6a9e22-8493-4bf2-a6f3-501efa25f562,6c2ef0ed-7915-4b59-84db-b8524ef9681b,true,none
44a2775b-0181-45d5-8b92-493adc1584ee,09099ef3-fc13-4f61-8fbc-86ec136631c5,true,bot_purchase
ba3cf8ee-bf33-4a24-8b34-94730a7bff12,253f0a5c-0852-4e4a-94a1-ec4a14fc50d9,false,coupon_abuse
f0bb4284-a33d-4e66-b7c2-c9096cb25a64,8fe3c425-7090-4fee-8e17-107e4dc54fac,false,bot_purchase
94d4f6ca-23ed-486b-a68c-3855cd91d082,37fd07bd-41f8-4de1-bf27-b7edc90017a5,true,fake_account
60ac6b93-2096-44c4-b5f7-2f66a66b6d2b,f6cb7d78-fe8e-46e4-95ba-8ab38e7975f0,false,none
8fb85b5d-55a9-4712-aa93-13f9ca4e8161,3e31826f-f0ee-4c99-83dc-7cd4021f632c,true,none
451c58a7-ae29-4316-aac9-d886298bda69,f2aebb3a-b38b-4730-b2f5-fc0efcae864c,false,none
cf2196b0-74c8-44fd-93c9-9bffd8b4e131,2f01f50e-94f1-4f28-b6dc-24db2621fe68,true,coupon_abuse
fc816d4e-e0fa-40ec-b1c5-5dd0b0f72ba2,37b1039c-892b-4016-94eb-662472dbe2bd,false,coupon_abuse
40b9f335-c57d-4f17-a381-c0c452a8e557,f9951279-fceb-46ba-9047-1fa989986038,true,bot_purchase
4962e8d9-4b81-49f7-8a85-a557eacc2bd3,3b4b75ef-2e9d-43cb-8c3a-55ee8f86d2f3,false,none
b146b884-e785-4cd4-9b1f-209c94e0c147,84bc092d-1f40-4676-82ec-08214dcbafb8,true,none
efb2b897-cfce-4144-9641-105a4199f411,b363e496-8f10-48d0-83d6-3b5b417e1776,true,none
80768fc2-785f-442c-b89e-ab5473ac4934,ec61265c-632a-4872-a805-bb0afcb3fd35,true,none
8a2d2f3e-beb1-446b-b639-c9b862efa9af,fa7b596d-d025-4b2d-afc2-3707cb3ea7e6,false,bot_purchase
b648b09d-f43d-4ebf-82e5-8806ca83f76c,02b1798d-6c18-4b7f-b7a5-87180ac82373,true,none
9b42d395-0636-4e0a-8157-b6d927719ffe,7610a838-ee68-4bf3-a636-1faa9aa6926d,false,bot_purchase
da767398-233c-4a6b-ab87-b17e66dc3e23,3bbf0247-2992-4d78-bfb7-bc58d4b7bf16,false,coupon_abuse
9db22ca3-2306-4a45-88cc-46f4144e376d,5441ac98-1e0a-4127-97a9-9cad6995edca,true,none
390eb242-b277-4bf6-9eeb-7e1bb42eaa2f,a56d0b8d-3d09-41b9-acce-f6defe017405,true,none
74e5236a-a69a-42de-9a82-4f27fe265b5d,2d8d5b02-685c-45b7-b16f-cd99a1725ebc,false,coupon_abuse
f4e5b814-c6d8-4422-b198-95a60904a06c,04f1eba5-9978-4429-afa7-7e405bf3a4d0,true,bot_purchase
c9aadc86-8425-47e8-a6e6-70c0e03b2f8f,04f2798a-3eb4-4561-9a02-712d87f4606b,false,fake_account
09d2a5bb-a982-47f4-88d8-2c7387dc4325,f5bbdbd7-3cba-4101-b404-c3f7846dd7fc,false,coupon_abuse
479a6988-113b-4fcf-9683-365d37cab584,3820a215-8a54-4277-bedc-a030bd992493,true,coupon_abuse
15b5f8af-a089-42b2-9253-e0fd8c4b1a27,5b9eab79-790d-40f1-9824-d9addbfe829c,false,bot_purchase
46783664-782b-4f5b-ae81-315aa19e01a4,aaa5bc85-4b0e-4ca0-80f8-472a80e6f199,false,fake_account
c181e2cb-9202-4566-ba0d-ab45050ff8c3,e93e098e-671c-4972-a9b1-e3cc39ee6fc1,true,bot_purchase
e96bb078-1d41-4d57-8d62-d3044b0109b3,b7a02a63-264a-4a8f-bfaa-8577000bc8cb,true,bot_purchase
2df8be11-9dfc-4dd6-9af8-fddd253785f0,ce96d55d-383a-4ba9-a579-7584bde8469e,true,bot_purchase
b29e6107-d4bc-4776-b5fc-2e82498c61dc,bf08c493-185c-407b-bda4-1f39e9df613a,false,none
ff83795a-e3d7-4d22-8486-b5cb3c565a47,2f516416-769f-43a4-b12f-9c2f766bd394,true,bot_purchase
07884422-99f4-4918-9f11-f8bc364cc8b2,6623150e-1b6a-4e26-a767-57f538733078,false,coupon_abuse
091709b0-d94b-4871-9071-51d1a3a844b7,9130ad6a-87be-4096-bd55-58ce3a9ef57d,true,bot_purchase
e01c98c3-ec5b-4a43-af97-7f448cf4426c,19f2f483-25aa-499a-94f4-69584482d162,true,coupon_abuse
c7b3b9d3-23fd-41be-b4c4-80cd8649a3b7,6783291e-f491-4e20-8000-fb4fce01dc92,true,fake_account
21acccee-a7c1-45fb-baa6-32814097df9c,3166b9c7-910e-4dca-866a-eddf4948f2be,false,bot_purchase
69336468-8387-441a-986a-86bdd08274a9,970abd20-216f-4b86-a2de-1cc3b913ad3f,true,none
63a3ede2-2580-44b3-849b-5b1e827d43aa,f79c2f4a-89b9-4a52-9e46-506e90bf6912,false,fake_account
6a9c0e7f-77a1-4ab1-bd04-8e441581d5c9,be485749-7303-4329-b138-44b9d82839b3,true,coupon_abuse
187e5340-b8ae-464d-ae60-b0ce323bbba0,a86c62c9-a98d-43d8-9892-7f077f91b277,true,coupon_abuse
1d01eff7-6434-453d-8d17-ad720f55f915,fff9b2eb-e2ef-49af-9111-785c44cf6fd9,true,fake_account
55e70884-4339-400f-a891-ca1f47c87261,4970f0e5-7c8b-49b1-a2f7-8a99728ee29f,false,none
672b5d6b-a2d6-4d66-beba-82617f21eb59,0f56acf0-4aa4-4bb9-bfaa-1be935f9f290,false,bot_purchase
4a4c1005-f42d-405a-abac-48a2636b2348,602c9611-4c06-49cf-ae42-e045f55ffbbb,false,none
3bfbe4fd-b2a5-41ad-b349-d1cb253ef91d,3ef69981-caaa-4c73-8c11-3cae3ed09699,false,fake_account
13118c79-1415-4439-9d55-4f1bb0d3407f,bf288d8e-3a07-43a0-adc0-f5c5f25e810e,false,fake_account
d914e9b7-ab34-4e69-b6da-6bb7c605ab81,20dcf29b-0ad0-4660-b124-a2932a9fb3a2,true,none
f0933ff4-2a29-4348-8adf-2a8f4cd51b67,c9d56bff-a0dd-4091-b3a2-b775fa14f602,false,bot_purchase
e2e3c5ed-7933-458a-99a4-bd0b7825f46e,2adf598f-b24f-4a32-85c7-e0d07fe2dbb8,true,bot_purchase
5928cf86-297a-4847-bce7-959f1a5578a4,9ec08fb8-230e-4078-991c-85ce6b9c5ad8,false,bot_purchase
a0255afd-cf50-4957-bfea-17af12843dd2,46054cde-f55a-4f4c-87b4-48b3d0d2965d,false,fake_account
d84f37c7-3144-48e2-8edc-64d3c8c06c88,6f50a005-cf35-4638-9b3e-89c1312c0f82,true,coupon_abuse
6c9d2727-cbb0-4b17-85bc-25158f06125d,be3e5b17-98a5-43c3-ada2-21e918d0167a,false,bot_purchase
0ed7e487-cac2-4853-928d-743d43324e47,65093d7a-208a-4c6c-a677-1ad948667f69,false,coupon_abuse
dcb21f2b-9356-4327-8f2b-482f5f4d209b,6644c75e-c2d5-432a-8d01-9911430ac541,true,coupon_abuse
6fff8260-d09c-4278-a786-6bcde2b4edd6,ae44a618-21a5-4635-b47c-9094b0549661,false,bot_purchase
2b3a3687-00aa-492b-bf01-cbeedafaea47,63800921-732f-407f-9fbb-ac9b985f5263,true,bot_purchase
0fcbbe0c-1403-4d1f-956e-9709f60756c3,be725b99-6a38-44bd-83ed-342488bdac54,true,bot_purchase
a0acec29-4736-450e-bb37-bcf822358420,cbcdbeef-4087-4bb0-80fb-506ffc2c99de,false,fake_account
93bc2313-5169-442c-9660-e0d4abe3a720,875a0f80-d0de-404e-9792-c7a748c95a77,false,fake_account
46a53371-3fdf-4700-8660-fadf2ed2a3fd,fd1581a6-9183-49f1-b4f6-d559c2af3879,true,fake_account
c16d9caf-5072-457d-b3a3-fc77c8164f27,25f8b630-ac20-49df-b474-cdf88aca06f1,true,bot_purchase
341389c1-42c6-4d98-8cba-67805037a3c0,862e85ff-0786-4c44-bafe-d7de558abab9,false,bot_purchase
039505b7-e828-4928-98ba-12950666e581,8948aaa0-6ea2-414e-8eea-7db114ded6b5,true,none
9d4899c3-351d-426e-8f39-76f95eb44f24,e5d68ef8-5909-45b9-adae-712498432b5c,false,bot_purchase
b7d56f8d-8682-4edc-9b50-e5f1e7a46368,5bb5bccb-7ce5-4caa-8e4a-459bd1a7c3de,false,fake_account
7e8df40a-3e98-4b20-8fc5-b92c0dbdb6eb,84dbe705-0994-4b8a-9831-86714ea071a7,false,none
06bb4487-0024-4f26-bc3f-482de88e0f00,ee0814b6-656b-44c7-93de-6c7269c56bc5,true,bot_purchase
f37d8e2a-576a-4631-aa1e-a7c98443a50d,f38d4d29-d951-4080-b93d-4e0ba5f7c421,true,coupon_abuse
586724dd-59a8-457b-8ffe-a376b9907d51,1d248933-2cf7-45cb-9f6c-a7335d90a562,true,bot_purchase
9ed850c1-173b-48a0-9b86-c456fb288671,305730c4-195d-49e2-8a8d-fd01a7e3233a,false,fake_account
a28d4379-86d8-4622-9519-f8aa37c30873,2184d3b3-119b-4859-98ea-b84a2a8ea346,false,none
3cc1a973-33ee-4a94-a8ff-0cfed971aaef,38eca42c-b85a-448d-abde-f7272ded24b5,true,fake_account
0f3f9538-382f-472c-bc76-5c33d9e6e389,5d98db08-393b-4959-9ca0-056085192fb0,false,fake_account
64f11db4-df46-4bac-b47a-3d4744d7d12e,18e7fd00-28d7-48ff-8434-d6deb4108792,true,none
73eefa0b-eac0-4b6d-b255-73c13b76a832,c5bcffe6-36e4-4b15-9c50-9c312498778c,true,none
a42ff265-2915-4d61-9305-a9667724056e,21cdbe47-bdd9-4615-88eb-6e2c9a3d25d9,true,coupon_abuse
43c57e59-3b33-4c60-8bc4-10e3cc15e8bf,6e6a53d3-4b9c-45fc-9cc2-970d93189b36,false,bot_purchase
2fc2f826-9fa6-458a-9b9c-ebc724995d3c,880164f1-757f-4ceb-93de-b26bae808d08,true,bot_purchase
e8017739-d7cb-4da9-9dee-40878b9c80b7,81553f41-47a7-4c61-89e6-6388d278646e,true,fake_account
a643c417-b2e4-41c0-a59f-f4e5918dee60,0660019f-ae20-4b02-8323-701ab7cfed24,false,coupon_abuse
1de84838-4b9d-484d-bae7-c493cfa82223,1bdae115-d5ea-4dd8-a17f-518c33d2ca97,false,coupon_abuse
bac02192-07e0-4c8d-90d6-9df2f07722b3,48af61bf-dc71-4076-b4af-68c19df5f737,false,bot_purchase
924ab1bb-5d8d-43a8-aa8d-b6cea11605f3,041d0b55-21e3-480d-9b89-e16ff83ba301,true,bot_purchase
0f6fd15b-4465-42f6-b81d-535a100b91bc,dda1b982-7c80-4dce-b6b7-50e139ca5a46,false,bot_purchase
cb481a6e-3e68-4d03-bc37-c20b3c22585e,b1178713-7f9a-49fa-8a5f-ea83640a2636,true,bot_purchase
ff9e4ca0-e5c7-45d0-a473-e234e4321702,c5f06cca-f5e2-4e1e-9171-92f5aa6bb1bc,true,fake_account
fd132c75-8370-46c3-9afa-a635c0cd0df9,e2ea3208-e3f3-4c0d-94f4-a5be82f71568,false,coupon_abuse
c9305bcf-9811-443c-8a21-bdc313e7cda0,ea9de3fd-9be3-41d8-ae3f-4d52eb4f91aa,false,fake_account
be87be90-6133-44bb-93a1-5365e08fa81b,bc47abc7-7930-40fa-91f7-e8ebcae83d93,true,none
c147a714-fadb-44c8-8d05-e98b8ab0b65e,74b409b9-4441-4e85-a7e6-3893b36a9097,false,bot_purchase
9090902f-86e5-4216-b0be-2b770edc1139,2cb400f7-bcb0-460f-882a-ad97ad5f5af0,false,coupon_abuse
8fc83c5a-112b-498b-88a4-53d51f08d65a,32e983a0-6bb2-41a7-80c1-95c81afcb378,false,coupon_abuse
c649b564-2e03-4286-b83f-d89267aa95a0,a2cfa5eb-a2be-410e-bb21-dbe2d8ea41ad,true,coupon_abuse
5e1a8651-3c04-48ca-8198-842cb6f9bed3,c9b17adf-46ed-4a3b-b0f9-ec997eb271fd,true,fake_account
949abd07-a832-490e-a3a5-e64e192d7f86,6b18cde0-e404-4181-bc9a-32f619941887,false,fake_account
6186ef04-c4ff-4204-9296-bc2d3d495e69,a0a8cc41-ced4-4edb-858e-25eed32b9f83,true,none
d37a009b-8f4a-4bad-ae78-7611be8027a4,c8e19ccc-e54e-45f4-a079-525875ab0944,true,fake_account
26d4c780-675a-460b-99d8-f8b0e6cee2eb,4c5e770c-05f0-426c-84c1-161c0d211f8e,false,coupon_abuse
d002948c-ca29-4d3f-bf97-bb4354eef5ec,47486748-3328-45aa-9623-3194d6a2c22c,false,coupon_abuse
acf0a9d2-6953-469b-880d-6710420c5030,3657dfcc-6c26-4727-a28d-c698f26ef12c,true,coupon_abuse
dc8a6d3b-a83a-468c-ac4c-b1bbe64c4d49,ae4eb1c6-3ccd-470b-a2e4-515f80ea45dc,true,coupon_abuse
0811faa5-8d10-410a-b7c1-c48d8703b97d,2b0ef9db-c1db-4651-9016-6d5021406a10,false,coupon_abuse
9df9487b-6161-46b0-b55a-fc3bf3e052f5,42401e2f-da19-40fa-b8ff-44258b445db2,false,none
f217be0c-6138-4124-9112-51935b240faf,6a81e270-cec9-4b30-9e0a-82d71d577e4f,true,fake_account
995b68db-5bfb-4f27-905d-b9fca4bae4b7,8a98ac20-5f90-4779-b71f-7a89c8d58acb,false,coupon_abuse
df832aad-3959-4245-88f3-8724ef21ea3d,3e988390-f4b7-4f00-becd-cdea927a3645,false,bot_purchase
48aef76b-36e5-4635-b57f-7e3e9c6865ea,2b0694b6-3c2e-49db-b5a9-e150135c8ad1,true,bot_purchase
3767bd39-7da3-4529-a570-efe49a2c4a37,414b8924-6d4b-4260-bf17-f85a63e895e5,true,coupon_abuse
73669956-5fbb-4804-830f-c57139b718d4,5ad32581-68c6-4e66-b6c1-6c75b6843899,false,none
198f9e62-25f6-4078-ab49-8aaedfb74179,902481a7-898c-4da0-b467-b1634d008cdd,false,coupon_abuse
0c8d61ba-2d34-4fa9-8d34-fc5b4a7be996,185f2dc4-41f1-49d7-b164-eea01b0dd09a,false,none
261f65b3-5640-42a9-8cab-97cbc2f990f2,6c981000-78a1-40c1-a794-5161f9e951de,false,coupon_abuse
427406de-5ef1-4baf-b7e4-c0bc5dd1ed0c,9c3b8b32-985e-4cfc-94e7-4a4ac724f352,false,bot_purchase
d549c6e1-b153-4f03-83c8-51b3e5074958,ad08eced-df40-43a4-bea3-dbfad91f2618,true,coupon_abuse
ef42c991-e49e-4a56-a43f-a6caddd86d82,e1f0980b-4aa1-4843-8168-5e1b043e0391,false,coupon_abuse
be476593-e0a1-4909-9f1a-6090278f18e9,d5d6450d-a674-4d7d-adbe-5c2de94afbe1,false,none
1682a171-bc4e-4ad3-b00e-7b9feb489462,bd3c7a66-d125-4ed3-aa6e-5cf17d9b3976,false,bot_purchase
06373f0a-4bc2-47e2-8471-b7b8ba867f59,586b2c8b-fafa-4868-9566-9f87912c3d80,false,none
635d0883-38fd-4975-af87-2be8ff266904,3e38e2d6-707a-479f-8f76-91533a23a879,false,bot_purchase
de343b21-030d-435c-b4b2-6a010fc5390e,acf3cc54-f52d-454d-9487-20da60178b02,false,coupon_abuse
7a1571b7-2f3e-4815-a8e7-dee6e02a4a52,726c99fd-3a52-4bb4-bd70-b58e1d1739b4,false,bot_purchase
8e3f1fe6-ed07-461c-af92-d4854a02f26e,5446d150-d5a6-4ce8-b161-ea9c0b922d13,true,fake_account
daf83168-44ea-49f8-a666-4bd9f17e5caa,359fa907-8cfd-4a06-b91b-d5917ba1107d,false,coupon_abuse
e793f209-67c0-4ffa-b0e3-60c26f7d0a31,c7cafca7-45da-475b-88f9-116e29f202bf,false,coupon_abuse
ee62e307-33af-4c8b-adc8-43c1fd3fa0e2,9bb8170b-1bbe-41d9-812e-650df088a42a,false,coupon_abuse
d19048d5-16df-48ba-9b33-0f71ee1f913c,8fb07114-3c98-4628-9158-0837b18fb83d,false,bot_purchase
7ba2d56a-7a79-4420-8ca2-5c9a8d9d355b,8ece123f-e71b-45f5-9077-e552bb2c712f,false,fake_account
1e0646a0-6328-483c-8aeb-2016cc59b7d6,5c1f2138-dfda-4d18-89fd-2d89e3392e36,true,none
a2bc5c31-0717-4699-8af0-5ecd8c2d26e1,89d9c99c-06e9-4900-ab23-6e6daad591a4,true,bot_purchase
6723fc1e-76bd-4e05-8611-51bdb321dbac,391d65ef-06c1-499b-9cee-cd912633a8a7,false,bot_purchase
d6d195ea-1a2d-404b-9f34-41c5692f31c1,57f6aa4b-5230-4d4e-a5e9-445320f44830,true,bot_purchase
db5670ed-61d4-4c9d-acb8-da053a1b60cc,be1afe6b-9540-4444-adf2-cc79a8e41fa8,false,fake_account
7f051b4b-c155-44b8-bbee-f32898cc16d3,c4276161-c3b3-48dc-8d06-65b8cfff4b75,true,none
57b08f13-1f1f-4622-9fe4-ce70d53abbfa,542017cc-5d99-416b-99ca-829fa8272f8a,true,none
82420854-9755-4570-b2bd-d8760fcc5698,b0baaa39-0858-483f-b2a8-dad920dde453,false,none
f1fc6637-bbba-4b29-9d2b-a6bcb8e091d9,96409ba0-a63c-4075-afd0-038a80fb7cdf,true,coupon_abuse
2f105ae4-5a8b-411e-8d0c-09993e5ed47c,4e62ea32-d891-40d5-8b50-5d5a4de84283,true,bot_purchase
abe1f29c-1615-4113-b6fb-de1f9cb70bef,10bfb2dc-c700-4241-90ee-8d98ba3b090f,false,coupon_abuse
2bdf2a72-d3d5-4bf6-85f5-65c6bd861ac1,1486a6dc-7b3d-429e-bc75-9c843d5ff1df,false,bot_purchase
a6c71878-9d8a-45fe-8b61-43d6af5484f3,00561606-c811-4d3c-a345-33ae15179288,false,fake_account
643116aa-b326-4ec8-9f64-77e5b0cc548a,b0cd5aa6-d3d4-42ce-8eb9-9dec7f56c772,false,fake_account
ac7b224e-c2c6-4e88-ad65-e37ad2e4ceb6,dcbfd89b-05ec-49cd-9562-eb49ab0d32cd,true,bot_purchase
c7830d37-d183-4193-89ea-984077f3a76d,66e93cc0-1ee0-4535-9091-28fc05cec0f9,false,none
064f8495-365d-4b7c-8b55-9265abda1745,bd721d4d-95f0-4a57-abe8-63918e1aa925,false,fake_account
0b98763d-ab54-4792-b64d-41e5e649766f,367a2a73-ae4a-47f0-8a55-b9ffb8d22df6,false,coupon_abuse
73aa1958-39ab-498d-bc33-33afa18be5a2,6b0b383a-bb0e-4102-9ac9-26f038a79350,true,bot_purchase
70ef97b6-dcf7-4efc-94bf-1f7fb99eb370,b859d110-1e69-4c15-8f90-ccf932e7ef04,false,none
38227119-1e29-4bcb-a598-60163a3e9d8f,81d769cb-35bf-423e-b001-96e4bf877c12,true,none
3b9c15dc-edf2-43a9-981f-62b4c4f4db4c,41841e87-191c-436e-aabe-dfb6dbca5b35,false,bot_purchase
c757b86f-1151-4a8e-86f3-8424c47b4499,a7dbc834-88a3-48c1-a3f6-73aa923ba04f,false,coupon_abuse
56876fbb-bdc3-4227-8a59-1e9042486877,3a58f02e-e7b8-4fdf-8bf5-4e5942dc9bba,true,bot_purchase
d810a303-2d38-4e7b-9f94-bd81d6c60a34,73e95624-c93f-4e4a-ada3-4b7728289d13,true,fake_account
0ee40ee2-4739-456b-a537-7092cc3d4d6d,8848c718-ee49-45a1-99e0-494128fd1c2c,true,fake_account
599085bf-6437-4e7c-8f55-be49c826ee11,f7b74284-6836-4dbf-9ef4-89f167fd2215,false,bot_purchase
118b39a4-3fd3-43e7-a587-f8fb713e128b,0d046bf6-be89-4fbb-9c49-c68281b54e59,true,fake_account
054cd214-3fa7-4adf-8956-37e142a79cbe,f6624bcf-c1c3-44fe-9696-a93f4b38981f,true,coupon_abuse
bb6d23e3-adc3-4cf1-91f2-0bc5b554312f,60e225c5-879c-4614-930c-d6f60f954dc1,true,bot_purchase
358dc0c0-3a79-4780-9b96-3419faa8f7b3,ad7978c9-f373-48d8-944b-e2c561cc784b,false,coupon_abuse
c7f844a2-66a3-4715-ac62-d81273d1b36f,923063cb-b2f2-42f6-b53c-3fcbbc2abf21,false,fake_account
4bcb2c79-7885-42f9-aebf-5494499a1c00,101128bd-d1f4-4855-ac39-4502913cca9e,false,fake_account
738b8950-9754-4c56-94a0-8b053fdc82e6,a6701128-ff58-4e42-836e-59f3b759617e,true,none
1b8864bc-c845-4bc4-962c-57b4b80d7ad4,2a4c52f0-353f-465a-82a1-3419cfc4a6d6,true,bot_purchase
fa9edafd-b59a-47d8-8378-ce29cba5326d,5d1309f7-ca27-4b5f-862f-fcd512340ce1,true,coupon_abuse
3ac14e84-a5ba-4034-b526-8de8da07820a,66277202-631a-4577-bf05-c751c7aa2769,true,bot_purchase
4024aeb3-9e51-46f2-96df-37664ea98a94,4b968e71-cdad-4b4c-ab95-3603cb5db9c6,true,fake_account
8cd2154e-1d97-4b31-875d-8d9571b6ce46,4cbfe291-fc3b-4639-9e8a-d6abbe907671,true,none
dc182474-748e-49d0-b780-7494ab0fd966,dceeec06-163b-4d43-aee2-b23b52e4f94c,false,none
f790811e-9e74-4b9f-b1af-881ef3ad526c,381625f9-ef31-4d9a-8f29-e76e6c6f0d87,true,fake_account
1a38dff9-fc2c-4b91-aa2e-c1d96b40bba4,441be273-8c14-426b-b0e1-c5fd96aeafe1,false,none
4371c998-f5c2-4baf-9a74-40502b3f5f7a,fe454b24-f59e-4074-9e6e-2fc02b35b508,true,bot_purchase
9801dc99-0d27-4627-b8db-541ddc9223d9,cf7520e2-eb33-45d9-83ef-ce4753f11570,false,bot_purchase
b880d7d7-850f-4c19-92a2-3ab1fc1c06fd,5d3ac4ce-8f14-4c66-a040-4b978f79d307,false,none
5bcb8333-1acc-4cdb-af30-ae9fb3d1a68d,f52291fc-40fd-437e-92b7-89b1d3d55d52,true,bot_purchase
6156f8ce-f7d3-4855-a7a3-2ecd3fef9ccc,ad40e0f8-6d9d-4515-afd1-3c1d618e035c,false,none
23a9917b-28ff-4e84-a53c-dff0afc8f95d,a380b35d-f33f-4999-8309-0f3228f7d60c,false,coupon_abuse
99e3c22b-9f4b-4303-a687-ef633365172e,64ec1da1-9486-4694-9002-3fe67abc1506,false,fake_account
ed308b0b-4e63-4901-859d-a041af34ec8b,50573a0b-2767-4733-b908-decb61f37867,true,bot_purchase
efef42c5-c14d-4444-b4d7-a12a7b8bbc20,90ef7aaf-1602-449e-89a3-4b342449c8ae,true,none
d603ee0a-e5b1-44e2-8540-342e60671147,702a40ca-e632-46d9-83b4-d68fa9ec95c8,false,none
0278f1c5-8663-4879-a0be-528245796fec,1013f0fb-bbfb-45df-952c-d9ffcf75c4ed,true,none
a4bddcd8-808f-4085-98e3-dcbc925d3295,c4127cae-259a-4700-8c3e-26518e2c96fb,true,bot_purchase
0a22895c-9b01-46c7-b716-d127c2013ec9,bbc02201-d633-4830-90df-a5bef23d3fb8,false,none
b67fb6ba-6e9b-49ad-ac3d-58e4507ff841,2d6ce988-1b91-4dad-a6ce-6a3ead958d0b,false,bot_purchase
a8cbf908-195a-43e4-8dd5-392e9634347f,42a277e8-0360-4fc7-928c-0e86e6eef030,false,bot_purchase
29b4143e-702c-41f7-9932-fc5f65032d70,3a07d3ad-cf63-47e3-97bb-c01b4281d32c,true,fake_account
746777e2-b867-4784-a6da-5f2032bffb80,8e565ac7-d0a4-4440-b6ba-2d3b02faea1a,false,fake_account
902eeb56-17ae-4a13-a168-62c9c9cc859a,fa93880d-e9d0-4907-ae27-55dfd60fbeba,false,coupon_abuse
49e8a87d-e03f-4b97-bec6-35b229c45028,98e9df92-e8c7-46d6-8cf0-235799d52e14,true,coupon_abuse
462046b6-e81e-4110-986a-8cd7e95b60a8,40586f2b-dee1-4c96-9929-313825c30af4,false,bot_purchase
99596da6-18be-4509-87cf-d55db6e448f3,171cd63f-01c2-401d-a1ca-ff3463f2aacd,true,bot_purchase
37df3936-2b7f-4dfb-8d6c-cfbe8910000b,d5a8e93f-623a-446e-9ef5-7a342259abef,true,bot_purchase
43b3f7d7-b29e-4f65-a435-bd946a44eb0c,d902fc9f-c6a5-4661-92bd-335c1a9344e2,true,none
aff1893a-f439-4eac-a728-e5ec04c5343a,65f2fd0e-ac82-4661-a0b5-cba560ee61bc,true,fake_account
e9a21394-6eb6-4318-9298-0cc9e981154c,826a89c4-1093-42c3-9bc0-de2e309b41da,true,fake_account
c187609b-a7c2-4d46-b18f-2b6815a5c113,da53afbc-726b-4b7f-b89e-4ecc3fd918e5,false,coupon_abuse
d5af1e08-484f-49f9-b4ef-342b1eb0694d,38d09fa7-828e-4350-aa2d-4b034253b5d1,false,fake_account
1f3d3494-d656-4c64-b3ac-9a8c6404325a,67f408c7-2ed2-4a2e-a85b-04d5b671fb9d,true,bot_purchase
4e38bf6c-9acd-4a76-9b8c-a076a421043a,bd1f75b6-0842-4ed1-b714-2d733cfb6106,false,fake_account
0cd777ff-e5af-40b5-8152-faad7d10779b,b3a9c5ee-aab0-4e4f-8026-37c56b62541b,true,coupon_abuse
dd407729-ebf4-4aa9-9cf0-cb4849907f88,b6479205-a705-4353-bf1b-53904fb5aacb,true,coupon_abuse
808b53fd-7d98-461d-aace-a2029636372e,f2491e58-1a92-4478-aef1-11929ef82194,true,bot_purchase
05b8396e-e945-497f-8e64-0e51f65aa26d,2d4b39c6-c66c-4c37-9370-1dee3143c0a2,true,bot_purchase
dc1dacb8-97e4-4c7f-9ab4-77fb4f834d25,2b432bf7-a8ef-4963-86b6-242bb81f99d3,false,bot_purchase
757907a3-3369-4f63-9be2-8a8946836f6c,ede6baf7-cc0c-4d07-bf9a-5add35c107e8,true,fake_account
7eb5725f-9ed0-40e3-a818-852479a40268,ea23a091-5d4b-4b07-b4fb-05037ad67d7a,false,bot_purchase
95f7ea02-0406-4c9e-8fde-a1aa27572748,ef07556d-4a10-4619-bf7e-02bd80346d34,false,fake_account
e528c0e7-9454-437e-94cd-4b9a737b8cde,4f234e0f-3446-4e24-9e7d-7a587ebee718,true,none
7b211418-60ab-47f7-bb09-9e302109fa53,b2f6e340-f9d7-4da0-bf7a-43c16995731b,true,fake_account
e19f8e95-8d41-495a-b94f-4982a952d138,9db913fb-6a45-47a4-ab31-f3e7a39041bf,true,bot_purchase
a3bc22f1-3095-4219-9919-5a4b59adc28d,f7b74284-6836-4dbf-9ef4-89f167fd2215,false,bot_purchase
30507339-a57e-4599-b2e1-489137ccdcf1,6dbbf928-b68e-4d7c-bfb2-fbbf284ab8c2,true,bot_purchase
6f8cdbc0-9069-4173-a216-c491d09efd27,c18ee65b-df60-48d2-a3f7-995e4120848b,true,none
605a8ff4-1a9f-4448-a742-1bb4016e0384,6e084242-ba48-4a86-b359-83c11780d2c7,true,coupon_abuse
4eecb613-7234-400c-9af2-709311d1be59,5810574d-dc16-4727-b20e-333ff2daf998,false,fake_account
ec1d238d-f826-4c6e-8f2b-4fdfb087d8a5,9a1f2421-7595-48e4-a79c-a887d3757737,true,bot_purchase
0466d732-850c-43ab-912c-c7ad8370215a,6a096083-3493-4574-b491-3eef30ecf2be,false,none
0cd5b32e-c1f0-4fb3-b7c5-bd203a878b2c,b83a7b4d-898c-4cb3-b0c7-c4eec253dd1d,false,coupon_abuse
f87dae56-1d35-4a2c-bd1f-77a760603120,fbab4223-4285-409e-8911-271d51f025a0,true,coupon_abuse
15b136b5-0ef7-4b8d-93d6-da69289140f1,8d53289e-792e-4178-a055-9ab39f3eb80a,true,none
08db6494-9f07-4539-bf5e-b245e406edc5,ee8a5e4d-ed19-4f89-9ae6-82c8e9138200,false,none
f3e33b72-3066-4c9c-91d7-6e7d5fbaa30e,7f2eeddb-d169-40fb-b786-f99196f615b0,false,bot_purchase
6ad06fd5-7125-482d-8c8f-d56917724fa6,308de3c3-eaba-4797-a3cb-27b5dacdc7ba,true,bot_purchase
2b3fcd6c-ed08-47c7-aa53-155e210485e3,256f95bf-8dad-44f7-8433-2d7f2b9ff8a4,true,none
cfdc50ba-1802-4ebd-b362-a478031cdc15,cc461cfd-93ce-430c-82e4-f4bdc34824c8,true,fake_account
24c6e912-073f-4a16-a00a-22d909670d8a,048cb442-73a8-486e-b417-51625936bc9f,false,bot_purchase
d1a6f846-11aa-4e74-bbde-364ed8200864,c91556c8-346c-4a2d-a80a-a9e44dce4154,true,coupon_abuse
b35078b2-dc90-4618-bcc9-c96c8db1c7e9,f4514461-c6f0-44da-a6ec-fc994b6548a6,false,none
2c0f6afe-82df-420e-a713-951b0cedbc90,c521a0e9-8aab-4f60-8459-ef0f8fd4275c,true,none
48029db3-1a05-4799-83b0-cc1ab3475729,d6ae630a-fe7f-4016-9fa5-8b5fc9013ec8,false,fake_account
86d1da79-cac0-473b-9267-bd18db513858,bd730965-fe47-44ad-a122-f704a0c31133,true,fake_account
2dc8172a-8cc9-4aff-8da2-515115670ad7,73e22b26-3c1f-4525-a37b-d25633025fa8,true,none
de18e68d-1743-49b4-9adb-742d8a29b6fb,e8ca9ec6-0281-4e29-8449-7387730d0422,false,fake_account
ea1bc20f-ce7a-49f5-a5a7-4d152a1866fc,4d441c00-ec60-49a3-8a8f-751c849e4ef5,false,bot_purchase
9c9b0bc6-cc3b-492a-8541-5b084dc81b77,f91717aa-1cd0-47d5-aeed-68bab77f43ca,true,none
84b222d5-6e95-4669-b229-ce08d5ba2377,875c45cd-3871-4e3f-8d36-1622074e2ff9,true,fake_account
832e745b-fadb-4479-a014-3574bec806b4,0e8f094c-c791-4197-b69a-1549c087892a,true,coupon_abuse
f3bfa8b1-be47-4a85-883c-694123b46ab2,7b1232a6-b50d-41b3-a938-2ffdd429edfc,false,none
ae2e3cfe-f0ab-46bc-8659-f67aa8d59d0d,5edaae6b-0479-4dd3-a2d1-44731d3776bb,true,bot_purchase
f37b7ec2-fb1f-4fc3-812c-9509dc40da0a,a052bac3-cf53-4d85-a08c-23f3ff447dee,false,fake_account
e58a47a4-bfea-492d-9bd6-da1beacc4d38,8978bc63-e85c-44af-ae8d-dd8b6a7ad03c,true,none
7fe10940-07e2-4128-a8b3-fb3d0a73d5db,32bce5d6-e5a6-46f7-b596-12ce989a9ecd,false,coupon_abuse
5b4cfb5c-b5e5-40bf-8b73-833c809429b5,7410081a-7b24-46d5-ad67-a84842eada0a,true,coupon_abuse
20b54d5f-d5cf-4c6e-87f2-f40efeb715ba,078eaf39-76b4-49f6-918b-b2b60da72e9e,false,coupon_abuse
a871afb9-9a16-4eac-bec2-625d94cdc6da,3e1ab56a-997b-42f9-bf99-cd66940b0173,true,bot_purchase
8a031a3b-1f0b-4aaf-873e-1dc475092c34,32da7cd4-09b9-4f90-acc4-1677782d037b,true,bot_purchase
cb2e4f3a-f630-45ed-aa00-cbdb305f2d92,922b7e81-4c5a-4122-a7a6-166bacd1b67a,true,none
47de7b61-53b2-490a-a724-8feb28688d7d,180b4cc6-ab6c-4f24-9723-0cf404b63774,true,none
c28fb80d-13ae-4c18-9320-84d95b780a69,94600cd3-175b-4328-9943-52e2dbc7da91,true,fake_account
8ace962c-5161-4c65-bb7b-f4f43e7342a3,60610b2d-6c0b-41ee-8a0f-0f029bcaeeac,false,fake_account
b32e2b04-1639-413d-8122-1dca482df04b,f271fdf5-ba99-4836-bac0-3d7fa87938d6,true,coupon_abuse
3851dad1-0de3-4eb1-b833-e3b784ae9882,6583092b-948f-486d-92c1-4ff931da5ca0,false,none
48b8130e-9314-4f50-8aac-5d4d3a51936f,c72f0985-abf9-42bf-8c36-aa29b97717e9,false,fake_account
3c799f7b-373d-40f8-b30a-30324ed20388,df6ff19a-6032-4ba8-b9aa-ba40e280632d,true,bot_purchase
a0b63b5d-eeb2-448e-80a6-3f43b6efe23d,ee054d50-4bd3-4ffd-8130-7b3724a4da54,true,bot_purchase
4377365d-162e-4a61-9405-9ea56a234a66,6c981000-78a1-40c1-a794-5161f9e951de,true,coupon_abuse
9ee4f130-bf21-49c2-b379-5707bded111d,42b2e8ef-3da6-4e3e-806e-e95dd0e0617f,false,coupon_abuse
bf78cb17-3503-4ff4-b8f5-c6c78a85fef6,c7ba67d9-9821-4df3-a1af-9e938ef365ee,false,fake_account
3fa828c6-3467-481b-aaa8-ca09c52ea02e,39454635-367d-4e41-8bcf-ec111ba8e6d0,true,fake_account
db5f2668-b3ec-4b9e-a263-50babbc8adba,c4c69074-c8ce-456c-8614-8748c9602cea,false,coupon_abuse
01739bf6-6d38-4b7b-8c10-360730902c56,70c968b0-ce8e-47cb-a61f-a0c93bb222e4,false,bot_purchase
5b79169f-5dc9-4a56-951c-db0bc571fd99,0d8f1577-3e43-455b-a3da-e3d820784012,false,none
c330ed1e-e74b-4418-87b8-b917b6554eb0,f5be0ce3-3800-438e-9e97-02bd8c6985e2,true,coupon_abuse
092c480d-7e65-4276-8752-75cadc590d47,75b61077-5b42-4d5b-89a6-62e46a582e65,true,coupon_abuse
0514eff2-4404-4744-af05-c807d727a4ff,92902a15-ce5f-45a2-bd55-4eb6316fdf22,true,none
3a85cf6d-2b0d-4bfc-b78e-cad40ca9445e,ba932d97-3a3c-4a47-bd32-88a872ae0559,true,coupon_abuse
f6790145-93b1-4569-847c-5b386575aa58,57cd46c6-6b55-49b5-ac73-75fdc65b55b2,true,coupon_abuse
5fb610f8-f46c-4e77-932b-d861dbcbc907,24a1a311-08ec-49c9-a1b3-96bd61b8df3c,false,none
36668ba3-cf37-4631-8dd4-e0628bd7dd4c,5044cce8-a380-4224-9b6a-1cb5d1e98cfa,true,coupon_abuse
a7025326-021e-473c-805e-b2ea2abcbea6,f3693aa0-8e56-4eed-8582-77ea6daeec5c,true,bot_purchase
50550321-83d0-4c46-bae5-fdc162209f1b,c4ab6c38-177f-4861-baef-cb2a6a960c49,true,fake_account
4cd421dd-47cd-4da6-af2b-c2eb8e101b53,00f6f60f-6cb6-4c2e-86f3-6bb7900b5d7e,false,fake_account
090946c5-13cb-45ed-ab3f-8b54c81b77da,175d5654-1624-425d-92b8-3e82e0509a75,false,none
6b83ec00-8c6b-4d29-b804-3a7b395e3754,1fb83fbf-bc3b-4e6b-9747-4c4c9ee3b636,true,none
0670d173-a1d1-409d-bcb3-87c37acbda1f,52b0fa0f-5c8c-4f2a-8e28-1705a56fe239,true,bot_purchase
1b2e0478-e542-426b-a6aa-aae137c756b0,f5d62a44-bc74-4366-938f-86ffa29912a8,false,none
b24b03dc-42f4-49a3-848c-631abf4cb6ac,b1f8e935-04ce-4294-91f1-a3616c23595d,true,coupon_abuse
1f81eb20-02dd-445c-957e-6691e92a151a,4d36753d-61ef-47ca-9721-97ac3e89295b,false,none
86206bdd-f420-4ea7-94ef-f2e31786bd27,b7b63270-5a7e-44f5-b2f8-a0bb8024291f,true,fake_account
27361ab7-5179-461d-85ff-5f7495ee8644,9ee08524-8c65-4112-9534-9fe815533418,false,coupon_abuse
a28a05d1-e508-4d3b-84fd-e97ee8d7d985,858308f8-3a2c-448b-a567-ada4858c28e3,true,bot_purchase
de464282-3b8b-4dda-9a2c-95c0728ca9ce,76b0c1b2-7f21-40bb-8b1f-3f76f249e41c,false,bot_purchase
8bd40460-9df4-4425-9e67-55700896194a,bb46fd45-96ff-4718-a80e-1b8173439167,true,bot_purchase
287bd53b-f631-406c-9afe-91c890a8ff46,20c126aa-21e9-457d-995f-c48d068d6521,true,coupon_abuse
bc99a33a-353a-447b-8db8-d54a766c8f55,47311d98-af9b-4609-9537-58b9f792b099,false,coupon_abuse
af56969d-03ad-4c76-b4c9-fea300280f1f,ff851e6f-f120-4dd0-9cbd-a96e31093145,false,bot_purchase
0f969fed-f6ce-4da0-a3c8-cb0f3481134d,a21e7fcb-a9b6-44b3-8b98-38297d1dfcd4,true,bot_purchase
6b677b53-ce86-403f-8200-e722ba2cfc23,8b9ada88-aa56-4b15-b937-4ef3b31252aa,true,none
eba23818-46bd-489c-ab4a-827fef8bc1d4,5a36fdf6-c6a4-47b8-a9e0-a950c688146d,true,coupon_abuse
3045d723-3062-4311-bc69-252e7062d08b,33ba7c93-0d9f-41de-b543-52b986d5ebe2,true,bot_purchase
549e77c0-af18-4b5b-8608-f7d92b010532,7d3a7df1-b474-4ef0-8652-7edbf6c44efd,true,bot_purchase
0c9cff2e-c865-4186-9ad5-bb7d6e885d9c,4b2e9b75-08cf-403d-8872-3feec85fa74a,false,bot_purchase
528ee331-0830-41a7-bab6-46cc88e01eb0,47ce8288-b01b-4dae-98ed-bac34b85247a,true,bot_purchase
13a54efb-fa25-47d1-8402-c48e55e921ef,3d9791c5-dc66-4719-9cf3-438c486dd6fa,true,coupon_abuse
5aab4da6-fee2-4f90-9ace-8486128e75eb,e2fadde1-a6e7-4fc1-ab2c-24ce6007336a,false,fake_account
6e8c152e-92f9-47d7-933f-9adbc9939c12,61a1ba5e-bbfb-4926-9a47-c8dd0c1df001,true,coupon_abuse
1be4be6a-da75-4554-a736-1bee29daf360,517f14a8-cedf-4685-bd93-29725eed6430,true,coupon_abuse
bcb78c43-48c7-4c86-98b7-a789c51e94d1,0fdaec03-64af-44ca-9d02-5ac751d92e80,false,coupon_abuse
db156454-afba-492b-afee-4491bc59a70a,2d7a10a5-6f6c-46d3-8ccc-e5799e4cf711,false,bot_purchase
7d9fdb56-5c40-4890-8d34-bf88266adf03,10bd441c-a391-46bd-8494-7d06da6a70b0,false,fake_account
2e899b28-fcc6-4634-867f-f5403d0bf554,3b9c03c8-1537-4107-abfa-db31623fdfc9,false,bot_purchase
2f2a7442-f2cf-4d1a-bb37-d08ad29b2570,e3169f2b-ccaf-4c6f-8e09-09ee488560e2,false,bot_purchase
7419c770-d893-4bff-8de6-dd0fb607a44a,0643060d-9077-4d4c-a894-f7bb5bf26bb1,false,fake_account
6e7c6e46-4ba7-4e49-8c9e-784e1ef0ea29,02758ff2-49a1-4883-874e-6026a275bcb4,true,coupon_abuse
7884b24f-bebe-4714-948c-2b7fbda690e3,e9d1e007-332b-4bfc-8170-9ab08c577d3e,false,bot_purchase
cf5c673d-9312-431f-9bc1-ab39e38ae63c,e790ac55-fb9a-4216-8cdf-78817ca634d2,false,fake_account
972868ab-402c-4cc7-9fa7-abdd4c9bfa5f,ff40ab3d-9dc8-4d6d-841f-4186f23b2691,true,coupon_abuse
22b189d6-723d-42c3-bc32-8a0585485e54,4cc494c9-e9cd-4f44-bf10-176f7e98cf9f,false,coupon_abuse
6db4edce-988d-492e-ac01-9c42f3556def,4e018a2d-05e5-404e-97bc-8c92ff0939a5,true,none
0fe67fdc-2d5c-4d59-b5e4-d593bd06d954,2707ea29-a4dc-4bbe-ba52-43be018809f0,true,coupon_abuse
34108b6b-c1fb-452f-8314-d03ac8fdbabd,02049d10-ad08-4768-9f61-680f641ac4f9,false,none
ac5847bd-99f2-4fae-b614-497806b12f89,f41116de-27cd-44fe-9bb9-0140867dd9cc,true,coupon_abuse
afefe395-f210-4855-aa2b-71ccda9984db,dc554696-a715-486d-9ba5-b2ac8dfb0e22,true,fake_account
6c90e918-8f07-42cf-8e37-9a5bcdc4d2e9,29cf2e8b-0d3d-46ba-8abb-299d1f1cd432,true,fake_account
afe00619-031e-4f33-9194-8867e33d9b47,6e31c755-ee2f-4ee0-b474-5b00d23a364d,true,fake_account
2f95693c-be12-4db7-8d40-37489a74068c,b0609996-9ef7-462f-aa86-4a7195c5940f,false,fake_account
70a46452-36f9-435d-8d4f-68d9852bddd9,1497e219-49f2-4617-b5b9-62d1ad71a801,false,none
fc90e5d1-b82e-4a58-a7a8-de5a987ad19b,8ccaeb23-26e4-49dd-bd87-45acce0e7358,true,bot_purchase
136200fb-6283-4983-800f-d651c9578491,24a10256-315b-4132-a68f-459353b95d3d,true,fake_account
abdd4579-eec6-42ba-afca-918b71fb5da7,07fa8333-f541-4188-90eb-f206a34f87fc,false,none
b8b69e78-7167-4c22-a45b-ae5682b05bc9,9bfb0524-3f52-4a60-919a-7a05a1e6846c,false,fake_account
04e9c39d-291b-4e43-9a26-5bfcd472b65f,2aa00064-df37-469a-b820-5d5790f04478,true,fake_account
2832dcf4-00f0-45f2-afa1-6619142f663a,0e6ba09e-4e0a-465c-9027-7e2c54dedb0f,true,fake_account
aa25ff14-6c60-4146-a837-52802e25de10,c1619ffb-eb79-4197-b750-64c85169de58,true,fake_account
3f283056-4475-4869-a783-57c2c8b22cd3,64cdb825-a194-400c-b0f0-8599455c3c7a,false,coupon_abuse
e1088356-a630-4126-ae31-138c64ae42a6,5d41b7ce-64ad-4ac9-a9e3-b21512f1ece9,true,bot_purchase
5c43a23d-44ef-4a40-89e1-9d3df455a7e9,3122d759-0c8a-4a22-b11e-90056ce9a5f4,false,coupon_abuse
cfb02e28-1306-425e-aa75-8d3602501efe,29c6a568-b706-4a90-b35c-897f9b4d883e,true,none
ad8d0686-2adf-4abe-86a1-624b9798bde1,71ac7bd9-3f14-473d-b737-2f63e3861197,true,coupon_abuse
10ba12e2-2d8a-439b-bd25-0ff298c63408,2c96bd92-f07e-4053-ae1e-cbda71d95377,true,fake_account
b24505f0-83e0-46da-b47d-5267205317b0,36b43a04-bf0a-49c5-afda-76799d990f34,true,none
390e8a7f-b324-41ac-89b3-80773b4e909a,0110e62e-e6b6-4ea6-9a6d-4de07e885e28,true,fake_account
df5a1b4b-c9a4-45cb-8b27-4db5e377c280,8848c718-ee49-45a1-99e0-494128fd1c2c,true,fake_account
277781e0-e13d-487d-82b1-517cb42b7651,63caf0d2-990b-4fb2-8302-1069e7d40626,false,none
42d5fd42-358f-46e6-be28-9213a145706f,29d38775-8277-4388-87d4-55822d1da065,true,bot_purchase
1264125f-3b06-43d6-ae95-3cf44a5cfc0f,5178130e-28af-40da-a1ae-2962678413c0,true,none
70c3ce5d-6bd5-4e17-a8e0-388094c29dff,e77d2115-eac2-4f79-9ff4-c6dff335cf16,true,bot_purchase
369d8ade-1ecd-49f2-bed6-2abd1a2edd13,c596f8ad-b360-4dc9-a5b9-45306667393f,true,coupon_abuse
7e63229f-85ac-4cae-a790-bde1fe8fb29d,fc913935-354a-48b4-b04f-6ba3522098bf,false,fake_account
51603062-0fe3-4037-a2d2-6d2ef2af9016,217ec7cf-c9e7-448c-9027-72dab00f1aec,true,bot_purchase
3153fb9d-c267-44c3-8841-ae1a87875425,f1854e03-f1bc-4a0d-9ea9-85d823c64490,false,bot_purchase
07a0eaef-6c0c-4062-900d-131f5d302086,1ea7b9f2-6de7-4654-b698-95f717496e52,false,fake_account
253bffa2-6505-4b3d-9a7e-446b193d4f8c,f92d1e43-f039-4f9c-a4f4-45b6af8c1580,true,none
768bf166-767a-4137-aa7c-1dc721db60ce,bba63919-7656-4bb6-9f37-08a85c6be2fc,true,coupon_abuse
4fb22fb4-1fb8-4ece-9cab-d6023b3a5a59,9fadb48b-36e3-4af4-812d-44bbbbc51be8,false,none
c09009ed-6787-4c4b-b6e1-65df67091a8f,4ef7fa52-6687-4e80-8422-213cee3987ee,true,fake_account
6331ec9b-db87-46ae-8720-410494a9e7bc,5a55a2d7-28fa-4b38-a2aa-6d9a4cb4589c,false,fake_account
1c25f011-9b4f-41f0-8f42-c1a3c56d6ba6,01697ff3-789f-4233-823a-68ada7083f0e,false,bot_purchase
ac044d55-dbd9-47fd-a2a8-a1313425ecb8,705b3a12-2188-44e8-9fab-b906220867c5,true,coupon_abuse
90400a43-73c0-451e-9a29-b90058714d4f,66e78aed-0a15-4fb4-a4a7-d55f16222a4d,false,bot_purchase
a1a15a7f-dcbf-40e4-aa5a-a68d4448c78c,7f2eeddb-d169-40fb-b786-f99196f615b0,true,none
e9b2c8e9-411d-45bd-bd62-a01b248cdcf3,35874cd9-9c1f-496b-affc-a823dc5edbea,true,bot_purchase
21324fa3-b4d3-41e2-935c-d364688db81e,e15a5416-1ca5-46ec-b9cb-7dddaaace731,false,fake_account
9e0ef219-3636-406e-9fc6-a302b891cf32,46f40b22-da6b-4516-992f-90ab502cb70b,false,coupon_abuse
f784c089-f8ee-4acb-b59a-7714f292ec70,754957f5-3850-49a4-b11b-159d576928fa,false,bot_purchase
ae58445c-a4da-4ed3-af85-fd90f1355aa2,64b290f8-a3ba-4bbf-828e-e9e3a99b4e6d,false,fake_account
53ec856c-d025-4bb3-b199-f284b0e1e196,f050cb15-8968-4e36-8de9-b6dd6c886e04,true,coupon_abuse
68569709-53a2-4a9c-8f6d-16f01858f975,b85af1b0-20ec-4a7a-a0e9-649cb8efe2ac,true,fake_account
52b42ac9-8413-414e-a050-94495f79b565,def4e979-1cda-4b6e-9717-bd6f9d196511,false,fake_account
af0bc83a-22ff-4337-bee8-4756fca4369b,49e2ee34-f8cb-44b3-8875-6b038b96ed08,true,none
4e655d74-bb4d-4645-936f-8039489fcffb,b65f9c9e-f1a8-46b6-a315-bc9f98510190,false,none
49ad26c8-c4d8-4336-87ae-7e659b0ea812,71fae027-98fa-40ff-9dd1-1c7140803d57,true,coupon_abuse
6ddd2af7-5175-4d89-ac01-4090569ab83b,f54d63aa-4520-44f4-a733-96dc1b6798d5,false,fake_account
dfe90f8a-e440-4481-b856-a20db0765817,6352fab7-bf1e-410f-b3bf-ccbbc0cf78ad,true,bot_purchase
1e425f37-c2b5-4e5c-b564-824e8e32992a,d8144771-7064-4294-93b6-fa2431d007b9,true,coupon_abuse
3f9928eb-f37c-4bef-87ed-afacc0a25ff5,49465229-e25b-4b18-84dc-0d204ae29d19,false,bot_purchase
fd315f13-3c7b-429e-8248-038e30b2825c,3df7c4c4-01e7-475a-a6ee-8564269a972e,true,coupon_abuse
dc8795f6-c978-43a7-9f0c-efb42e91bd0b,52f5f914-420e-4fbb-a000-1fbbb9513d87,false,none
90d69a65-54eb-458d-bef4-c49ba532eb84,aa6f5be3-b04c-4f35-8431-ffc9a5639589,true,fake_account
32a1bf56-917a-4462-8650-ef8e88108bbe,3e31826f-f0ee-4c99-83dc-7cd4021f632c,true,fake_account
23ddb5b2-6d91-445f-a5d0-bde356b3e96d,d8e2390c-c736-4103-b6bd-10f7abfd97aa,true,fake_account
9eb02200-d41a-4dc8-86e0-86851c3a3d3d,ee70aedf-1e04-48c0-b27d-f47efd5e974b,false,coupon_abuse
8e425dda-7d50-40aa-9100-c3df54673f55,17e95955-0ef6-41e8-8abb-1d5772e1ccbd,false,coupon_abuse
92481c76-8b87-4c3e-8839-02ab47e5ab3c,b448501b-6fe1-4188-995d-dd0de41346d6,false,coupon_abuse
32a4c0ea-0134-479d-8167-6a04cbd8d371,4c4ddc35-514c-4a25-9500-8d049e7b5b5d,false,none
ddfe88e1-22e3-4d55-8f88-8602aaed6519,72066c3b-7dec-491f-9f57-bc2d1cd92599,false,bot_purchase
ffff2b0a-4f03-4c60-a92f-63d99d76356f,c2498bc8-6f4f-4a18-85e5-b7cd7400d181,true,none
2116efb8-fc9f-464a-8f12-c01a607850be,8be26f45-b5b0-4e38-b757-fe093742c206,false,bot_purchase
1216e547-3912-40ce-9f30-81e08c4948b1,45a22080-3a5a-4334-bea7-77fbf57712e9,true,coupon_abuse
01fd2017-8b25-431a-a3f4-3a4b38e2796c,dba6272a-a264-49c7-bce1-3dd71fcaa677,true,bot_purchase
0e7e9b13-0fdf-4c17-ab7c-6994ece061a2,26ad9150-20a8-462a-a147-59642ff6b601,false,none
90c19ea4-9e7d-4a2a-97ce-66be656ae71a,909c95ab-12f8-4ede-979b-b60398004009,true,bot_purchase
6600628b-34b7-4a4b-9b08-34daa57d96fd,e86761cb-a2cf-47a9-82a2-f57734ba812e,true,bot_purchase
6fbb2aee-6f34-4a5d-854c-0df671dd5eeb,e1677b6c-1377-47e8-962b-884256fa7125,true,coupon_abuse
8d4ac609-18b9-4928-a73d-84a9d95a6d88,0eb7f56e-8062-4bd4-b05e-34acba847643,true,none
ade68950-144c-4452-9b81-f8f5a2996080,7be84df2-bf7d-4ef6-aab7-78e47849eee1,false,coupon_abuse
ac0c946f-56f9-4134-85d3-540c175d035b,686b8869-1ed2-421a-8607-441364c3f975,true,coupon_abuse
bdac02d4-13b7-4b75-98d2-b20ef408d087,e13fad90-8dd8-4427-b4dd-e7f0c652ad44,true,none
0d7402c6-f440-4c27-b64e-96127a6790e5,a5701c52-28f4-4098-90be-de55dff7ee61,false,fake_account
6de3eb2e-843b-4387-9d87-30fbfbf90f48,40396712-1473-4fb9-a42b-089fc770428b,true,coupon_abuse
5ad1633a-c3fe-41a6-b878-4783f49490e7,1920e617-5ae2-4702-9831-219b2f66099e,true,bot_purchase
3df0f765-4641-48b2-b93d-bb047a9e5863,966f730f-025e-4ee3-9b8c-add6fd1b727d,true,coupon_abuse
bc645fe1-2cfe-452d-b69f-860b1067e5ba,51449966-984f-4a9a-a19f-e5ed0bd52975,true,coupon_abuse
d74b5d90-a81b-4e3c-8144-25babe357ee0,682c8206-3312-46a8-bdd0-8af71bffa7f0,false,bot_purchase
ec4ba5cf-e6e0-4a63-a3c1-4c579bd55cdf,a2cfa5eb-a2be-410e-bb21-dbe2d8ea41ad,false,none
25a0fcbb-716c-4a29-8c74-89bbe71f79e3,58ecc4d1-e8ea-4846-81ca-466874901e33,false,fake_account
495b4622-bff6-411b-afc8-f69bd8466b0d,7c0e9b7e-976b-4985-986b-f497094df885,false,coupon_abuse
16043ff4-b35f-4f44-9bb3-247a0bb4ecf8,d993ad38-a09e-4354-8c4d-74837217319e,true,bot_purchase
9f5664bd-d5c4-4036-b824-a88094ca9857,c98a4bc6-9816-4649-9c9c-e7e11f5b29fa,false,bot_purchase
fdc46275-236e-4056-ae82-283de71e6be6,d6b48872-38ab-416a-9bcb-59205b5dcf7b,true,coupon_abuse
a909e7e0-f528-42fc-aaf8-74f2b9246652,41ff4431-d241-4754-b8de-9244eb057e5a,true,bot_purchase
ac44c561-e4d9-4512-8590-edda0acce9bd,7b831b82-05b1-4254-abde-5d6296cdffe5,false,coupon_abuse
2d428439-2492-4903-bc1f-6cf372ce4c73,a1712dae-b5da-4a8d-9296-8ee0cb67a64a,true,none
a33f67a5-61ca-4af8-aa5e-afaf862581fc,4e018a2d-05e5-404e-97bc-8c92ff0939a5,false,none
4b3e7431-e1d4-40b9-862d-21c0d64b95ab,ebcd7a4c-eeb1-40dc-9654-c6ee1e2a2127,true,coupon_abuse
4d69b036-2da4-4ae1-88ed-6084b95fbd1a,fcbf2511-0af5-423a-a071-996693a76ddf,false,coupon_abuse
1753771f-8e13-45a0-bc93-59976a6c896e,ed0cc468-a87d-4a19-9f61-d79a917b88fc,true,fake_account
8a40d4bd-7231-4372-b026-5039493a056a,0be2459a-02ba-4d3c-879a-287d712f0fd5,false,bot_purchase
5cea2da7-4bb7-452c-a156-090daf33594b,ca364693-da0c-4061-978d-0cf8e8a3fbbe,false,coupon_abuse
ae55b96a-73e3-441e-9f24-128d343fa52c,e6c4da44-355a-4533-8054-ea6999a27001,false,none
ba1b817e-5934-4f45-821b-d5b59a847ff8,1ca5e764-9355-4c0f-bad5-36e97677752f,false,coupon_abuse
cf416ec4-5791-478a-8fec-8a0b00491802,2d838dbb-d0a0-4ec5-a085-1029095f0b42,false,bot_purchase
7b57f295-0d18-4a55-9592-11b9b2adc3ee,3c059b68-9b7a-43dd-9f9c-73bf666bffdc,true,coupon_abuse
10c14307-8bfd-4a67-88ad-d103464ba085,676e7713-514b-4424-bea2-f471a70056ce,true,fake_account
88a0f4c9-bbb2-4c30-a140-c4424f6ad36e,c400881a-086c-4500-bedd-67c21e4176cd,false,none
5db64c31-6831-4bed-9c68-cefcd634835f,d83e3752-b05c-49f6-9259-e796eaff2b95,false,bot_purchase
f4d0c4e3-6d57-4c70-9c27-39d870fba72d,ed9786df-8703-4514-837b-017a738d1891,false,fake_account
2bb5d99d-cee2-4597-85f4-b7bfe57750d8,5f435ab8-b800-43fa-814b-a445f116c4a2,false,bot_purchase
9fde2311-2786-4d78-8a70-e6d311adb357,ba5207bd-3220-496c-b506-33270931b056,false,fake_account
b1bbc68a-e9d9-497d-807f-a0bb42d27b90,f2ac4f10-882d-41bb-bae7-f4896ab178c9,false,bot_purchase
34390c91-c55e-49e0-9e11-1eceb4a1ca33,e96bee68-3bd7-4e2e-acd7-45756c55d150,false,coupon_abuse
3367ba81-be0c-4886-847e-5e3e1ce902ee,a428db2a-09df-4337-94c5-7bc48c280775,false,none
ba60aa6f-b4ef-4762-bdf1-61a2131f3584,3b79a933-8ca2-4ae4-9477-39f8e777aa88,true,coupon_abuse
ff10ec5d-1237-4636-abf0-ee2686c88e61,e75cbab8-6f8b-40a4-a9c8-a7babe77bc18,false,none
48f6c4ed-2499-4811-bd01-282dec3c4a61,d8ca3966-1289-4c4a-a279-5a63bfde2c90,true,coupon_abuse
03c454ab-451d-4955-9e31-637507960508,8dcd940a-dc5e-4576-b57b-e6708dd1f362,true,fake_account
1dc687ef-b20d-4dd5-8b5d-9f76c469cb8c,b38d3acf-cec8-42c7-99dd-569993f29fb2,false,fake_account
b99e41a1-8380-4307-b0d0-5c77b31914e3,93130623-96d5-4962-bd44-32c7e802b9a6,true,coupon_abuse
9f7c9ecb-b5dc-44c1-9b2b-a3ca352bfe13,705b3a12-2188-44e8-9fab-b906220867c5,false,bot_purchase
c65f507e-43d0-4225-a773-811e037dd0fb,d8bd7956-fe2f-4c04-b093-f5da43f055cb,true,none
fe63bf8b-9983-47e6-aa12-70811301631b,d65a9afe-7f10-4fac-a56c-191252648cea,true,fake_account
efe153d2-fcc5-4070-9480-a0ac2ba93878,4e090246-a814-4abb-91b0-80b1a1f53f61,true,coupon_abuse
d78c8c13-58aa-4e4c-9110-045e1365abf0,7d0a8a6d-8b3c-410e-aa41-9528081746c9,true,fake_account
6bcb70cd-5d42-48af-9326-dfe36b03588e,619070e0-8329-4a14-a189-0b7233332c7e,true,fake_account
69d7e18b-fbda-49b7-8f50-4058b60c1179,1f0f2833-b84e-44d2-bdc1-07277abfbebe,true,bot_purchase
22d13dac-6745-44bc-b94c-964658736dc0,e298347b-5147-452c-854c-bb4e3bfd542a,true,coupon_abuse
0d856882-936d-4931-8c75-60e0ed99448c,9bb8170b-1bbe-41d9-812e-650df088a42a,false,bot_purchase
3997db52-2c3b-4a44-836c-13f3313affca,aefc327a-6efe-4461-ab72-4dbb84a59fc9,false,none
6ef029cf-f9bf-442e-82fd-2b90c08d34a5,73ace4d0-ec3a-4f4b-8ca4-9ef55a417e9c,true,coupon_abuse
bc1bdac0-5f86-4b18-bd01-4b545a3f3fc3,6ad0aa7a-d737-420e-ac14-18ad2d41e7b7,false,none
a2239584-36ce-4bfe-8de3-a8e1d4d73346,604ce00a-3af1-4a2f-a4bd-6c1d4d5584c7,false,fake_account
b991cb0f-ccd5-4c7a-9b15-a6959c79e54a,717c4fef-ab64-4637-a7d3-27f2e8e7246a,false,fake_account
318f5c06-3fd2-41fb-a37d-f1b9b4a4160e,bb0630ab-e898-4376-949c-daa6a1c5eaca,true,coupon_abuse
0c57f070-d93e-4cb2-a5ba-a8a7ed9f2689,91f28d4b-2994-4b43-881d-5a7338dc4b18,true,none
b7ae5e6d-9324-4893-ac9c-a17153a679d4,f3fb2cd6-63f9-4be8-a7d4-7b40c041f9ca,true,bot_purchase
6b0ad929-024b-4344-972c-d4899a635106,74b8f8cf-99a5-4cda-8fb6-e112faee21a1,true,bot_purchase
81eb9d1a-af07-4763-b7c6-c3359966f676,95029e1e-308e-4ce3-802d-41618ec1107a,false,bot_purchase
53841383-a9b4-426d-9c29-e674f4c4801e,3657dfcc-6c26-4727-a28d-c698f26ef12c,true,bot_purchase
0a326fae-a5a4-4cd4-95eb-208652ce1c9d,ebcd7a4c-eeb1-40dc-9654-c6ee1e2a2127,true,coupon_abuse
0adf6e72-e3c1-41dc-a3e3-382c77325563,f86fe652-863f-42ab-9e7f-f324efad60a2,false,bot_purchase
7ac56fd5-f109-4ddd-aceb-cb60c0dd3598,7ed87287-f75b-467f-a053-fd838564936f,false,none
77144eea-1cd3-4fad-ad01-7bd35101d630,3555b5d7-4a21-4c26-b755-161a5e122132,true,coupon_abuse
a450daad-4461-4e68-831f-75cd97ba7bbc,c2131b38-d013-4ae3-b611-f6fd569be1b2,false,none
71f8bc16-6bb0-456c-b3f5-98d9bf83ff5e,e621b8fc-3c6f-4dca-9117-971a9c9d9b5b,true,bot_purchase
189b34d6-227e-46c7-96ba-6d4925fcd3bc,2c1ffb21-233c-4526-9fda-208cd840e1bb,true,fake_account
35f7d921-b716-46f9-a40d-7347f0582154,ce5258a0-5db9-4507-8923-a26c06cd2747,true,bot_purchase
184c543f-68ee-4531-b506-c489463bc9fd,dc4f1443-9783-4eb6-a97b-77a6db57b6a9,false,bot_purchase
469fc113-0fca-44b4-9a91-e8af3a2f1edc,54ad0323-9a4e-4ac8-b100-304f82e36b39,false,coupon_abuse
b7db4577-c3de-4902-b205-f9459f8983df,aea13c63-dfe0-41df-93e0-901a96987731,true,coupon_abuse
c3e33904-cd27-48e5-8861-908e9b740cf1,164352fc-6d65-4d84-8803-85b1e76ca1ff,false,coupon_abuse
c20693e3-dcea-4902-b422-1330b58bc5ea,b07bdb86-9a52-4a5f-89ca-ebedf554efed,false,coupon_abuse
224d0634-a62d-4c5d-ab6a-0e5480a771d5,2616afb0-8eb4-4655-96e0-6b447b667f3b,false,coupon_abuse
e197db6b-bcd6-40e2-ac7c-42acb8d6b23d,8e1cd23b-cac7-4a41-bc19-20c0ca7e9587,false,none
7f3e75e4-f0be-44c4-8342-3582cd35a611,979c5ba3-e33f-41ba-a26a-83a3f3433649,false,fake_account
cd50eb7d-5150-4417-b987-bf981290b042,e532551b-1e0e-40c7-8b10-7e09ba1912a1,false,coupon_abuse
e178fe76-6dc9-460b-a6ec-fcd9121d4981,f723cbb5-8ff0-4131-9277-44f3bc086d18,true,bot_purchase
1f7b409c-915a-4b83-b9c0-189d0980e2a1,4ade68fb-cf7c-439e-bd50-2028b0a79a46,true,fake_account
f99e5dc8-9aba-451d-bf41-5c8beeefb3ab,b4276f38-d535-4eee-aa78-1380d7faea40,true,coupon_abuse
5ad2ceb0-c40f-45fd-8493-c255b852eb05,d36bac59-a9fb-47e3-bb44-641d0d4b5c36,false,bot_purchase
f8e916e9-4d8a-4bfe-b5d4-725d6c54647e,d5be4b66-275c-48bb-9348-8fae999e399d,false,fake_account
2c1a247e-d0da-4d13-b5e9-ef31d7a2a9e7,9a7a673d-932f-4a59-ae71-752a636db293,true,fake_account
21a5699d-5c33-4808-9215-57552d531438,f241af2e-c164-4edd-9d6c-57be05a8647e,false,none
567ff42d-0639-41df-a209-6a5b958644d9,5732f90a-06e0-483d-84fd-1f6d6699eef2,true,bot_purchase
5d4f9c55-34a4-434c-b1d4-63c4bfd1c14a,25e97948-48b9-45bb-a28f-6c3ff87670ba,true,fake_account
b3764beb-c54b-4d6e-af3c-095246420545,30c2ee73-feaf-4391-b300-b3bd8e389779,true,fake_account
2e229f66-b87a-4a92-8ee1-960542d36a01,4a898680-f19f-4d9d-8604-500a97ae194d,true,fake_account
69bd6cf9-17e2-4546-940b-6e5b2e34325f,7fced07f-1379-4188-a4f3-28702dc817bb,false,fake_account
b8c243b2-75a6-470b-bc10-dd9d390f94e4,23d1a7cc-e4c7-4074-ae8a-47102af6a16d,false,none
0211eff5-f91b-4fda-9027-e20659cdb81f,ef13b116-0368-4634-b213-b04412fa8c6e,false,none
0cb03d70-0d92-42a5-9a80-057e0b5e4413,88584363-f124-4f27-9cb0-642ba9b15b4a,true,fake_account
f6298f18-a2f0-48f2-b5f1-9f10e9d98e79,717c4fef-ab64-4637-a7d3-27f2e8e7246a,true,none
615fa75c-cb51-4a54-af87-b2769c177216,c342d74d-1bb4-4ca6-8e4b-36d57ecbad47,false,coupon_abuse
0b446185-85d2-4cb4-b1a2-33fe15457803,31e8a2d3-dbb8-4818-8d2a-6c136df2ca18,true,fake_account
ad7a22a7-27f5-4217-b518-028416a7c412,95078809-7cb3-4856-a28d-abf8782701ec,true,fake_account
815d17e6-2a61-4112-969c-1ffc18c96046,cd885809-0e5c-4493-b496-548227f848c6,true,bot_purchase
1d4afb97-6d96-4dd4-826f-8c72c74c1c09,be788376-9aeb-4ab4-955b-12937a9bb7c4,false,none
5a4adac2-36c8-498d-abd5-915baee8302f,73b2ab26-ab86-4fde-a675-7f24c7a1f54a,false,bot_purchase
6a19258f-b41b-42f2-9262-b09f22416af7,9130ad6a-87be-4096-bd55-58ce3a9ef57d,false,fake_account
5f1eb0e4-6dca-4192-bb2f-9ef1e0bc496f,2fc3f65a-5996-4238-87f3-295f090d0058,false,none
014496a9-5fe7-486a-b06b-2472fd95c0f3,c56c84ff-2278-4cba-811c-35e344eeb5e1,false,none
0b41560e-a608-4ba3-a54d-54578f4cfbec,cf7520e2-eb33-45d9-83ef-ce4753f11570,false,none
a18f1b37-3ff5-4fb6-998e-8bb121c8d5b9,63bcaca9-d8f6-4532-a102-3fcb42ae7397,false,bot_purchase
5d35b391-8ad1-49ce-bbc6-d0afa88c4568,99c8db70-f4ff-47b9-8f8b-23b0b30745c8,true,fake_account
b58883b9-8e3b-4e41-b0ef-049428062e5c,8e7ced2e-0b08-432a-9e8f-4163036b39f7,false,none
500177e9-d9d2-496b-b81f-33dfd7e695ee,d2e9a326-aea4-46e4-add3-6adfe6ef2475,true,fake_account
a386b97b-99ba-4bb8-b5d7-549b2d747483,18d1ba44-825b-4570-bb88-c1a942444b5c,false,none
b5bdd332-3ab4-4361-bf10-8f77be71e0bb,622b04cf-1b4c-48b7-8fe3-222ad9796e51,false,bot_purchase
84dc76b1-b0f2-485f-bfb6-c5414d7560a5,f207baa5-6549-4a09-a545-b78d93570cb8,false,coupon_abuse
c96860ab-8d25-4f40-8d69-43b906fecf52,9910bb7b-da8f-4e9c-904e-c196dbefa364,false,bot_purchase
911a96d4-f491-4c1f-8bde-227478b77c2e,56aeef3c-440e-4ae3-9f6c-a6b9affd4f56,false,coupon_abuse
58df7ab6-90ff-4996-a91a-d41abdf283be,b1336cb3-9f14-4cb8-9925-d94a3fe2d650,false,bot_purchase
d109d56e-2e5b-4768-a314-11c12d50e910,e64ad395-fd51-4d41-8549-f7b3f1c768ba,true,bot_purchase
7779130b-32a3-492f-91ad-bca5868b6451,953b7432-f0f7-44aa-ab30-f05253e36e2c,false,none
685b7678-d2a2-468c-be50-f0a8a454a803,84593a15-9973-4ac6-aeac-e4494e7dad08,true,fake_account
df54e92e-a2e5-486e-afb2-c85b26e61e19,0596b1fe-76e4-4cda-9ca8-d5bafdd7bc4a,true,fake_account
8ff41616-e0f8-49f4-9d99-39fa061b7dd0,37cd6f66-15b0-4b63-b2e7-7ab25403d77a,false,coupon_abuse
5a501488-a9e3-4c01-9f4c-b92163e3b80f,5b9eab79-790d-40f1-9824-d9addbfe829c,true,fake_account
aa18e4f3-8478-4565-8bc2-a1f3dd5dbdb6,b2a2f561-125b-4165-93a4-e8df88bd6587,false,coupon_abuse
8b8174df-f9d4-4439-9152-3beea18d8731,647dbf76-8b03-467c-b41a-9ea0c8b24a66,false,coupon_abuse
9e4b1ca3-46ca-450e-92f1-c600cee1ac44,2e5edbaa-009f-440a-a397-629b510a15e6,false,bot_purchase
2a25a4af-f8c3-4561-baf2-3c4d6593be18,2716a822-6186-4a1d-a48f-fe3e81083e12,false,fake_account
bea51533-c236-4929-9f42-584450a9dd14,95141480-7dd3-4c37-bd19-762ec4afd100,true,fake_account
c681c877-7b63-4996-b923-adb21889ad9a,b41f6c52-f22f-45f2-842d-7c8efd03fb15,true,none
2c9f42c7-0ce5-4b4d-9a78-c440650dfcd6,37662b77-a7da-4da1-96d3-227264a534ec,false,bot_purchase
581de419-6815-4d57-8797-c8f5aa7eb8c4,7d110800-3688-407d-8e08-95be9cb88a9c,true,bot_purchase
b18c5336-de2d-414c-b73c-4df7071e460b,a527ab99-7cba-4fe5-a2b7-89cc20d5a299,true,coupon_abuse
875a56d0-02bb-4829-afe5-3fe5fad3c826,aeae36c1-3fc6-4eff-8b71-92ee6c7d39dc,false,fake_account
44151c06-9e72-430c-8904-caa1d69de758,2e1c93bb-53a7-4274-a7bb-545b92d78c38,true,bot_purchase
111baab3-7820-4537-9434-0c45eb9692bb,847b7f20-104e-477f-9078-92a893424efd,false,none
3ff5f2ff-c181-40fa-bdb7-739875abe023,0a7ca628-51ca-4be2-b6bc-9731d10e5acd,true,bot_purchase
6930ec7d-16dc-4e97-9d31-39e7c2622fd1,fd7d2f33-0ef2-4f1c-b4db-06ba9254aa38,false,fake_account
3a916479-98d0-4d4b-bd72-de4f95271e23,79539261-dcec-41a8-83c8-309e3fee4cf6,true,coupon_abuse
e1e698af-a779-43f2-88f0-7f61a5cf6532,c218dd9c-5ddb-497f-80c2-cdb3e5641537,true,none
f37a57ef-7ad1-46ad-83d0-aa5dee9442e3,c0e36fb6-0869-47f2-94c0-ea41967b8cbc,false,coupon_abuse
1325691c-a1ca-46ff-917e-7650936320cc,c7cc9452-adf1-45fd-8971-098075897750,true,coupon_abuse
a70b8198-79eb-467e-bdcc-f429f72f4cfe,678395e9-7ff3-4e78-966e-a9f6e936e178,false,bot_purchase
a0e45ced-e3ce-4809-85e8-143d1a5870f2,c7db238b-22da-4a6b-8225-f69ec5d2a8cd,true,fake_account
4f008393-856c-42b5-8eee-4a2b89bd6473,722cdce4-c0f3-4c38-9561-b6728dc1b385,false,bot_purchase
a43c4b7b-7fc5-4d20-ad48-f705092d2ec2,f71917f5-9c36-4447-9031-a7beb5f2bd8d,true,fake_account
d09a85b7-91d2-4099-8f7d-3c5234aae2f5,56bffccb-a852-49c0-9939-aa2f222ba98c,true,fake_account
496abaeb-8b38-4668-b7ee-49bb78fa69ca,647dbf76-8b03-467c-b41a-9ea0c8b24a66,true,coupon_abuse
0d2fc784-9e14-4eee-afeb-2f509d58915a,4cea339e-140b-4f05-a765-835321a200be,false,none
9e57d997-4d13-43ff-bfaa-3df46d0f7d30,c61d7440-9a30-4dd3-8a2b-bb8abb3fdca4,false,coupon_abuse
bc0e9511-110f-4b63-99e6-d560b4b8f175,d0619eef-3c76-4724-82ed-bf7695baf61c,true,none
8bed2a63-4120-4b07-8304-2c4169e598ab,5264531e-f316-4592-a6db-8d50e64bc0f6,true,bot_purchase
bb65a9d1-261f-4f30-868b-9cd9ef0940a6,b3ca67cb-da55-4181-8cbe-7a11f2b36421,false,none
7f6b0e1b-3d4d-4958-9853-6fec1ab1add2,d86c7318-a188-4011-854b-b3db5b5e5abe,false,fake_account
84960a39-92d5-4318-847d-c260579a6ec2,0908fb40-fad3-4241-bb59-1478a785d140,true,coupon_abuse
f7ac717f-91df-4510-ab77-72ce559ef26f,d4e7fc26-aa10-4270-9d55-9e8b9035166c,true,fake_account
1acd1c11-3ab6-4762-bf79-4640c8be0049,6f173ec0-5d45-4e31-aaaf-4268feffffe5,false,none
3024b366-495e-49b1-8cda-e34b2ef98f12,61e117ed-5cf4-42a2-92c3-6a82305e4adb,true,fake_account
4459a92b-05af-49f5-bf8f-4c6b3c3f23f1,33276224-9ef4-4879-b1c7-abab1597c2c0,false,fake_account
99345a25-149f-4f2f-a580-cca0597af79c,b2328d10-dceb-4c9e-aca1-0147df6437d6,true,bot_purchase
e6105f95-229d-48e6-9c6e-3dbf202896d3,2004b6f4-6644-48d4-ae27-486b1e998930,true,bot_purchase
8259486c-6729-4777-b93e-710d5408ec74,cd164ed7-ac12-43f3-8f34-edef03aaf4f3,false,fake_account
a89f214b-d07f-46a6-977f-49bd44702e8a,d5aeb447-8bc6-43bb-8b79-f5a8c74fe243,true,fake_account
7d7ded3e-e449-48cd-a77b-9c02155e493d,9168ce14-98a8-4a21-9a65-532138dd32de,false,coupon_abuse
5f97cff5-4e9e-47c1-9e27-b5c3f70c4ca4,f627192b-9fb1-46ba-b031-e68d6df602e7,false,fake_account
bc141b28-0e93-4272-a8f9-eb1795b75667,979603dd-f8c4-430b-98ad-e3e81f4b7ea9,true,bot_purchase
3e32ec19-a53d-488b-8781-d140c325b028,98986ab4-1e9d-4e7e-a8fe-c1c72cd062a6,false,none
1b879c4f-5dac-4fc7-8d21-d6b099d54680,9b112d8b-5161-4b67-abac-da1d358559db,false,coupon_abuse
83c997be-880b-4879-9c66-993d95352977,8561d230-4595-4844-b7d1-c1ca3d383584,true,fake_account
b2eb2c5f-e668-4e63-9bcc-fa0853e4a398,b3e07a4b-21e8-475c-b35e-de8bce0a0582,false,bot_purchase
711375d6-2d58-4e17-8c08-06fb2973ac66,c3a2caf0-2beb-46c3-ad11-ea51862fab1b,false,none
7d978de2-c1a7-4f86-aafe-e14a6a651b01,2eca3061-930c-4e2c-84f3-71e2a7a78020,false,bot_purchase
2ab4ae19-7036-40b6-8dbe-74a2f1487bd5,821e1f2c-d1c2-4213-b9e6-08bf26588c46,false,fake_account
40f0e884-0fe5-466c-874c-79476e1d6a65,454f5435-7aaf-4c4e-83f5-00366e61a098,false,coupon_abuse
94ffd6ab-754b-4b96-8557-dca16acffdaf,dafd3e8a-6e5a-481e-90f4-936faccef7a7,true,bot_purchase
4594fcc4-0197-45e7-8c40-31cca0de3384,80976bf1-f6aa-483c-9a4b-bc5923282d79,true,coupon_abuse
02645b15-ba3f-47a8-aaa7-7e1953900d9e,19b72645-29d9-4645-9602-eaec731933d9,false,coupon_abuse
a3fda23b-f806-4d78-84b7-f1a718e95fbb,dc4f1443-9783-4eb6-a97b-77a6db57b6a9,true,coupon_abuse
04b3b4fd-6ab1-43a4-9f9d-bf12d6504242,902481a7-898c-4da0-b467-b1634d008cdd,false,none
eebad94f-3ca5-4ee8-ab7c-0531dcac6718,b2d7716b-c859-4704-b05c-10bb1466b18a,false,coupon_abuse
9d6a4b31-7e9b-4a0c-9bad-eb9c055cf5f1,0c13c77c-bc7a-430d-9f9a-f3aa7df0a040,false,fake_account
23c808c0-9d3d-4490-aa17-7fae70030cb2,265c5f3c-e09a-4561-8bc7-c5720c02c186,true,bot_purchase
4d9df066-2d0b-42bf-a998-730308399ece,941af9d5-63b9-46dc-8dda-0a88cab4caf0,true,fake_account
72456314-0d04-4e7e-942c-23d89333d481,33f9dcb8-5fe4-4100-9bb7-3f92f782d8a6,true,coupon_abuse
71197d62-0c70-45cd-8980-c0b76b71ae35,c2cb61ff-e10b-43a0-92c8-a3997d1f3077,true,bot_purchase
6789f03e-8a4a-430c-83db-8be4433e3f1b,15ff96e9-3cc5-4c13-a3b1-15f02bd8e345,false,fake_account
a7ebfd1f-fb28-4083-a962-b055e2814ba9,33a92af4-4198-4987-918f-b77aef922301,false,none
4d7f2bed-3645-4d6a-ba70-9d594badf23f,0c54e754-fcae-4b62-b092-9d19cd606b86,false,none
7aecf19b-f1e9-41dc-a5f5-7f916abbdfe8,32d6e335-6f2e-4f9d-b331-3fff0b07bfca,false,coupon_abuse
7f6606fa-710e-4a83-9b55-e215ee5139a9,ca75d09c-aef9-4497-8f83-ed29453abe68,true,bot_purchase
a21e0d29-4bff-46c6-a573-981cc95d8a8b,85d37f41-ef5b-4a84-b6c9-7261e4292506,false,fake_account
8120dfb7-bde6-4529-a261-25ba835496f1,22825c6d-db53-4146-9e6e-fa439255a001,true,coupon_abuse
4d37b828-98ec-4577-ac45-7a1d0bd2474e,dbad5a0d-342e-4781-acc2-d56c92ba4253,true,coupon_abuse
9669137d-f826-481d-999c-55a2fa84f366,234c6f2d-dfb5-49fa-8225-4d108559bb61,false,fake_account
51a3bd99-d560-4ce1-9202-5a6e9395a4c1,691117bb-3967-445e-a93b-7e9da6f7655d,false,coupon_abuse
926a2c0b-e03e-41fd-abf9-301197b6c41a,32df2e4b-02ce-4a9b-8b13-078b40aa1b51,true,coupon_abuse
8ec86cd6-a3d8-42c3-84ae-4267702da4d6,6127a96f-54f5-49a8-95f6-5b0036870e53,true,bot_purchase
8b048295-b239-44cf-b802-8a3f8b411fac,ebe0318b-6525-43b4-8920-eecfeb419ca1,true,coupon_abuse
537e0683-13ed-4173-a51e-2113b8895102,42432bc4-bce2-474d-9bdf-1072f18a466b,false,fake_account
a59ef542-1487-4949-8016-28139421d135,48ff257d-b52b-439b-b178-378b73c96a4c,true,fake_account
a6a69ffd-785b-469a-b689-b0ed99ddf5d6,2616afb0-8eb4-4655-96e0-6b447b667f3b,false,coupon_abuse
b5d45431-e19f-4029-b1ee-498c65cf99ae,fdab6680-9db8-4f67-a863-5074d6f444ca,false,fake_account
007a3bf2-7ee6-49f9-bb0c-b48245cd95f7,29bb7762-3ad1-4c06-a842-7fff0a4b37bc,true,fake_account
3da42f53-264e-4dd3-9d31-4c09b459f309,b2cd774e-7179-47e3-b1da-6d88998b37ed,false,none
b52c0f93-fd0c-47d7-a9d1-acb26224798b,3464f929-1826-4690-bb38-6754c2b576e8,true,bot_purchase
bae75f82-5136-4586-bf0f-b91dce83866c,622b04cf-1b4c-48b7-8fe3-222ad9796e51,true,coupon_abuse
4f972995-63cb-40d5-9d3e-07e5ef5942b5,42b802a3-31d1-48bd-8309-ed200ad85b96,false,fake_account
952cb5e2-edc8-426a-a9dd-acb89cfcf291,dc4f1443-9783-4eb6-a97b-77a6db57b6a9,true,bot_purchase
5823b873-fe0b-4d66-bbd2-b9b76d66f834,2552285c-9bda-43ce-a195-da6188b3d047,true,none
971241d8-b994-4e85-88a6-b0a398235a4b,d55b3fa8-bc56-46c9-9883-40ad0ef9af90,true,none
87d2dc28-d301-4ace-8d6b-9b2fc7b5e785,1044c4fc-5eba-49af-8135-9113a9adff71,true,fake_account
1209a1fd-b10e-438a-9d4d-a22e64a82316,9e6c421f-98e7-46df-b08e-3eb56b8e54c6,true,coupon_abuse
5b065938-dddc-4965-a989-a8ea1eda4d75,91c09807-d0d5-47c2-ac27-c683fc426f4f,true,fake_account
0019b1e1-527c-4c47-92af-0dd638c4472a,903db156-c340-4736-95fc-8a1a5ae17915,true,none
12cad895-fff8-4c5e-86ca-25a90fa6b2a8,1f787021-6aed-477e-9c10-077fe685baaf,true,fake_account
042823d3-fb94-4610-87bb-6e3b0db6014d,b8a20264-3e5a-41bb-a76b-4c98fb1c39d9,false,coupon_abuse
87245490-9fd4-4444-9fd9-fd6b151b6cb8,1d789fdf-2d62-419c-b8aa-8fe47f4c57d9,false,none
a303526d-2703-430f-b817-ad2daeb4827a,0aef14ba-f9aa-4e43-86c2-765023dec74c,false,bot_purchase
ab700e53-fe38-4f4c-9fb8-e6f38c103b1f,89de8e32-4b44-4fd5-9880-f5110d6a18f3,false,coupon_abuse
415d3cf5-0c37-4ae2-aeaa-9baa5ad5cb3b,9eb6103e-7bdd-47a0-b674-1e300f5ca84a,false,coupon_abuse
0be29068-6731-4dca-8eae-66a602f75bc3,5b9dfead-9338-4af6-951c-b5471672e0ed,true,coupon_abuse
d8221db6-46a9-47b8-aa4e-93e6c9240c0c,087e9565-81da-44a0-8dce-55461798dffd,false,coupon_abuse
39b88082-15ad-4e54-8c5b-878d8252d00b,8245d987-90a9-4186-bae4-2d5135d591b8,true,coupon_abuse
b216c15f-91c0-45d6-a802-538839594ba5,689454c4-039b-4513-9369-8e3c3b3d01cb,false,coupon_abuse
8a3be27d-8951-4fc5-9048-92d22549fa13,0019223f-0c1a-4c70-b0e9-52c1cfa67edc,false,none
db189be3-5a9e-4d3c-a493-9a6849a30eca,d523fae7-4ac9-4548-8acb-57ba69267919,false,fake_account
a6a76278-683f-4c07-837a-33d1003b3613,7410081a-7b24-46d5-ad67-a84842eada0a,false,bot_purchase
cfce97d7-c0fc-4547-9936-fbbe37b10601,ad520854-bc6e-420e-9a78-ad513d71a6c8,false,bot_purchase
c30e94fd-32d3-4d03-b412-608cac15e88f,47b7bed3-2620-4955-abb8-e45a0c954453,true,bot_purchase
65439b4e-6ba9-429f-8b8f-fe9079321c91,5d397df7-3bca-411d-a14f-d9e6cbb99e2a,true,none
ad1e9932-ba0c-468d-9532-3ab05b614dc5,6a280b78-8f7d-4b92-9ee3-66b05e79b087,true,none
e2774eac-dc97-4b1d-a6e8-6b5b3b61080c,63ba51e5-4785-4ed1-9b69-657307d757f7,true,coupon_abuse
87d32ac5-943a-4061-9120-136b28e13cbc,0d8e56ee-eb4a-4fb0-8e97-680f887bbbe1,false,bot_purchase
98312d53-c05d-4e65-b031-b07ec755a7b7,527a8b9d-a84c-4f66-b50f-0820ab20a1be,true,bot_purchase
e14bce53-6d38-4d49-b83a-610653075b61,6bd3472d-a760-4c6e-8e2c-934dee05744b,true,bot_purchase
987d66d8-3a65-40ab-a4e6-45af6e860972,e3d27993-9d31-4ce2-a652-e4eeb206571f,true,fake_account
f4144c34-e89f-414d-91b8-8219b218dfd2,a527ab99-7cba-4fe5-a2b7-89cc20d5a299,false,bot_purchase
36094b92-b644-404a-9f4a-6af71a6f105b,a2014393-c386-47dd-9ec0-1b37298232b3,true,coupon_abuse
bad6576d-4ba4-406f-b809-8d686fe4f298,38eca42c-b85a-448d-abde-f7272ded24b5,false,none
f30c501c-c1f1-47fd-9175-03aaf52e0159,a8902f0c-94f6-4d51-a71e-1a08823688f9,false,none
af12f8fd-eb07-4c7d-af6e-f810249492ba,5fd7017c-a133-497b-a288-8d04ccbf2138,true,none
1833fcf8-db99-4d71-92f4-0cbdd1175943,23d1a7cc-e4c7-4074-ae8a-47102af6a16d,false,none
6bea1617-c255-45e2-a7b1-a5ac496180ff,3ad8e0e9-23a5-45f3-a45b-7ef8b0d2fbd5,true,coupon_abuse
c6fe869f-54d6-4fcf-98bc-ce661b59bbe7,b7c1454b-8882-4a70-898c-9eebe8cc093e,false,none
767478d7-19c6-4d7d-87ad-7944847f4bf2,fa49c000-ed22-4ebe-841d-09de2f6946f3,true,coupon_abuse
82198941-67dc-4cb4-a85a-9da0a4622639,3e616b5d-2694-476c-9d07-b04c034369ac,true,bot_purchase
9630d1de-5a71-4c13-84b1-3e30888801a5,d629e80a-6e3f-4046-b380-4161ad90268d,true,fake_account
0427c575-af02-4665-9c95-2a25a1bbbeb9,6de84b6f-ce2a-4e37-878d-69162e520643,false,none
147ca6f7-58e1-4bd1-9665-86fb469dd673,abce2f7b-6497-4ca1-aad0-7ab231ed3fc4,true,fake_account
08758fe0-b0fd-4f5d-af86-86c4b5985fbd,220fe158-a0ff-467c-a2f1-1048b63c444a,false,coupon_abuse
3efe4087-28e4-49f8-9e39-cce06221b413,80bee659-2c46-4d92-a37b-48e7f18f3f71,true,none
1e827ecd-cc19-4651-be6f-971fe054b072,84617049-c8ab-4dbf-b61d-717c64231d77,false,none
252490af-3ac9-4dbb-a2a3-407555846333,233fc0dd-46e6-47e4-b2cc-51a2c8653293,false,bot_purchase
5629c9c6-3c7e-421d-baa5-d21bc29ea22b,e06e2faa-d4f2-4139-a4db-4d9441b16afa,true,fake_account
1e9f155c-a416-4133-88ab-cd54c4414a77,6c2b8015-8b4c-406a-a981-96592c85bb54,true,none
89e1520c-761a-4783-9072-8ffedd285f70,fd85051b-ebfd-436a-95d4-6c93753eb73a,true,none
172ad4b4-5375-46c4-a976-e0c2cbb2af1b,0e5f8087-b21e-4b5f-902b-e40ad8a1264d,false,fake_account
b68996fd-b730-4d67-b12a-9de396cce83e,41735244-9290-4a92-ae4e-acbc67f13bd9,true,fake_account
ce83ae1f-c58c-4cad-8dd0-2f3399f7b537,b5452bf4-b4df-4929-a6db-76027795a105,true,bot_purchase
b3057cfe-7a8d-4df2-8570-ac652cf48e5d,764939d0-76af-405c-a096-86cd309a4f95,false,none
d5b1396a-9b22-4fbe-a6fe-632ab9adcfc7,4ffcf977-24dc-4060-a594-67c108389be2,true,fake_account
3e94829e-d4ca-49a2-b6c6-7e419a3173df,5ebf6b08-83f8-4929-9b6f-71e36431399e,true,coupon_abuse
cb1eb9ab-427b-42de-80d0-2ecde47c7e5a,b27ce39d-f092-4b3a-8aed-5e3f4228846a,true,bot_purchase
742cfab7-b586-4d99-a0e5-45df676808b4,0aba8ec1-bd17-44a8-af42-8c150f8fd027,true,none
47eff067-c24f-49a8-8964-7d4d6344431e,c6ec99cb-5009-441d-90ec-14469a41590d,true,bot_purchase
7f444615-fe60-403a-b819-e9572c9383ac,5cde3906-f1e9-4589-a215-ecbb120d0f40,false,bot_purchase
9f18b057-fc47-4941-8fc8-087b11a78894,8f257d4f-6250-4853-9ddc-5264cc06a048,false,fake_account
9134f4a0-d490-4a50-90e4-2aa6d53be6a6,d1987d84-7a1a-4ce1-bd35-936802feab5d,false,coupon_abuse
1a415cf2-3133-44f9-b115-9a1ae32c5764,141fa3da-77f9-4060-9df5-b2805861487d,true,fake_account
53426d32-f481-47c1-bad4-cc3ccb6bef3b,8f810f37-0319-478d-99a6-e975e5c13f36,true,bot_purchase
f250c0fb-4f69-4bae-9059-4c8a5a08d6ae,2eca3061-930c-4e2c-84f3-71e2a7a78020,false,coupon_abuse
cba116d7-65b2-477a-aa30-1261910aba97,7b98d646-2126-4c51-963b-84b51a7fa5f8,true,none
093ddb72-0152-42f8-b806-0c34d2db5f24,305730c4-195d-49e2-8a8d-fd01a7e3233a,false,none
044163c6-7c76-44a5-9d5a-9da344ad8b51,7b6ae603-5e4b-4d81-9b7d-57a73558e8a2,true,coupon_abuse
f5f2dfab-6d2d-4cae-9ac6-2cc215800aa6,7e1ac5fc-f268-4adc-b48b-b3a925e0690e,false,coupon_abuse
0a21091a-c477-4d13-9341-02313afc59e5,ae68fdf1-9a29-4125-b41e-ef0f8843aa56,true,fake_account
7d4d8f2f-3ad9-4814-bb8b-6822d1aef916,2f516416-769f-43a4-b12f-9c2f766bd394,false,bot_purchase
a13f7cf6-e487-4588-ba67-c72786cf8354,a5795720-a87c-4b87-a00d-f69ef9bfb51e,true,fake_account
562f41ab-185e-45f4-ba49-8c25a07d631c,4ad8604f-3b97-409d-bbb5-dd24f77ffd20,false,coupon_abuse
23f795db-8214-43c6-931c-8afca046eee7,6a4437c2-b5af-4474-80dd-c4fdf4527d86,false,coupon_abuse
e4101454-456f-4af6-920b-caf7e3082ff9,94f81d4f-496a-460e-ba97-a1da1f6bf498,false,bot_purchase
d3360904-145c-4138-ae9c-75392bd629d5,59479aec-bb21-4021-a32a-3213907e2772,false,none
9c2c4d57-f2e1-4ddc-8da7-de9129f440ee,ed604183-22b7-46b3-86e3-8a2a7442db0c,true,fake_account
203c0499-cdc7-42ce-a97a-6ddf992b125d,fb1e5321-49ed-46b3-9a60-0eaffd50514a,false,coupon_abuse
0ec4b411-18fb-4d6d-ab91-000354752d9e,e29a66db-8a55-4586-a112-ba7ba748a80e,true,coupon_abuse
23f7a30e-6cb9-427a-a6a6-fa679a8f66d8,f05422ca-4b27-4a63-af73-8da17e753707,true,coupon_abuse
0658c622-ff23-4a81-8c53-088bb8236446,335e05b0-564c-4d86-a29b-0a866c4ead8a,true,none
80ba2902-fe41-4740-98f1-a04bba4169b8,09cd176c-1bd9-4773-acb7-38d0b9d7728b,true,fake_account
c326582f-803d-438e-9e69-125bb65345df,db6d4161-adc2-4496-90b0-b0fd98f626a1,false,coupon_abuse
dc071495-d599-46f0-8a7e-89c863aa3fab,395d7ad3-2954-4c20-817e-d85b5b09bce6,true,coupon_abuse
22a1ce27-d7cd-4be2-999a-d6a40fbca4e7,b8cb86ea-51ab-444d-88dc-e02ed40e2a1e,false,fake_account
9783b0f4-2538-49d7-b41b-64fbb7bcc655,b820f4b3-4731-4958-8b80-e31861bfef22,true,fake_account
048b8a73-010a-4eeb-ba77-3e250271832b,b9334894-0d24-4bbf-be23-03cc295cd793,false,fake_account
422b3764-e506-4cf3-9359-345105fc6214,8af9a69b-2682-4e33-9e17-05fb70e3c112,true,coupon_abuse
17c672c5-3d5c-44c1-b143-0bd7f15a304a,726c99fd-3a52-4bb4-bd70-b58e1d1739b4,true,bot_purchase
2b13ed0f-f307-427c-906a-11816d30378e,fbaa5a6c-ed0a-4323-bee3-b130e20e4fb0,false,bot_purchase
d193445e-107a-495b-a14e-c397ec92a6a7,d3198452-85fb-4c19-a12a-e04f9000772d,false,coupon_abuse
cd43515c-ffc5-4baf-a71a-dde41a893917,5ad5fba5-ca59-4023-a88c-181b4aa6c974,true,fake_account
aeb794b1-d9f7-4160-9d0f-4327ac529742,ee7104e6-5389-4f03-b7bb-ffcab8152cad,true,coupon_abuse
e4b29715-a5e9-4d9e-a9f6-d0ff12a5ec42,7ed87287-f75b-467f-a053-fd838564936f,false,bot_purchase
484e15e6-7ba3-4c29-8c3c-a1b91b8c3b7d,fbfe2b0b-f064-440a-a36d-dd71d80051c6,true,fake_account
f741ecb8-a0f0-4977-8828-987f2d3c1bd7,0f8c12c6-8bc7-4728-82c3-4e09e317a1d1,true,coupon_abuse
7531c0ab-4802-4473-b4d3-08e1e214a6f9,6623150e-1b6a-4e26-a767-57f538733078,true,coupon_abuse
c2e124c8-4336-456e-ba7d-3c84ddcf3559,ceeda312-6ad7-49d3-aa7c-e51b5b81140e,true,none
c5cdf279-421a-4d71-8b3a-e136df17329c,f2e5af02-0617-421d-8321-32255f9201e0,true,coupon_abuse
19d677da-2f9d-4e9f-8281-39e85e30e3a4,fe26ff76-3d3d-4deb-87ec-103c1068853f,false,fake_account
d5354423-2c54-4649-91b4-5b3269bb9d0f,702a4d0d-ece3-4e44-bd34-dd8a40904aac,true,coupon_abuse
4cbc036e-0bcd-439d-88ea-0305df6b6018,2e8c01ba-8ef1-4b6d-a7f2-2397f9ff7b8c,false,none
c5aa2a8d-a565-423c-bd53-0bc7510ceafe,72066c3b-7dec-491f-9f57-bc2d1cd92599,false,none
b58e90cf-c4a3-4a13-b28a-377df9780c9b,63b7a9f0-9716-461f-b5ca-3212bd2a08ef,false,coupon_abuse
59b11810-e2c2-4ee7-ba5f-31ba826dd4bf,0621c073-0045-4aa2-8852-7f9d668a6656,false,coupon_abuse
2ec337cf-03dd-4a1e-b372-1f28980e470e,dbc474e9-ba60-4e8f-b19c-2c43426e79aa,true,none
7c77475a-0c09-4837-b9ae-68015e25cab3,ece174cd-ab27-466e-92af-0c834d55076b,false,none
df4901dd-1eb8-4645-af64-0e852977ed67,eaf845ab-691e-4180-a42d-aa79467ce70b,true,bot_purchase
11c129b2-47df-4677-9def-75c463cab258,16e6b46a-052c-4d76-bf8e-cf83e7bf12b4,true,bot_purchase
5d0ad7bc-3e4b-42fe-8a91-3f9abd200b8c,4d88163f-bb33-4604-b823-2e33aadff606,true,fake_account
930ed5ba-10aa-4d97-9636-86ae799a8713,0be44d46-9429-4386-b554-3b4aa4068af5,false,none
fdf6d779-6efb-48e7-82c0-447f0284fdd5,b38ccc37-585a-4646-bb1e-b69b1926975a,true,fake_account
4574a129-4c46-4542-96d3-8df5bbb1a594,6251a507-de79-4394-b9ee-6f69aa59de41,true,bot_purchase
21ca9cc4-41ad-4651-ae7c-8f70aa8cc850,0a14a396-f017-41ae-8cb8-a7fc6511514c,false,none
f4d7e96c-f0b9-44f7-a53f-95a754996725,926a9cc5-b70d-4933-b84f-4b1aab7405d1,true,coupon_abuse
44759508-3b53-4dca-a701-e0b8751ca036,fcb2a452-7734-4a48-916a-fc019c48acb0,false,coupon_abuse
cc5a56ae-2f34-42da-b641-c2fe342ceac7,6e084242-ba48-4a86-b359-83c11780d2c7,false,bot_purchase
1df05ac3-a148-4d70-8ef2-6d770d3a83f1,1a0b7241-08f1-4cfe-a893-108371af657e,false,none
41535892-6b4f-4b56-83ed-921d4c4262f1,79d6eb18-236f-4f14-a52a-d1a1a23a933a,true,coupon_abuse
b6fef67b-c85e-45aa-a2eb-90f94c4870a7,6a792efc-4783-45ba-88e4-984bbd8d9d60,false,fake_account
7b91f955-80d6-47fb-8663-a9434a44721a,b3152a13-7bfb-4147-871c-cc2ce3daacb1,true,fake_account
77293fa8-20b0-45ea-8c7f-c8e2d5be3e42,b0d8c731-885f-4f82-83d7-cb58fb8ff033,false,coupon_abuse
62559978-4b06-4d01-b593-b638183932c0,0745056d-12c8-4403-9790-c7fc736a4d71,true,coupon_abuse
cd121f69-6b8b-4db4-b74f-05f9deae03d3,85dd8c40-2fe9-4b7f-86ea-dfdd92e87863,true,bot_purchase
df95720f-eea3-488e-be17-4e5a10229e80,57d64fbd-0d19-4457-94b6-9017f7ea07a0,false,fake_account
4481daee-a3dc-46cd-8b52-f16dfe4e8487,c0d25971-bb9a-415a-b68b-e2403f499be9,true,none
9f55a7f8-9331-45ed-9a6d-756af1d1d26f,2972a42a-8f46-43c9-b7af-0ae5c3f4e63d,false,none
da5314f7-f1e4-4a9e-aeb4-f80d13379586,3ba466b9-7d36-4f97-b9e7-da40caff3536,false,bot_purchase
82bd1568-0bbb-475c-9a4a-a1d0f0aa9a84,e0cdd4b1-3fe3-4170-95ea-754fb33fbe11,true,coupon_abuse
2b49500f-0ac5-4091-8e6b-b89d1f4d85b5,16710fe6-bab6-475e-9a84-4996074c34ef,false,fake_account
6d43e962-b93d-41cf-a434-9d01448c5646,e4d1bb2b-2254-49fe-ba08-6b1f01e81b8a,true,coupon_abuse
f05e9583-b242-410e-82a2-acc18aa4e7a1,ec77be4e-bc2b-495c-aada-e3d10cf7fac6,false,none
c5e2e5c4-9230-45e4-b0b9-25a29b57483e,d46fe94b-e62f-417f-9581-cae45628def4,false,coupon_abuse
052ca324-819f-42f0-9f75-8ff8cedf899c,d56d87f6-ecaf-484b-b2dd-ad26c629edb8,true,none
7997c7b0-037b-48e7-90c5-414c4031d41a,96f71b2e-7830-4914-b0d7-1137648a5bd9,true,coupon_abuse
76ef56a4-bf3a-4396-9824-0e0e0d79fb40,001bce40-2fc2-4132-9f9d-7afd0e45cde7,false,fake_account
97ea05bc-b3ba-4efc-a6b7-f66b769205c7,843631ee-deee-47e1-a6f9-ee8e6d24b848,false,none
f54dced6-7f41-42aa-b4ac-e2500b991b93,9f6a3374-ac3e-4916-9927-b67b69c97a15,false,none
881b6777-5b4a-4d55-a7cb-a5aad3677fec,db6f1a09-b39a-4268-8bda-8e7740ed91a7,false,none
915cf3e8-c679-4ff1-8096-b098812eae1a,a1041d9e-de6d-4507-84c6-58ba2adfd644,false,bot_purchase
b3975aad-331e-431b-a543-e309b49cf734,87c42e6c-3598-4984-83a3-695aea75ecfc,true,fake_account
0c23ff41-0adb-4e4b-98bd-1ca386f177a9,9a024027-b704-4690-bbe6-a3d1eb79fd80,false,coupon_abuse
8b7667c2-84bc-4afc-96f0-2623fd2935cf,8fe6d74e-9f9b-4849-b73e-d14db092ba46,true,fake_account
64bd6ad0-fc90-49b9-a729-6b118b65d8bf,381625f9-ef31-4d9a-8f29-e76e6c6f0d87,false,coupon_abuse
315ced8f-ecda-4d27-9cce-6697ee7160c2,7a2627fd-3ee3-48fc-bf0d-7ec214f719f7,true,bot_purchase
0c9cd1bf-92fc-4065-a1e5-8b8d86de1ffa,0596b1fe-76e4-4cda-9ca8-d5bafdd7bc4a,false,none
b7333b0e-f778-4264-8ed4-e8f90defef10,6c9c65b1-cff5-4fef-94f7-6f9e572fe00e,false,bot_purchase
ba8a9cb2-ef9f-4d4b-bb24-73d724201134,f9baf24d-21ae-47da-8288-c8f80dd0d536,false,bot_purchase
7d4bb518-d243-45f6-a02e-39da252025d1,084d6094-2b09-41d4-b84d-c6bb25060ff1,true,none
ede7bc55-fcff-477a-bc1a-4f054d6d72c3,cf7520e2-eb33-45d9-83ef-ce4753f11570,true,coupon_abuse
3ebe7252-d784-4392-943d-1206425aa3f9,cc217fc3-8eed-43c8-a799-c5d935f35a06,true,coupon_abuse
dde447c8-9f9f-434c-aab4-50a278d8e1eb,13dac4cf-1458-464f-a85c-2de53dfe6bc0,true,coupon_abuse
8ed0a849-26f0-4f20-aaae-0ee5750dce04,979603dd-f8c4-430b-98ad-e3e81f4b7ea9,false,coupon_abuse
1f5d06ba-f015-4a26-9c1b-2cd2760f02ef,7e1f88fc-2f07-49dd-ad14-d98fcb27ee4c,false,none
ac45c073-9ad3-47b0-a0fe-07cdf10adb45,1879753c-47d1-4ebb-9dfe-2d93182d5dfa,true,fake_account
0cdc86ed-0856-4681-b4b2-c64cd80c5084,2f931ae1-f5ff-464b-a584-6eb32685096f,true,bot_purchase
d6676d60-d0ef-429d-b1ea-e360e79a4fb3,3e31826f-f0ee-4c99-83dc-7cd4021f632c,false,bot_purchase
9f6e951d-b7ac-4f54-8372-9271f471bb50,7a81e3cd-9e09-4960-8b4a-ba31f79632e5,true,none
b12375ce-3e7e-4b4e-8938-dab7fb308b14,04059329-cd60-41cd-bcab-40f2fd4077f0,false,none
84eee74f-3470-454b-9ca5-940b27545813,614e3a8e-84ae-4ed4-82b3-47add6da4556,false,bot_purchase
ccb1a9c2-d37a-46df-ae0b-ee9734cef779,56e634bb-cd75-4bf3-96a0-f8a9676ad7a5,false,bot_purchase
963f7d87-1fa7-4520-9a9d-c3eb1f26e773,d9a41629-ec2b-4e55-8c9c-48e4b8d2f58e,false,coupon_abuse
4a0dfbfe-af42-4187-b2b2-909417b2a4d3,0955dec6-c88c-4785-afcc-e786bd00f7e2,false,bot_purchase
1e86aa47-ef85-4ddd-a454-fdfff866ac6e,88cd7ada-a603-45aa-8f00-e8aa942295de,true,coupon_abuse
8170233a-68e7-4ad1-8620-cbbabc061d24,518995a7-8ac9-4227-83f1-8d40b8d5fa9e,false,coupon_abuse
5b880c7c-5256-433e-8340-177f29254423,d707e187-bb10-45bc-aa1e-8380393d7df5,false,bot_purchase
4e962898-0606-4ecc-ac4d-8cc598e2b7a8,ff4b12cc-ec55-4d97-80d2-1ec34adaaf60,false,coupon_abuse
6eb8b586-358e-46b8-86cf-e62b7d89e6bf,8ca1b440-3eef-41df-b4e3-79578f02b632,true,none
9aaf4333-a8d7-4bf7-aff9-9a1b7d35addb,c292b05f-e341-4ca9-bd39-5208634dbfd6,true,none
31ac713b-4776-4efa-ac94-6e82b813a721,818667c1-3292-4fb9-a25a-5e863594cf9a,true,none
857314cd-7482-4072-939f-8cbcacd89b84,488e785a-deb0-4b00-920e-74edf1018315,false,bot_purchase
368bbbe9-635a-48c2-b4c4-b9461f39feaa,789418b1-67c4-46ad-8642-cc2fbaaa0724,true,none
9503ded9-1234-46b7-aee2-328eb10504db,2d37498f-602b-4b11-a0d7-b6a4fcb7af48,false,coupon_abuse
ca801a7f-7e29-46e2-8167-cf715f183a5a,b80ae81a-4865-4a65-91ef-0917c6763c21,true,bot_purchase
a0fbf986-d0dd-49b6-a3d7-c516ecb0d61e,676b8922-ff97-4c26-af22-4302715233bc,false,fake_account
8041d8a4-3c33-4197-9f33-ab10319d2d97,22528ab7-c213-46b5-a5f5-839d8acd856a,true,bot_purchase
b3611ff3-7401-4777-a8c3-47ef50ed8253,7521e535-dbe5-4bde-9d78-8bbb82164efc,true,coupon_abuse
2d0faaf6-e333-41bb-9958-664422e9dfce,adff554d-a01b-4b99-b839-3f83b568990d,true,coupon_abuse
d3df9aa1-6f48-44a5-a410-bfd46a6c52e9,8d44850e-b83e-4e54-a956-ff65cc3e415f,true,bot_purchase
9156ddcb-e919-4e3f-b9fb-24ab9e6e2ba6,eee800e5-4b60-4017-8678-e7cb0f6e990b,false,none
b3bb0dc7-2e15-4ee7-8053-3ed19d4b4db1,610a8b02-adef-4877-bfe2-6e33d4057f45,true,coupon_abuse
56e62e30-2ab9-4350-a55b-1594e198462a,5b0f0b14-c979-4183-9d14-a1eeaace854d,true,bot_purchase
5d616ff1-37a9-41f2-9e2a-ac7093db90ac,d0e2c295-fc8f-4b72-85cd-0a14d7c6727b,false,bot_purchase
9f5a777c-f1e8-4150-801c-b7130806801a,d38a388e-4780-402d-9a9a-dec37ea0882d,true,fake_account
757d4edf-8a15-4b57-95c0-09d9c3aa99df,7e79eb84-a887-4c29-a059-383debfbbc98,true,fake_account
30c81e11-9eb9-4a78-af13-7e63cb47f6c9,e36e996f-739b-48d2-af2a-03c6c70ce9ef,true,none
035f6928-6b7c-4c92-affc-e5a89ec11dc4,b57c17d1-f36f-4e44-9007-ca6253398884,false,coupon_abuse
18d7fc90-2764-43c6-ba4b-0b8050dd371a,88dea49e-9ef9-4c2e-b7de-6549670534bd,false,none
5290e1a3-be02-485e-ba12-699793ef560d,79a043d6-40ec-48e6-8096-c0f544b9dfec,false,coupon_abuse
513a1211-f04a-4eb3-8e23-dbb4c8c85ffb,c14cf368-5b8e-4e5d-a505-0ef6391799ac,true,bot_purchase
15d772cf-21b6-4d58-ad51-34a6efc3df11,c459b453-6bd9-472e-b72a-dd34de375262,true,fake_account
60fc8a26-d66b-4e79-a0ea-54ed2e022efd,56e5da12-489d-4899-9246-7d2f4e08d73f,true,bot_purchase
22cd5d5f-dd42-454f-8597-73b4a4387f0e,31eceb42-2d76-472d-8bf2-96c99d4325ea,true,coupon_abuse
f33f7b6b-7b8d-4cf4-9cea-9a80703ca97c,2900baaa-9efa-4a36-b2d4-7ee5be5643ae,true,fake_account
e3d10b2c-9b22-4873-b94a-a0931cf22f36,a759bb2f-541a-4e03-abcf-f249406f74fa,true,coupon_abuse
e88601a6-e94d-4f0d-bbf1-d44b56603a24,b38fdfdc-6e84-4971-ae50-db0a15189922,true,none
519fb61b-6b59-4a37-8b93-7e612f49c147,b5b0a9b9-402f-45d5-b22f-99934d6c4cb2,false,coupon_abuse
b2ded4b3-fcab-4a76-ab9a-b78be7ff1ccc,32df2e4b-02ce-4a9b-8b13-078b40aa1b51,true,coupon_abuse
6c3bf7e3-2b0a-4db0-9d42-32aedbb42fbe,b5b0a9b9-402f-45d5-b22f-99934d6c4cb2,true,fake_account
2727ec7c-efb1-4850-95a2-5feb65be2f62,2042efad-3643-4113-aa7b-2ba60437fea3,true,fake_account
b2446066-a3f0-462a-a112-024a8a99edbe,b115a39a-1040-4335-a244-559bc81a53e9,false,bot_purchase
796a4cd2-fcd5-4cab-9c13-a8fb635a7fb0,43a7f99b-3016-4cb8-8508-ee419af275dd,false,coupon_abuse
57d6b783-5bce-45dc-bf81-0165830034f3,a68a5cdc-5721-412d-ad2e-95faa4934175,false,none
ac3335e8-1f2b-47ec-9a0e-1df20f6dda9b,527b7fee-d912-4ac8-a03b-86d51e0356ae,true,fake_account
fa23cb35-5def-4b2f-96d5-85d28d945cb9,e67fa3c9-dc38-4320-a7c9-8f7125278852,false,bot_purchase
3a16d939-d76b-4fd3-ae09-2160d8a62741,7c22c0b2-c75b-41d6-af6c-ce96a89ae09f,false,fake_account
3ad94a88-e6db-448c-b64d-c01a49284cec,c080d48a-4ab6-477c-9aad-0bf2342da085,true,fake_account
0068814e-6743-443c-934b-9a6cf3748b17,e113a8ee-b1ff-4e75-88eb-dcc1d6689dab,false,fake_account
ed60acb6-7d5b-4153-a56c-09dd31d92044,d6fefb5f-e939-4921-8ca1-0cb351610781,true,bot_purchase
2b2b5d06-a2b0-47e5-94f2-5353b3928e4b,f5168ac3-c965-4a07-8e87-1ee75e4d096a,false,bot_purchase
c543d383-b280-4c5a-9641-b10473307b62,f8f0f922-a7b2-4f53-bef2-8d935db10ef5,true,coupon_abuse
f955544c-0d34-4034-87c5-f6f19c3c98d8,19f2f483-25aa-499a-94f4-69584482d162,false,none
feb62756-9edd-40b4-9363-e70d3946a333,a621abb5-4d31-4a2d-b729-6a716a89b1a0,true,coupon_abuse
d03b206c-2b16-443e-8695-c2d9133f5c6f,e7cb7eff-f272-4b5a-b347-bfb66e5dbe67,true,none
7bbf083f-3b7b-40b5-ae5a-b38ac316bee2,8c76f1b2-6760-4787-b465-100523a0774b,true,coupon_abuse
0501ae69-9c0f-4e08-a7c1-d54cf98c8c9d,bc894f08-7874-45cc-be40-a53222ee2632,false,none
e155d008-7147-46d6-9730-68c7845a62fe,a6417fe6-cf6e-4dad-98dd-4419303ad79f,true,coupon_abuse
3a603966-1214-43b8-9be8-b25f5ea8f03f,f03383c4-28e7-46d8-b752-f9b3a066e888,true,fake_account
20df2436-997e-41fa-a950-617f6e06006d,79c91048-baec-407b-b97e-3381e6925f77,false,none
97b630c1-e932-4150-9e01-4b6d093bd966,293f0a84-8a7f-45fb-a11e-0f0f2ac47f74,false,bot_purchase
c860d1b9-324a-4b13-84f9-f7bfcff636b7,25e3efdb-6b7f-49aa-9f7e-06203f8e7dd2,true,bot_purchase
03371de7-08da-42ed-bdc0-6cb9b5b6c4e6,daf69120-b268-496b-b13a-682eb4264c0e,true,bot_purchase
b3d87a29-fd08-4e49-92e6-aea779163b08,5441ac98-1e0a-4127-97a9-9cad6995edca,true,bot_purchase
dc24cdad-8228-4594-9ca4-15451ae68ce6,4f6f9480-13b5-4521-9368-afba3c088752,false,bot_purchase
3f690da4-999e-48b6-a05c-88e36486f831,7d89a0e1-e1c5-4f78-a343-4ade99a5ad3b,true,fake_account
ca221c69-72ee-4a93-adf5-01c36aca8bd1,1bd6bc46-b08d-4f46-a4a2-89eefffc06d0,true,fake_account
efa629fd-0f42-45bb-b456-2e17983d7aab,880164f1-757f-4ceb-93de-b26bae808d08,true,coupon_abuse
d8499a08-0a73-45ce-a849-8d55b6a5845f,abb67000-0efa-4575-ac6c-cfc895d9a803,true,coupon_abuse
a8f73724-7088-4d05-bb0f-5a5c8c988bed,ffa3096b-5f9f-4c5a-a8bb-c8de264e3a7a,true,fake_account
1deb4eee-cf3c-439d-85a7-0985cce17556,101128bd-d1f4-4855-ac39-4502913cca9e,false,none
530d7371-ece0-4ebb-85d8-7797039d20da,cd439871-3c02-451b-a310-6d4abe2fc041,false,none
d747ad3a-38f7-4fca-8047-85f22f5548a4,20176f3d-1030-40da-96f0-4b9f1846c402,false,none
ff1fe7ad-d643-49ff-8379-88b069ff5bc3,8da857ed-d951-4ae5-8151-aa30e80ce871,false,none
3f618570-b779-44d2-8c5e-f1f0243e0a74,ea036328-1a47-4913-878d-ea917ed98101,true,none
8c81046d-504b-40e6-ac3c-c00d1b636bc2,41f4235a-506b-40e2-b046-9f9febd54ef7,true,fake_account
84c033b8-9866-4555-9b4b-db078134d63d,94a79e2a-bced-4958-8297-370194398928,true,fake_account
7bb37e03-5af3-4dba-9517-47aa59d05a7e,ff5b4fbb-eeb3-46f3-a5dd-0ac71abfe4ce,false,fake_account
5ed703d3-8e3c-49f6-b143-697ed03a6d40,22b3fc3c-72f1-46f6-aa89-49ca9b5a8903,true,fake_account
12a6bb4e-93d9-4fa5-88ed-803fff8843a0,2e837a11-ace7-43bd-9ced-ac96edf1c553,false,fake_account
7c7d4864-0b62-4159-8967-3d75bc4ff618,2900baaa-9efa-4a36-b2d4-7ee5be5643ae,true,bot_purchase
4a82368c-da15-4aaa-9e65-34d7ca4b038e,d3debca9-5c2d-40d2-b4c1-0aedcbe79476,true,fake_account
72f28bb7-6317-4548-a74f-2c544977d54c,9086a0fb-4211-4c85-9435-87c7250f7aa8,true,coupon_abuse
fe683a57-37b2-47f3-a0fd-10a4a3a4bcac,8ea9247d-09b3-4a98-89fb-900d5196984b,false,fake_account
423ef322-b1e4-41c3-83fc-70ae2174e97f,6bc5e963-c8f7-4672-ac66-5f709790f4e1,true,none
6f82c13e-81e2-467f-b6a2-aef295084893,ad7f85a0-5a68-4e47-90cd-51e33d554fc6,true,coupon_abuse
18eca4cc-da69-4553-8bad-68b7a391eb3c,37853502-8fad-49c8-81fa-cbc3ead9f491,true,coupon_abuse
2f4e667e-2e48-4eef-a0ca-59b1dc0027ba,f2589cc7-2403-4f01-b6e8-a370d6443008,true,coupon_abuse
0fe1b7a1-8298-4b99-8edd-545bbc931bb5,a77e7b56-3cd2-42da-9aa8-697f7c3b0d0a,false,coupon_abuse
d31925b6-8bde-4929-a36c-7c548d6e84bf,eb88df2b-b53d-4f6e-9d59-55b061e0ab16,true,fake_account
d831aef3-480f-4523-8e74-1511974a3a81,4b6a75d9-3e89-42b5-9b8e-70c98ccadafa,true,coupon_abuse
828c6600-b333-4977-adab-71d5cfa89ee3,9a024027-b704-4690-bbe6-a3d1eb79fd80,true,none
8158867a-fadb-4499-87a8-941be9ddeb1d,ad636c45-c74e-471b-9737-aa7322b97edc,true,coupon_abuse
8cc2f0f0-e749-404c-9df7-59bede6c1ada,7ee5476d-e8be-429b-8853-63fff8abc794,true,coupon_abuse
e3aa69db-1bcf-459c-8cb7-1b39f3b6d4e4,b4eb65f3-8da4-4632-a432-e4997c224055,false,none
f5f0055c-5d0c-45ec-ac68-b9a01ba027f8,594517af-cfe6-4546-8c6b-3e9e1523e39c,true,coupon_abuse
a8551637-fcfe-459a-9969-3ffe7a9fb14f,78b11538-eed0-49bb-94d0-4f047383c0f2,true,bot_purchase
66463e7d-e602-4477-a8f7-ba663dd5f6c4,97b00adb-a4a0-4dd3-8ef5-0951477d54dd,false,bot_purchase
25f2cd15-af3b-4378-8790-f6400c2f969b,617c3951-c379-4e25-8a94-a801550a8940,true,fake_account
61e43446-e12d-4225-92db-9c8b2341a393,a0d9c431-b2bc-4687-ab8f-5094247dfb91,true,bot_purchase
ef758b3a-a53c-41f5-9d91-aecba0c6be59,313b18de-56b0-46d5-9085-5045a69fcf60,true,coupon_abuse
adfec960-56fe-4247-a862-bd0907f10f10,792d502f-d310-4281-94a4-fb2b18072a5d,false,bot_purchase
3dcbe463-3583-4bbc-bbab-bf7a9dd3bc7e,6b042108-eaf4-4873-9a87-34b768bb47ba,true,bot_purchase
f3dd78f7-4d6f-441c-84fd-9da273157b73,b78ca2a8-8791-4729-a64d-d57aafc6149d,false,fake_account
c01570c5-f3ba-4b4b-b9e0-cbe7214a49d3,b2539ed4-084e-4f7f-a713-c5b0c21d1ed3,true,fake_account
d0618da2-409f-47da-95ba-4da30da02729,3aab9ca3-726d-4ecd-93c2-4cad40defd8f,true,fake_account
b8bdffeb-8e22-4b1f-b81d-8522dce6e95e,fe5e6e56-72b8-4c8a-8d95-fd45bfa59fa4,true,none
86182a31-05ae-4cde-9ea5-2345dab5878f,b6479205-a705-4353-bf1b-53904fb5aacb,false,bot_purchase
f1aad816-0b95-4532-a971-ba63db1d4bc7,175d5654-1624-425d-92b8-3e82e0509a75,false,none
20c32dd4-3b0e-4e71-b70c-9aae6f464548,7a239ee1-e929-49e4-a4ca-81b32134ea6d,true,coupon_abuse
8afcd825-f487-4747-99fc-7e77a1e3f0f8,e4ef8a77-18e4-4904-9cd8-3b10739ea329,false,bot_purchase
2d06f715-6139-4b36-9459-564b3cb8ecdd,0792f1c8-da57-4cbb-bd94-40970107ade9,true,none
5ad5642a-f921-456d-a7d0-93057efedc4c,dfb47107-fe96-4cad-a955-e88e54af878d,true,bot_purchase
40d75c10-3c57-47b9-b606-f863c754f7ee,6b9a1abf-5c68-4033-a6fe-cded9e2f47be,true,none
7e779dc5-fcf8-44e2-8674-121215c75ffa,494ffa6e-f544-4cf1-b47c-1405d4302b7a,true,bot_purchase
fa8d274d-d212-4ce1-b8bd-3d347cc1fac9,2e3cc446-2543-4982-b49f-24c4012094c5,true,coupon_abuse
af21ab37-f7b8-414b-b482-e78d39d8b0e0,a4624c83-f982-4ff3-a126-d8fce5584725,false,bot_purchase
4514e260-d119-45cd-a0a5-bd623488b359,45037ec1-111c-46ae-a4cd-2b4ca264d7a9,true,coupon_abuse
71aa5ecf-2ce3-457a-8171-69f07f0fa7f0,ec77be4e-bc2b-495c-aada-e3d10cf7fac6,false,bot_purchase
7ce8f8ef-da53-4af1-ad42-b98e38223375,8da71792-6006-4ec9-bb60-235105d68897,false,none
f4192cb5-f6e0-45d5-80e1-7d8eb5c941b2,f8adfbae-c4f2-4149-8155-4f6256c8d483,true,bot_purchase
6cca56b4-ffd7-4e2f-bc33-aa46f5cc6f89,e6794b70-8b88-4a75-8199-7a87aa7362a8,true,coupon_abuse
79b57ccc-141b-4f31-afa2-5e3c0ad4dba1,857b8440-6762-43ff-b806-45f786c941c2,false,fake_account
61cde331-3af6-4369-99ce-2ae6970e2f98,9e30279e-b730-470f-b376-4cd0071aa81c,true,fake_account
4e68cefc-eb0e-4aa1-b6ba-b8c3d704ceff,9213fa73-e453-4010-a1e7-20e72063cb4e,true,bot_purchase
ba882226-7e34-404f-b3ea-a98b7c07c97e,eabf1dbb-3d80-468c-81fe-576d795e85ad,true,none
473d1daa-668e-46a2-8a48-eeb5635e59f2,560969c7-bff6-49eb-9ed8-78d958fd550f,true,none
dc0e585a-524f-499d-9af4-09403283b352,30f7f870-ac97-407b-a8ef-8891190a2a06,false,bot_purchase
31e87557-b6c7-4664-aa03-d9d0b7cb4433,cce38bcd-0743-476a-afa3-9861c631d5e3,false,bot_purchase
cf096a82-8558-4c37-a2a2-c75a006b6f3e,bc7e069a-a9d6-4ce0-ac69-8ceb9c3a26ed,false,none
a88f7bc9-9893-49a1-812b-f8710c17bdc5,0490bba8-2f4e-42c5-8bee-6536a7b8eeb5,false,none
602eadc5-04ff-469a-8986-13ef28b33222,0f8c12c6-8bc7-4728-82c3-4e09e317a1d1,false,fake_account
eb7c90d6-403a-4f93-832b-1f3e8a374f16,92d19787-88fa-4435-ba85-1ac7edd7af11,false,bot_purchase
bffd553f-64cc-41fc-b78a-97458af8b56c,fcb2a452-7734-4a48-916a-fc019c48acb0,false,none
057833bf-eda1-46b2-ab25-e82ee85cabaa,c9a4ffb5-4899-40b7-9082-f6e485b4e909,false,none
d7fb91d4-7bda-4d69-8169-78a90400da89,1a83c545-60cc-45a9-ab40-b912ff802597,true,none
b292ba67-1c22-439b-a41f-46676c7ad72c,5a58365a-97a5-4504-b52e-51d91cf0e417,true,bot_purchase
b1dc76b2-2493-4302-b51b-c271210b1dbb,c9a4ffb5-4899-40b7-9082-f6e485b4e909,false,bot_purchase
aa392b80-6f58-4ec6-ab65-bb21cbbe1d98,61ac8911-68ec-457d-bd57-94368f9d3db7,true,fake_account
94b56e5b-e5f9-41c3-b2a1-8fdaa0340a18,68e2f146-0b7d-4cf4-9911-8af08012eb97,true,coupon_abuse
fb9fdcbe-705c-41a0-84e4-c7a3cac68982,a937ad7f-aa24-4b38-8464-daf64ef24931,true,fake_account
d396386a-fc00-4f2a-8d99-d806221ef2b7,74c2f7f3-df5a-4807-aa16-70456b722f38,false,coupon_abuse
f85978aa-eeb2-4da4-acf8-640cc87c92f1,f609729b-6873-4057-9812-f9d6dd897aa9,true,coupon_abuse
fa14f713-bd4c-4495-9a3d-9d992f9a9024,5d398729-a934-4ffa-8147-3d42db9cd216,false,bot_purchase
b8d1b180-9bd0-4f7b-9789-514d09ca3ebb,14470d86-c7ea-4be8-a13f-0645d987d274,false,bot_purchase
b741868b-cc11-486d-98f3-4dc0c91804a1,5a58365a-97a5-4504-b52e-51d91cf0e417,false,bot_purchase
776dfb30-5c2c-4ac5-848f-98a9094f4a53,624a5ff8-0b67-4ca6-a4bd-3e825e365ab2,false,coupon_abuse
16efeb8f-60d5-4167-a769-8eae7caa9e6c,4243ccc9-9e74-49f9-ad1b-3ca01c6e2a56,false,fake_account
490305a7-b76b-4c34-8417-7687a869a3d6,5ffd7972-90a9-49bf-b1d1-5d2c44f2e0e6,true,none
4e5729dc-5010-4fda-81a6-40cb97ba564b,933478e0-5ab1-418b-92eb-f29858263e51,false,fake_account
a0d323e7-631e-4efa-a5c3-3c716534a1bb,2bf10f27-27d2-475d-ac63-6deb5ba852b4,true,bot_purchase
f109444b-91dd-4f2e-b0a7-cf6912fa65d4,08797f92-7f5d-42c7-83f1-bdb0848554be,true,coupon_abuse
accf9a62-fb52-4ae1-8cb3-0048f81fa446,41c7785b-dae1-471e-9c06-f4b57b39b7d8,true,coupon_abuse
54f6e994-6556-4240-90b5-946d47c1b785,567f3e82-ea73-4b02-89ee-2ee05dbef278,false,bot_purchase
0a336e12-a0d7-4852-980f-9feac5d31cf8,a0071657-3c7b-46f6-a871-23559d197a37,true,none
b738da84-e3f7-4df8-aafb-aef1e1eee6a4,e171de6f-f6df-4e51-8e0d-cc67e7128267,false,fake_account
6e7fd08d-e6d5-4a8b-9672-c8024761da5f,9293fe10-1659-49af-abb1-c02d7d304d7f,true,fake_account
71258586-f048-44b9-9b4f-d7838e5c6ab9,3dfcafee-30b0-4bee-a1de-496d8272799c,true,bot_purchase
deec2821-4124-4a43-a231-fa74d454372f,37fd07bd-41f8-4de1-bf27-b7edc90017a5,false,bot_purchase
4fd9d537-2c00-4eb3-a4c4-8dc3b4f1a6a0,007c94f9-7826-420b-b16c-9a0ac6143dfa,false,fake_account
c4851b7a-0cba-458d-bd29-c640a2069a08,7eb67716-8c2e-4714-9cb8-9fdd0d735706,false,bot_purchase
ccc9b434-b28b-4fd9-8af0-21c24895ecd8,a7ac882a-f2eb-4743-a3b4-86425ac68295,true,bot_purchase
462ca3b6-26b5-4791-8dd4-3b6aff61482c,7b611c16-4351-4593-abda-7cdefd9fdb15,false,coupon_abuse
380bcae1-d9e3-42bb-b542-f8679c99f3b2,796ed8f2-ba34-4357-9223-e80edfe2ed5d,false,none
4db02d3a-42df-4e65-9a08-ca05bbb6940c,f8b99eb6-cacf-4ef2-80dc-5bc638736f8f,true,fake_account
a6c233f5-3973-4161-9d4b-9604ed1148a1,c91f9ae5-c3ba-475e-b891-a4e09978239b,false,coupon_abuse
37858db4-f04b-47fd-bc27-b3c015a31b05,e2ea3208-e3f3-4c0d-94f4-a5be82f71568,false,coupon_abuse
697b0fd1-a159-42fd-89c1-c38fcc46faf5,83d4c416-e8cf-497b-9461-b9b4725917bc,false,bot_purchase
521af67c-5987-4d4e-8fb8-e78528ba61ca,fb63c570-04c5-4931-a450-4e25acf65e6c,true,none
71c4a187-797f-420b-8b69-571f3eb72d50,b84cdc6e-f6b1-4821-97b3-d496340aaafb,false,none
80d7fee0-39c3-463e-a114-3c8c98cf61d0,18f521cd-4503-4daf-8efd-e5c50b066342,false,none
510074dc-029b-45b4-9423-40cb3d91b86a,b88ffc90-abb6-4eef-8c2a-a8d68410c778,false,bot_purchase
05692fb0-e59b-4411-8ff7-53ce8d6c4074,c20e1f9e-cd2c-47f2-a73b-66cf9b4b3ad9,true,bot_purchase
d23b0bed-e696-4bed-8d94-dfc31579b535,2357db99-b6a6-4545-ac38-9a085ce44d3f,false,fake_account
dbb18827-bcbc-4cdd-914e-14764f50146e,1ee98131-1ef7-403a-8ccc-5a6a1cb92d51,true,bot_purchase
f0b08a14-7992-4c59-9888-05b569d766f6,f1cc8a80-8fbe-4a09-8ed6-35f3e2a7ea8d,true,bot_purchase
fe2bd0e9-72ce-43de-8496-0176926a4b8d,4549fd4d-730b-4722-a8f3-211fc0297b1d,true,coupon_abuse
e1e40061-2bb2-4ce9-a989-b63e8da4545d,3cb8b5b9-c33c-487e-a590-964b94d4508f,true,bot_purchase
83da5a64-b9c5-49c2-912d-9973cb1b1fe6,24017309-93ff-4406-be9b-cc3d795779a8,false,coupon_abuse
15f95ad1-ebc6-4978-a0f1-57044be414df,c61d7440-9a30-4dd3-8a2b-bb8abb3fdca4,true,coupon_abuse
849fee63-9e82-4309-8157-ff32db0813b3,7ed484b4-5621-4afc-ad94-e2788d6cb014,false,coupon_abuse
37452dd4-9d9f-46c2-8a17-71d4eead6b97,1d00dba3-8019-498a-907b-023d01c46613,true,none
dfdc73c0-df1d-4d99-8c3b-d44817218729,36d1814c-25db-46c2-a253-46b8d59ce1ca,true,coupon_abuse
b2e5c543-0f76-4b5c-a598-c930abddf258,fa7b596d-d025-4b2d-afc2-3707cb3ea7e6,true,coupon_abuse
14b48e78-9873-4359-8c0d-722ba55c2293,2fa9701a-79de-4c1e-bb29-6eebefa8719d,true,fake_account
c941de1d-793b-4dea-8d27-8b42912f5735,2ed468da-839b-4830-a3d2-030751fdc5de,false,bot_purchase
17f32a57-e9c0-4f23-8d37-677f70023c76,de6252cf-0e80-45d8-a4e6-f48565fa6b20,true,bot_purchase
d37b5fb1-71e6-4b6c-9246-e20eb1392bd3,29b23bc1-e854-4d70-b1fc-00cc553bb8ca,true,none
9c31b450-ff20-408c-841b-e1eeb9d96fa8,d1896d14-4f2c-454f-af41-112d40775356,false,coupon_abuse
17b75273-b1eb-459b-8b1f-d4e3c9345e89,ca9197db-975a-43ea-85e1-ca044c954d99,true,coupon_abuse
e5deae56-6a72-4cb2-a5d9-6af18e27247a,b8a10708-c29a-4b42-8656-6609f9215b23,true,fake_account
1b981639-6477-4777-b7d4-7708998eba8e,fc70bcaa-30c2-49bc-893d-9f2d48479d95,false,bot_purchase
91c216be-26ab-4528-909e-78bc9d6fa148,a766a118-2cf7-4ded-89c9-145c5d78e4c4,false,coupon_abuse
cecdcc30-e24f-4e57-8a72-f0361f398e37,084e5bed-8944-41ae-a394-2da41a60994f,false,fake_account
ce99bf43-6f77-4886-947a-a310c55821ce,9a1eee69-fc89-4c36-aee2-53eaa83137dc,false,fake_account
f9b5374a-d64d-48f8-8c6b-a088155f66dd,d4e7fc26-aa10-4270-9d55-9e8b9035166c,true,fake_account
190fccb9-a705-476f-8934-4e78426343e7,b587cdd2-2c65-4565-911b-3c5a2435ecf1,false,bot_purchase
45069475-5658-4445-ae63-f628198cb01b,8468acae-71fd-4ce1-8157-9cb30ba23ac4,false,none
8f1b21fb-0ae3-4821-8f84-7177d42283a3,7e4a63c6-6ab7-46e8-a2ce-6d3bac8da39f,false,bot_purchase
a95d4791-aed5-4bf4-8284-fc16f48000b6,d132562e-1603-4e8e-8ccf-c5934dc3fce3,false,fake_account
075b752b-8245-44e9-8067-9226a2a34f2c,c368e2ba-f0ad-491a-a270-00d8e5b2f6fd,false,fake_account
4f02f977-69e1-4898-8b06-28d25fa12118,bd302d60-99e9-4b7e-b93f-b3f217b33d22,false,none
bca37318-7ebb-4526-aff0-3ca85a030d6c,7f2eeddb-d169-40fb-b786-f99196f615b0,false,none
b6d71293-9a88-4791-ac94-f6de119de8fa,edc0eafd-25df-4fcc-bf04-300cac23d556,false,coupon_abuse
124ee287-619d-47c1-a8ed-a088ad403219,258c56a9-969a-4a19-a418-963843704dd5,true,fake_account
07b9248d-8350-4c69-9f59-d1b8210d067a,5abbd9e5-e73e-4b0c-8275-dffbb150d152,true,coupon_abuse
ba197b4c-313c-44d7-a916-8a85e57f9494,d65c1f84-0911-4f9d-b740-ddbb0a5d0d8c,true,none
9ca1c3fb-601d-43e9-bad6-30df9c3e5b54,f8745bc7-670c-4b36-b8d2-53448329ca67,false,bot_purchase
66d6f7bd-2759-49b8-9885-e1dadbd271ac,dad1d461-6a2f-4f79-a9ae-182a667a88cd,false,fake_account
11fad44b-1bd3-48ed-90a2-6df4668b62b4,ddd5c8df-54e0-4336-8791-2718ed76986e,true,coupon_abuse
85bffb24-48aa-443c-beb3-a6c7a7efe1e9,9e48c682-a5e2-47f0-9220-e44f867d406c,false,none
2f832589-1912-4642-a4ce-9d5c4d29a3a2,7759c692-a1ce-4202-8483-2d142882c5c2,false,fake_account
e0f0fa93-7a04-42c5-98b3-59ba9a771644,a4d93390-7f7b-492e-8150-15bef81cbf51,false,coupon_abuse
60f91dc9-69aa-400d-983b-426f631da265,cc461cfd-93ce-430c-82e4-f4bdc34824c8,false,coupon_abuse
db309074-d545-4c18-ba5b-1dac46086592,b55e0f37-279b-407a-a8ae-82f89d073826,false,coupon_abuse
1c7f1423-09d4-4d77-99c7-d1fae7062a09,df6ff19a-6032-4ba8-b9aa-ba40e280632d,false,none
1609ffdb-3412-470d-94fd-30a52cbb554e,20dcf29b-0ad0-4660-b124-a2932a9fb3a2,true,bot_purchase
81d0b848-bf47-43c1-9aa1-085b5b625a7f,08f1ff49-d68e-4779-9dc3-b5d2b16cac26,true,bot_purchase
f3280b9b-87ca-4e91-9c1e-8c43bbd443d0,ee7104e6-5389-4f03-b7bb-ffcab8152cad,false,bot_purchase
8e426e9a-b55b-4eb8-89f8-1f9d5fd12c5a,e2c93a14-b531-43e8-9bd9-6c92a4757ef6,true,none
5415eec9-0280-435c-ba22-32e32a682525,ae7079e2-645d-40d6-890b-7842941fcdee,true,bot_purchase
71fab654-799b-418e-9e13-2fa73e08ff23,d4e62dd9-62b0-4448-9d27-b67bd85c5a7b,true,fake_account
fa81695a-8067-407a-b3a3-a88db455f71f,8a80db24-8474-4d60-ab16-6f84315037c2,true,none
a5c5b419-7ce6-410a-9e69-4055b38448a0,4a3597e0-985e-4ee4-938c-9d1232fb9825,true,none
9c9f1ce5-0d21-4490-a57b-02e9a519147f,05681575-e684-4136-9088-e7491a0d8389,false,bot_purchase
ffc357fd-c4a9-4a42-b5da-2aac09691692,05e9c283-5ad2-44e1-bb65-a0d56aa50723,true,coupon_abuse
aaa144ba-5254-473c-ab3b-2b3eda96d8c9,61058b37-9609-4985-bc93-83ec67189e8c,true,fake_account
73ec681d-a445-416d-bb14-dd24397a7d2d,7ed87287-f75b-467f-a053-fd838564936f,true,coupon_abuse
6ece779e-0aa4-4ef6-9de8-329b37b6a6a7,4499fded-92d0-46c9-8c23-cab7d65326e8,false,coupon_abuse
f669c55a-63d0-44ae-9f71-fae139bacb7d,bb8e29f1-0f73-4289-952b-67f039e692cd,false,bot_purchase
381ae9c0-2826-40e8-8c1d-bd62337dd847,2a8de97d-ea5d-4b9f-821c-508e9ab9fc4a,false,fake_account
8a605172-f88f-46a6-bd15-e53b784677da,486e799a-71a4-4f9c-95d3-b4303c6ba753,false,fake_account
5250c8a5-83a4-4c76-af7a-52619c2f367a,a759bb2f-541a-4e03-abcf-f249406f74fa,true,bot_purchase
bda564fd-933f-421b-912f-c0e87da0a602,97515996-19b8-45b6-940f-35cb283227f5,false,fake_account
eef916a1-f9f2-402a-899f-4ca6c3d24c1f,251eae67-71bc-4fde-ad3a-08ec3b1a8a58,false,fake_account
64894f31-357c-4c19-8b67-f06e7bd3248c,19315e59-04f2-4be5-b04f-9d4acb28357b,true,coupon_abuse
b048170c-e194-4ebf-b1d3-7088beb70352,54eccc42-08b1-41a1-8334-2b6350b99751,true,none
9b2c5721-7b34-4760-b115-a0a500dd5ffc,df5c8635-a7a3-4435-b95b-b475fa243bb1,true,none
ce07936a-2462-46f9-9f62-3470e11e4762,70545589-8178-4663-abc6-b2f3d11a4086,true,bot_purchase
284a32f0-f933-4d6b-b741-7de4538e84f0,50dfadbf-d01c-4ab8-881e-8e4fa114c3df,false,fake_account
815a6956-5bd1-4f65-9881-8f32e7437d8a,f38d4d29-d951-4080-b93d-4e0ba5f7c421,false,none
f19db515-73b1-4463-8c69-e42afd1505b0,ea9de3fd-9be3-41d8-ae3f-4d52eb4f91aa,true,none
0cb28353-260b-4291-ad67-466dfe0d10bc,0bb9b877-f3f4-4ede-80c9-567b8d187cdb,true,coupon_abuse
ed475a6a-9367-402b-9b69-5c39b0784741,0b12b7a8-df9e-4c1b-a87f-c78a4c6fe422,false,fake_account
050033cd-5c9f-475c-971d-31c7465897aa,3ba4ed90-f55f-4561-bfca-bf4407e164a8,true,coupon_abuse
7631e69d-810d-4c37-be62-26618a703b9c,806f13ea-86a3-4e31-a84c-a1de9e5f9acd,true,bot_purchase
042dbc2d-21f0-4888-ad8f-38172f3ebf05,5f87cf7d-ecfd-45c3-887f-9fa3ee16ef34,false,coupon_abuse
28d902ad-980b-4f8a-918b-a3313119e007,0bb3bfa0-8119-4008-920f-9729c3b51147,false,bot_purchase
888189b0-9081-4c99-968a-28a767b501ca,48108690-9001-46e1-b1b5-1a28639a6779,true,none
241c1233-7ece-44c8-bbea-7f081276e726,eee800e5-4b60-4017-8678-e7cb0f6e990b,false,none
e24a48dc-0bc0-45b0-a556-0d7d41c809f8,a124c1f7-9482-4d51-a350-9cc41e6539fb,true,fake_account
4ceee01e-7f86-4c20-8de1-e1bba19923f2,74ca1c7e-6a1e-4a16-be3a-5780105f9cdf,true,none
7afcbb40-2662-41a3-9f79-2cc6b0198ac7,719c110c-e008-485e-820d-fb5c94dc864f,true,bot_purchase
637d1353-4333-4753-a987-88f3e377a94e,07145cd5-2791-4beb-9858-2b3d44fa26a2,true,fake_account
11b7d5a5-b54c-46f8-86b7-f4856f91edb9,8d28d14d-498a-452c-acd8-90446bdfb5ed,false,none
9d547da0-c1bd-431f-9be8-32c91b13957d,ed7d8123-8760-40f9-a9bd-7f7eaa9cdbe2,true,bot_purchase
edfa4d07-9b9e-438c-afab-03f622bef4b3,a16a579f-debc-46a5-a17b-e7bc763ff8c0,false,fake_account
647e3664-2b1b-4baa-891d-0cd196ffbc6e,01dad2d8-436f-4f6a-a8f0-1afa1907f921,true,fake_account
d3fec042-1bb3-49bc-9c7b-caeaa76ee3fe,04da430e-1bfe-4763-a9f0-c065bdd481c6,false,coupon_abuse
ebecf702-077e-4406-8b9a-f919ab7d7de0,803a8ab0-000b-4c92-b3f1-1c522866ca56,true,coupon_abuse
fb878621-86ea-4f37-b951-66dcf1c8c4ed,5d398729-a934-4ffa-8147-3d42db9cd216,false,coupon_abuse
7feb84cd-2f14-4f1f-a612-0e9091e09acb,b8cb86ea-51ab-444d-88dc-e02ed40e2a1e,true,none
5b115afb-8ff3-4da4-9dcb-0f59598517bc,f9ac93f8-da9c-44ea-8b27-31a935a6df07,true,none
76385110-e501-46a5-afbb-8aaf8905af96,f3693aa0-8e56-4eed-8582-77ea6daeec5c,false,bot_purchase
999c73f8-8af8-4477-999e-079846e948bb,cf93e468-9ee1-45aa-bf92-8a0b652d683b,false,bot_purchase
3774988c-ee31-4567-8ca3-00ea90f66492,21546380-d4c2-451e-a0b9-a9e0a4c61b56,true,fake_account
33ede5d7-0538-4331-b40a-230a5088cab0,e1dc5a9a-4b6d-4359-931b-ace1797c32e0,false,coupon_abuse
63ea0018-7816-4da7-9fec-a179082f5555,b65f9c9e-f1a8-46b6-a315-bc9f98510190,false,bot_purchase
02f3d6ec-f8d6-46ea-ad7c-a62ffeeef3dd,3f04fb68-2b0f-475a-9ec1-308e4e0bd18e,false,none
cdefbaed-107f-41c8-a79b-00107ef1f103,ec61265c-632a-4872-a805-bb0afcb3fd35,true,none
02d1a3ad-5927-493d-94e3-2f565de8db99,4cbd99a9-9fb6-4700-b286-2f34c001db6d,false,none
47f9034e-df71-46a4-b182-04021b25cbaf,792d502f-d310-4281-94a4-fb2b18072a5d,false,none
682c71fa-9163-47c2-8144-6727ac45262f,e98ae408-7588-49dd-af04-b5ca4c18498f,true,bot_purchase
c12a9e03-0c16-4107-83dd-e13d4925cfa6,f5168ac3-c965-4a07-8e87-1ee75e4d096a,false,fake_account
47340d58-7a29-4b29-b268-7665792ddd2e,6c81e266-0a2a-42b7-a509-170b0be77941,true,coupon_abuse
9175750f-eddf-4515-8bcb-64b92c139137,da02085a-ba47-4f15-9012-f45a416fdf54,false,coupon_abuse
d923d431-795b-4b61-9814-826139499b58,9563d826-5f22-4a1a-bde5-602c72203bd0,false,none
ac547d10-9189-441c-9a5b-e3f41024be66,ddef3358-99b0-45e4-849d-cf0c84fbf17c,false,fake_account
7b1451a6-286b-4dce-b214-bface3dd7df6,fff8f4fc-45db-44c6-8a12-eb7de6b3d093,false,none
5a996d4f-8800-4d52-9fee-b14103721430,7b596ceb-6a49-4eea-8172-2f136c195943,true,bot_purchase
3ae2bfe3-382b-4616-b611-2cc7f9f3760e,5dc876ab-b6fc-4f1e-82fd-6c22c24dd77a,false,coupon_abuse
dbb88f30-3403-439b-abc4-e92d11b413e5,fb916565-ec7f-4b89-b471-e2385e477226,true,none
74b57b3a-eea5-4240-b412-7bee0f26a20d,5fffb9c6-030c-41a4-828b-da394c72b5c3,true,none
518694c0-86de-46b7-a1f7-bc1790f1933c,070fbaee-18de-424e-8034-981e133c2334,true,coupon_abuse
9468fbf2-0657-48a0-b977-14be1c2047fb,418b9d30-2534-4bf4-b5fa-dfea0fb6f7b2,true,bot_purchase
6c1a2f02-e516-4c7d-a637-2e14ec334a30,d7efe89e-2296-488b-a380-f32951129f3e,true,none
5646b53d-acbc-45f6-ab8b-9ff8a0a02ce3,2b0f6112-6edc-4648-a414-d2a6a2193c9f,false,bot_purchase
bd18071b-17a1-4aee-890f-87d6ae8ccae4,2223a29c-e97e-4583-958c-9338b80e695d,false,none
7cbdfbc6-f739-4726-972d-bedd0e2fcc15,0b8d7947-f4ed-4623-88a1-953ccebff041,false,bot_purchase
69e3d896-9195-4eaf-9249-b9ed9070aaa5,d3124f22-b516-4d28-9966-3ac0efe1dac1,false,none
a4772ad8-3994-4494-b1d4-15fd1c42e87c,7619ed7c-2fd3-47d4-8dc5-2e523e497314,false,none
3a7ea999-5c19-4865-97df-c04d32b26183,53cec741-e60f-4c0c-97b0-321307c8af19,false,none
065544ff-a0e1-4ab6-8e58-db058c3c038f,d5d2ebc3-1e33-4af7-a20b-cf78c0229eaf,true,none
6568f9e4-08dc-4828-a95b-df93baebbcc8,c2e55e11-bf44-4f6c-a9c5-bf92f08fccad,false,bot_purchase
5a6caec3-199e-4ba9-bd0d-ccdf2e82285d,6df88445-3c98-4565-b19d-6ed4cc51bdbc,true,fake_account
91c11519-1244-4873-a513-2131122b54fc,62bb35e8-4569-47db-bce9-2e6b45104d39,true,coupon_abuse
9f2dd77d-6514-4a61-b3f8-53fda2f5139b,0bfa862c-7a32-40b6-9e26-1ba203491bf8,true,coupon_abuse
017852fa-190a-4973-a1e0-0f2f469898dc,b40a24c7-fa8d-494a-ae87-3a959fc58d03,true,coupon_abuse
d17a6a69-8ab5-4ccc-a96e-2567b6556d7f,381aded3-8cb7-492a-ac1c-f21bf1285f62,false,bot_purchase
74300e4f-67b6-4870-8949-1f282b838277,8776be9c-c576-4796-aff8-e000a1889156,false,coupon_abuse
88bb32ed-4436-4eea-9508-00a7db8bbc0a,87a049e3-fc95-4fda-8358-23feae59a372,false,fake_account
1def1ba1-1761-4ea4-b4c1-c6424f8efe50,e4fa0ec5-97c8-475e-8e93-343d3d86799e,true,bot_purchase
5f8d3fdb-4157-434b-a534-1a9df514e6e0,5dee0e08-6ee2-4a69-b8fe-fb4e10afb26d,true,fake_account
923233c4-e45c-408a-9a34-9795196f5d92,5c8f9df8-b2b3-44ea-8d6a-c0f127b2ebc3,false,fake_account
f9fadc2c-9fff-4927-8bbd-2e17c0e1fb3b,e113a8ee-b1ff-4e75-88eb-dcc1d6689dab,false,fake_account
4cde8fce-d77b-462b-9354-8f8ebe145d0b,16b379a1-d165-4b42-99f5-58bf6b3e593f,true,coupon_abuse
51dc9027-a971-4955-bae9-15a398c10c79,d41637e2-41c4-4c3e-8da9-724fae0e46f2,true,fake_account
ba3418a4-de94-431f-9fcd-61fd66d3eacc,1547d215-a21a-422a-b44e-f5f85becea87,false,none
bf1128b8-9fac-4355-ae6f-ea883e07d4ce,43115da3-5cd8-4cbf-b9db-812db8d24050,false,bot_purchase
52a6556b-a1c2-4f29-8212-7e580b48e491,e33a9227-eea3-404c-8db8-633111726bbc,true,coupon_abuse
58b564c1-a558-4a62-b2f4-3a3ee0955a52,a45e9393-c7d2-46fe-8bc7-06042b01de8c,true,fake_account
4a96d590-7240-46b1-97e3-600fb936c4ff,28cb9908-25ea-4c76-9bb2-2352315dc436,false,coupon_abuse
18d2ce7e-22ab-4535-9724-b4481941c53a,9f46627d-a2ee-48e3-b049-c4cec523b21f,true,fake_account
bf6e9a93-5a05-4a94-9cff-d203b849360a,032475bb-c5ac-481b-9fbe-4f0fc526dba4,true,none
ab3798a5-c6ad-4407-93e9-fb233d7e1eda,9d67833e-e80a-41f4-bc96-6170b611c318,true,bot_purchase
e266613d-4806-4d23-b3cb-700a09e19638,fa7b596d-d025-4b2d-afc2-3707cb3ea7e6,true,coupon_abuse
76490653-8ff7-4fb5-9908-bedafd2d4c04,840d5c1a-9b7c-4550-8272-93676c5caf1c,false,none
25f2d598-abe1-47dd-b171-bac88f118ab1,f2589cc7-2403-4f01-b6e8-a370d6443008,false,bot_purchase
497c68ca-8f70-4956-977b-f8da7be008ac,f1b8b5c6-924a-4063-8e5b-7bdc37c4a821,false,none
152b229a-089b-4065-9e95-ce7339ee4295,7ee5ee15-a24c-4b82-9931-eed6354b3311,false,fake_account
a759cee1-3547-4834-b9f1-deda3738a46e,226392d1-99db-4322-b425-ffd30d1ae342,false,coupon_abuse
8648c930-6aa7-4851-b364-cea21cd1a142,7fd19f51-e7c2-4266-9006-39aa36dd271f,true,fake_account
17b29bb7-df2b-4dad-9635-331de31d7c8d,d707e187-bb10-45bc-aa1e-8380393d7df5,false,fake_account
5be73256-0453-4fb3-93a9-6fdbf5033089,1b4abe96-34c2-429c-9636-eee951d5b3aa,true,none
7d66e570-bcc6-4bd5-8441-5f7793dd0b8f,3d7ba84d-6311-48d7-aa4d-2177a3966ec4,false,bot_purchase
db0ad786-cbe9-4c65-87f7-d305b72116c2,8a94ced8-1b8d-4286-b17c-1aa63b9a686b,false,bot_purchase
6d1922ba-130e-427c-8209-8f8d99eee557,1ef388a0-32ab-4d06-9f65-6d542a20a25e,false,none
2f055555-1f51-47bb-8b06-781cb05c74d6,5bbf3891-bcd5-4d0a-95bc-991e54605dac,false,fake_account
09d7ea85-364b-4d53-a3a5-330b6e6a5c96,f4ad5ec0-ee63-4c1d-8a34-481643332ca3,false,coupon_abuse
aae960de-931b-4d76-9368-20919ee21c34,5d094178-dc70-4f6c-9508-f8e1ab48cacf,false,coupon_abuse
559f4ee6-97d2-417a-a8bb-50bc361eaa23,3820a215-8a54-4277-bedc-a030bd992493,false,fake_account
f3ff4c78-b6a8-4f18-8efe-94d85f894ae5,b3ae60e2-8779-490d-9241-ae92d7512fc8,false,none
1a921f53-be1b-417b-b99f-ab55d38a4329,c80602bc-7b99-4a29-afa1-99c74fc13e07,true,none
12607066-e02a-44bd-99c7-9fc78795aff6,600c9745-112a-4073-9779-1a06e4a3a77b,false,fake_account
48d554fc-8bc4-4ca5-8034-2767f869bb58,bc6c4fce-421a-4248-be66-4db0b1714e65,false,none
53521802-4dfa-46c8-a54d-8bd0bf8e24dc,b39cde33-3df2-4b86-894d-cd0a4c553794,true,bot_purchase
be624f42-7325-44ff-bfc9-adf63bbaa037,35bb99d4-f2cb-4412-880f-256325ee665c,true,bot_purchase
3927d0d5-e2a7-45da-9986-86866cd70aaa,b60e4549-c7eb-41bd-9bfe-f4038639e59f,true,bot_purchase
8d67f653-c93c-478b-a033-511e2c1ed437,8dfb668a-6d50-4a82-9bc9-2913ce61fb6d,true,none
d0a6d9ff-7717-405a-8522-14bad948317d,9444e40b-bd77-498c-9cf9-e723ab1f218b,false,bot_purchase
752a7977-f391-45a7-97c0-2ab6e288a932,008b4ecd-07d3-4f8c-80f7-abf8b1ad5196,false,coupon_abuse
a8ad5273-d5cf-48b7-a2b4-58cd6dab373d,62105235-4687-48eb-9906-d2c40b225d06,true,fake_account
3b5ef6af-2a68-4a70-8bdc-6a33a266f9ce,e0d2044d-65bc-4e0b-b488-71c277262b04,false,bot_purchase
88bfc347-b335-400b-8d2f-743679fa546e,9b415215-d36d-4a1e-9f1e-649919a0451f,true,bot_purchase
17479beb-0f07-4a3b-b8ec-99a50aec7290,d55c29dd-9b8e-4294-877e-40f6afc670fd,false,bot_purchase
71bb737b-2c00-4142-88c7-65d9b9515ea0,f5e83580-528a-4b00-a37e-5b45cba20126,false,coupon_abuse
4c7f6045-f7ff-4fa5-bca5-94089b274b7d,d9cd225a-16aa-4515-b695-903a0769068c,true,fake_account
89040c63-c440-45ca-8bd2-b9eeb7412679,f27d50e6-8930-4ebe-84c6-659718a7358a,true,none
c4b3c462-1c36-45b0-8780-60cee916f91b,b79de947-c563-4a32-b8f4-8b9b520c3041,true,none
6227a882-3974-4a55-8d81-eba69866f886,6f43fb4a-c3f3-4ce0-8dee-4d6e34c02fcb,true,none
4ea34a31-5a24-4930-a074-3fa475a99f8b,4ec9c47a-0395-4e4f-b937-866467fc50b3,false,none
6aa2d961-599e-4e34-94b6-7f1bfc562a8d,1fb417e8-e410-4dff-ada2-50b080f68bc5,false,bot_purchase
f303a849-6c55-445c-92f0-8cb0ef9cb6e0,ba2a5774-af56-4884-b790-fdeb2362c122,false,coupon_abuse
e3ec2eaf-7cec-4891-bb91-3c386cf5c266,5d28f9d9-71cc-4978-9ff0-15ae848bb39a,false,none
92ade89c-04d3-4358-8b4a-8ab78daa98dc,4ef7fa52-6687-4e80-8422-213cee3987ee,true,bot_purchase
f38f0d5e-7550-4ad7-8af0-d5de2051b391,bd87f2e9-8eb2-487d-bbc8-56cf174dc2cd,true,coupon_abuse
2c5a2e36-f70b-43df-993b-b85da880ea73,02b1798d-6c18-4b7f-b7a5-87180ac82373,false,none
4b5081e6-e95f-44ea-a60a-70d43522d7be,31216ba3-5c36-4899-9291-ad12761205e4,false,bot_purchase
1c89ae74-d3f0-460d-bb6d-fe848420a282,39dec18a-9cb2-456b-814e-d24b8b308308,false,fake_account
1478379f-099b-4ace-8def-c778ab9419b8,9a1a360e-eafa-43c1-a6b2-548120110aee,true,fake_account
0ff97894-8a66-41c5-894c-d66bcab6f2ff,a124c1f7-9482-4d51-a350-9cc41e6539fb,true,bot_purchase
3dd07d04-575c-471f-8e19-c1b493fd20fe,640099c3-7335-4d79-b138-961386e9d18f,true,coupon_abuse
66da049f-3b8e-4193-92b5-13604178c9c3,ea9de3fd-9be3-41d8-ae3f-4d52eb4f91aa,false,coupon_abuse
f860a5b9-9ec3-4afb-9146-d4dc4dae40b0,8777b5ba-4117-4b3c-b839-39c563b5657a,false,bot_purchase
0c79b8ed-ff5b-4a32-ac1e-c43f6f6b8f8f,eac3d9ee-36ab-42ee-a07f-3aaef50b852f,true,fake_account
b9735ee4-9c9b-4a2e-b8eb-810dbd20f24e,3d743d83-b1c1-4a90-a1e0-da7db7deb51f,true,bot_purchase
b64fc7d2-497f-4787-869c-6592558431da,743ee155-9189-4c6c-9754-04a6370b345a,true,bot_purchase
792c0c4d-8045-4c48-95ff-c61580a99682,99b36e03-b262-472a-a1eb-2f8f2afe6719,false,none
f2bd260a-c89a-48c6-a44f-5c96621a647f,e9cc2163-364c-4cb1-9d23-c0696f7fb18f,false,coupon_abuse
84f85b66-e070-4e9c-8e2b-a6ce6b7df7c7,03bddf5e-1384-4d51-b9f2-86225bcf8061,false,fake_account
24822361-7179-465b-91a2-e69c0422177a,7d1c0bc9-c535-4fa1-a48c-c0e26d33a4f5,true,fake_account
ff7189a7-8672-49ce-b594-692657a5d987,4aeb732d-e2c7-4ed4-9c17-ef8c924653f7,true,coupon_abuse
ced09f58-4376-4931-9c59-c511753ee284,afc0e70b-60b5-45e5-8589-774f5816182e,true,bot_purchase
f27439bd-56eb-4ce1-8ebc-e55642217565,6c2ef0ed-7915-4b59-84db-b8524ef9681b,true,fake_account
77978108-f46f-46ed-8264-f57ab5a8c702,a266a985-b6c6-43ea-b5b6-35bb452fafd4,false,bot_purchase
a56e98df-1faf-4ea2-9ea0-7715e65b9c10,69a14d53-9f12-440d-925d-b6afb7191001,true,coupon_abuse
3838de6b-8105-488f-ba9f-3cf6e952d395,2616afb0-8eb4-4655-96e0-6b447b667f3b,false,coupon_abuse
ede44620-0e32-4955-a9a0-a638824e9ef7,68e48ad0-d6da-4dfc-b667-1ac6c7ec8c1d,false,bot_purchase
d0f5c5ad-fe0d-4495-900f-b087675c729a,ff7b30ec-d27b-45a5-ab7f-9f1183494a37,true,bot_purchase
cb4696f8-6f1f-4517-a637-bc9ebac23367,f5336fab-7685-4f82-a452-2c2e2104ce9b,false,bot_purchase
d32fd0d8-b1e0-4966-8be2-46c0c8b6e134,287d6ae9-2cce-4526-ac35-56d50ba89d6e,false,coupon_abuse
227dfb84-30bf-49b4-b57b-f410a6c88270,a9360b8b-a0ae-41c8-aefa-c126524ce8e6,true,fake_account
bcc5ee88-0197-4d06-b510-e9220d9d8d39,3a882fb1-6169-4f76-aabf-258e83ab96aa,false,none
eb3769c9-6b18-4522-aad3-b6c541555020,f2c0e96c-24db-4653-99a0-7c16998c5546,false,fake_account
25dcb9b1-4ef2-42ad-b5e3-a44a2bb8152a,b961524a-cd47-4b47-8bb3-c25e0211e64f,false,fake_account
e93cfe60-4452-4241-9ffa-3bad4c2ce0d6,7cb748b8-6339-4436-8122-9a2b24d27921,false,fake_account
c2f56ac0-f1c4-4d0e-8d4d-2f67ec54b276,1368acb4-cc93-4787-95c2-40d5c8aa5af1,false,fake_account
c828961c-c7ce-416a-abce-04794ccebc09,3a213c3c-5e8a-4359-abfd-1800fd8532fc,false,bot_purchase
d1e47e8a-df33-457a-b2ad-5df5ff0c59ae,2eab01b3-8a80-4c75-8fc8-44b5036b41cd,false,coupon_abuse
49bd923d-6c44-4598-aa42-4c56cd2f73d8,763ab080-e76d-408d-8190-e4976ec9d839,false,coupon_abuse
948a4b74-f8d0-4807-8d4e-ddcb9d0ce636,6e2766a9-0b38-4b3a-9ab5-1f60a9214ec3,false,fake_account
4d1dffac-0bc0-4602-9603-387d212d6ef2,33276224-9ef4-4879-b1c7-abab1597c2c0,false,fake_account
ead96d17-6f1f-4cd5-8dc8-6c560eb58993,610bcb06-4de2-419c-99e4-1a7ba464aab0,false,coupon_abuse
d057d872-74aa-4753-bdeb-3e224bda12f3,097c7181-a5ae-4c22-bc54-67400c985465,false,bot_purchase
bf12ee60-7b82-4567-b4b4-b3e43fa7a762,8bf5f790-f028-4022-8780-ec5a89d1f05c,false,bot_purchase
2efaabfb-fedc-49e7-a536-cc8f98ad209e,9f28defb-de81-44c9-bf46-150875153606,true,fake_account
c6fdeac1-973d-477a-87e2-249fb7f6e47e,1c90cadd-28da-466d-8965-ece838782fdb,false,none
9694fdbc-1449-4293-add2-1a0537312b5e,351febcc-3fe7-4c36-aeb1-cf2bad4c57ad,true,bot_purchase
9e4c5cbc-a85a-438b-b457-5c3b6ccd3777,ebeaf5c0-4f8f-4c47-b132-e3e700e5a6bd,true,none
767ebe05-5a5f-445a-b524-1293c06bc9a6,c57c9cf5-c209-4ddb-89b0-91898e21f1cd,false,bot_purchase
3238ac28-f69e-46ac-ada9-0e04627c647e,64ccebfb-ac20-4da9-ab37-180de386ec95,true,coupon_abuse
37fa2c68-9469-4207-b19c-9ced470d9790,acfae0a1-8018-4bab-8cc5-045a6d39cd60,true,bot_purchase
daf72457-5f6a-452f-8b00-0b09f64ef3af,2bdf18a0-2358-4a91-8e91-e686e6d19ffc,true,none
1495b72e-c527-4b91-bb6f-0e201faf5ee2,adc7e8cc-5e77-4b15-be75-6d0a9a4ba6e6,false,fake_account
d29c1ac0-b6bb-4b0e-9079-aafbc278a787,73b48ff7-d0a2-4732-977a-29ce21761e31,false,none
c1943893-0df8-45fc-9555-b28f128e487b,fe3c5259-9633-42ab-a422-21bb8bfd86a7,true,coupon_abuse
91d6a55d-f075-4108-be5e-4dc4eb1dc315,c4d20707-30ef-4b3e-bc76-b6e6b8cd28bc,false,none
cc734d17-8a9d-423d-80e6-315b326890c1,e2c45575-168d-4e40-bf92-cdd604da04f3,true,none
4ffe52c3-93ee-4345-8ccd-b3553bd4f80b,089b7d1f-5342-4614-ab24-fc090743a935,true,fake_account
d4cefaf4-ef5b-46f8-9420-23e11d3b1f6e,a8bc13e8-8456-4c65-bd1a-54b2b4dc827c,true,none
206364ff-5718-4567-994d-b7862fe6e8db,d2992772-5d2d-4061-9900-6da8b2691580,true,fake_account
e97158e1-3024-4b4e-90cf-a37021efa40f,a14acf7c-db57-42d3-b7bc-4c54e589602d,true,bot_purchase
7cc7e92a-ca57-4ab2-9d95-ae64c7ea0ecc,05ebd9f9-ddb0-4340-a2c3-2a43f99d306a,true,fake_account
607bdf1c-15d2-42d1-b750-930170c7be42,375dd07d-e301-45b6-a531-cc2ef86d5daf,true,none
b83ba292-6ade-43b4-b20b-3fcb8d7e12fa,bc47abc7-7930-40fa-91f7-e8ebcae83d93,true,fake_account
3717c5bf-6bb9-450f-975f-2b33abacecf9,a584ca7b-0821-41fd-86b7-c8f6ea67a1c7,false,fake_account
1af85958-31f7-43c6-984b-3b88db3ba013,b1178713-7f9a-49fa-8a5f-ea83640a2636,true,bot_purchase
594de39a-1e6a-4b86-a02c-29962510c781,16cfe1d8-5035-470b-a44a-cbba78f4fb24,false,coupon_abuse
8c72c772-a465-4b3d-aeb0-55a1d5a4a0ad,53512c50-7d5a-4ac1-82bb-7f4aba099793,true,fake_account
f5d9962c-add4-40b6-a674-5310ed48f7c8,940f9c65-36ff-4731-9562-92f1da20657e,false,bot_purchase
56986db6-1144-4d19-ad2f-fadcb616abb7,b73a389f-db24-4054-ad9f-c64cb4952653,true,coupon_abuse
0ca25499-b7ff-493d-bfc5-6762c74aedb2,1c4d3115-c2b6-4072-b5da-6f0c6b13ecbb,false,none
0221a9d4-6109-41a0-b718-d3594588b9f7,26e60b0d-f4fd-4f75-89b6-3e49cfbeea15,true,bot_purchase
b4f075d0-2911-4340-8000-665e231ca4d2,e015e6de-4c5d-436d-aca8-81994d750f71,false,fake_account
d5c7f519-6c48-4349-a166-05f0bc8876c6,2fca256f-500d-4463-a6e7-d7ac70e0552b,false,fake_account
7ca53ebf-c567-4c0c-b76d-c572259415b8,b859d110-1e69-4c15-8f90-ccf932e7ef04,true,coupon_abuse
a8f9e5a8-1877-4f11-aabd-2226ac39396a,c0978c6d-b545-4ae4-9101-4efb45a4d9be,true,none
ba8c2606-800c-468f-8fb5-5d39627d6c66,f6b8d032-b4c8-483e-9a5d-8690e353be94,false,coupon_abuse
5cb23929-7805-4455-bbf4-19c6cff44e62,db8ef083-adc1-4987-beee-5f461f5f575f,false,none
3e6d4720-faa0-4c91-b809-2c6d37230195,f4efdcc0-9cf1-45a4-8104-7e2e371ce7af,false,none
8b8e024b-1c10-46d1-ace8-7a852832ba42,f1eab72b-1c8f-4cd2-a14a-6c2a6b9a0c94,false,fake_account
562a058b-a0c1-417c-a77a-b11f6db82dbf,ed3e39b9-cfb0-4fa9-a577-e68e615f7b4d,false,coupon_abuse
8e8f084f-5516-4bb2-a472-97696f6d9799,d688da37-8346-4f2e-9184-3fd76a9b1c5f,true,coupon_abuse
d550ce6b-7bac-4890-925b-59771a7f234c,cd5c6a6f-8d0b-48ef-a2a7-aafe20bdf90d,false,coupon_abuse
e12445f6-10b1-4359-81fa-9fd379c0e595,c9c63bf1-3809-4346-96b2-a2a91f1f1aa3,true,coupon_abuse
e68624cc-15f4-4074-8a93-256e6927039c,d3912fb4-e7d6-4deb-95f7-6098be3a73fc,true,bot_purchase
7f58a14f-a144-46c6-b0a8-87d2df3620fc,d8221243-468b-4921-afe0-891d2dcce1e4,true,none
bf22a970-86f7-4919-9b67-87a1c1c552c4,df42e30e-c967-4228-84e6-c19ea19aeb9b,true,fake_account
d0c21475-3ad8-4499-8ca4-1f470571d24e,51cb7480-a321-440b-a89b-e33401f6a8e4,true,coupon_abuse
1690fe5b-f0bf-4b84-9275-965015050b14,d4e7fc26-aa10-4270-9d55-9e8b9035166c,false,bot_purchase
e077318e-bda3-4b24-80bb-506ddd52e5e0,d2d855ef-f9fe-484b-8186-fe6fd1f0a3ae,false,bot_purchase
f85e141c-df10-4076-98e3-ba4143a82215,6345540a-463c-4c37-98a5-7699453f04e1,true,coupon_abuse
d5389a98-2277-4e17-8c9d-08f8efc12a6a,ede55f69-1808-41a7-b1c8-2649400bcd86,true,none
6cd4ed13-128c-49c9-8c4c-98ecc68afd4f,c1ef56d5-972d-4daa-8b3a-b6e0b87f93af,true,coupon_abuse
4c495ab6-df2d-401a-9b83-7e0c133b9719,6db6faa3-d9fa-4abb-a09a-8767001e95d1,true,fake_account
3bd56fc9-6b38-4ae9-954d-a955d55ba2a1,5d094178-dc70-4f6c-9508-f8e1ab48cacf,true,none
51d87292-a742-42cc-b33a-c325cd7979f3,00c91446-3da5-4c6e-a609-cc5ebace0be5,true,bot_purchase
6b32f9f5-ec05-4d30-86ea-5e81e9c177b7,df2d84c3-be7f-4f23-8361-d9ce8765b42b,true,coupon_abuse
6fce8521-3ecf-4baa-b4a5-b54627802fda,d7eca296-513b-4bf9-94d5-c56b683a7ffb,true,coupon_abuse
d7cb19ee-c7ee-4e47-9224-3e18b9dbfdf9,5446d150-d5a6-4ce8-b161-ea9c0b922d13,true,bot_purchase
4ceecbc5-3326-4d3e-b05b-8bf80cf9ce0b,20328aa3-23db-4d2d-966e-8f6f1598e9d0,false,fake_account
0224a232-175e-49d8-a9b4-f8c1095f20b9,bdc9df77-60f8-4f96-84a0-e540193a7bac,true,bot_purchase
007f1b26-cb80-403e-afea-6f9c8f17925c,7fbd64ce-21f0-4ba4-94e7-873b414d26c2,true,none
c1bd8c66-e81c-4062-a145-c4210ad65970,f54d63aa-4520-44f4-a733-96dc1b6798d5,true,none
4887363f-dc4d-45ed-9f7c-c94569a94a90,f92fee1a-f1f3-40e3-9167-d2162164ee5d,false,fake_account
0ef05af6-3cbc-4c0e-8848-4f7d4b456ebb,73d06bc8-42a4-4360-ac59-17d4a857979d,false,fake_account
c8cead74-d7f2-4dc6-aca3-430caf436ccb,b2a2f561-125b-4165-93a4-e8df88bd6587,true,none
15ffb2d4-ea9d-42f5-a9b7-a5b2a3cc0339,923063cb-b2f2-42f6-b53c-3fcbbc2abf21,false,fake_account
57f63d96-be02-46d7-8088-a22ea1ec99c0,5bd5d99c-d67d-48e7-9d93-4dee3e831541,false,bot_purchase
34dfd6d5-0a14-4d3b-a08c-9e042591f9ec,988e7128-b6e8-47f2-bb5d-cc40b2214b3a,true,bot_purchase
f9d2257e-204b-4d64-b331-3a49a355ec55,4031abc7-a545-46b6-85a1-7ff7570c3d2d,true,fake_account
34000834-cf9a-4efd-82f0-df2a5c3f1ba4,5d397df7-3bca-411d-a14f-d9e6cbb99e2a,false,coupon_abuse
c099cb9d-ee71-42d1-a50d-60d60960e7f5,8739d51f-0437-451f-8ee7-77303944d17e,false,coupon_abuse
74130899-0ac4-4356-a77e-4cf2eeb26259,c7c483ad-2ec5-4f10-bc28-f3d65dd155e5,true,bot_purchase
cd57b544-dc67-4b7c-baaa-0211ebbec23a,56bffccb-a852-49c0-9939-aa2f222ba98c,false,coupon_abuse
c73a238a-9756-4d68-8074-84a4167c556d,4622e365-ecaf-4bbb-8259-21daa78454cb,false,coupon_abuse
066ff4f2-5ada-4aa9-9a83-0d31abe10e10,846f2a83-96bb-40a0-ba81-4dc1da8b6a22,false,coupon_abuse
b352dee5-b741-4bfe-9a7c-91deb82bf5e9,0274e94a-a5e3-4add-b670-fc58c2fb8799,false,none
7c881a9b-d33e-4a6b-bf82-940df5388ca2,352f285b-2d6c-438c-bf82-c98247baa6e2,true,none
7577c6bd-7371-45a4-9224-1fd4d534343d,0d1d010c-cd2a-49f4-98c5-bd77771094f5,true,coupon_abuse
49844d54-6f2e-47ce-aeca-9da898710f99,a7ac882a-f2eb-4743-a3b4-86425ac68295,true,fake_account
96624b89-e976-47c0-b03e-c7361575c5da,e667b8ea-3258-430c-9ebc-f7b88aaa4978,true,fake_account
a8fc0beb-48ca-454a-b4ea-001756dd1923,f8c84b27-2581-4d8e-a6a6-afe6e8ee85c6,true,bot_purchase
efc4d861-0f3a-40b1-8d52-e01fe2284566,3ba243d9-083f-4731-981d-331546c369c9,false,fake_account
738add7b-6b15-4b0d-a333-cd8907005db7,444741b1-d3e0-48a9-bbbb-1b8a1fcd962e,true,none
368fa70a-10d8-4010-98f3-128d4cc79d34,1a85c1f5-8ca3-4533-a8a9-dd89772075ee,false,fake_account
409a7bb1-126c-4193-9ae9-5fdc9b8a2736,9c21972e-6a4f-4c28-a5d1-fa7d2636897d,true,coupon_abuse
c8898c72-bfe7-4466-b274-b840dc69a26d,a46ea0bc-3d40-4b22-bcb2-4252c89fb86a,false,coupon_abuse
9bbb5b4e-4df3-44b7-8af8-c403bbfe15f5,cbfd3b49-5789-4ad4-bf16-9722555cf72d,true,fake_account
11da1ccd-750b-48d4-bf64-319b49c31b92,e4d4779b-d456-4fd8-8f68-6fc66e6e10e7,true,bot_purchase
a0e895ca-d05a-44e4-8e48-fc238d0f724e,ea7d4cb8-7674-4b72-8975-2b38d0a4f3a9,false,bot_purchase
8019266c-a09b-4896-9b12-dce6300f4a29,71745e9d-3fe4-4142-b079-0006406805dd,false,fake_account
2887d8b6-ac9c-4ffe-9371-df7dd7fd577b,3138bbf8-a10b-41be-a0f7-eba97a9cc39c,false,coupon_abuse
cc945598-cc03-483d-ba40-708b34867174,29b21321-932b-449d-8fa4-91c2a5a27eb7,true,none
f7d9916e-50ff-4ae2-a422-72830620e818,1369557c-9f71-49e0-be2f-4d2fb6f044f0,false,coupon_abuse
03d402df-b4bf-4e22-92a7-69f604dd87d0,6c5bfc76-4a11-46a2-98ba-6ef213856386,true,none
6b2a3179-3c00-4d63-a68e-8a4ec3b4ac5b,7eef2103-5236-4bee-9c1f-8af9f1bf6766,false,coupon_abuse
53742323-862f-40ae-9af1-949221545f2f,827da37b-70db-43d9-8230-1cb80c9a81f2,false,bot_purchase
da5426eb-8919-487d-9332-677ab4e4fe39,d984f127-09e2-4e94-9154-6f3dfa917cc2,true,coupon_abuse
74595f21-8158-40d7-a2ca-a6ca3df191ca,813f0fd2-2362-4cf6-b220-e8fde0ef558d,true,none
acce8bd2-25a9-4ed0-8778-191709bddbfc,92bd2bea-af72-47f9-8bb6-d91d0a90fc24,true,coupon_abuse
b8de5a2e-3292-495e-aa9f-f8603fc79784,b584c9aa-1a5f-4f55-ab1e-5c479867a472,true,bot_purchase
7452a4c3-f850-4c66-b8cb-e3b05fdc1303,57186a06-e6b6-4197-984e-bf26c3a86141,false,none
8ef8ed6b-3263-461a-9f71-308a17eacef6,518298d2-7443-4de0-b711-c4ab8f843974,true,coupon_abuse
8fa20cef-039d-4b6f-9d47-162e12673248,5867423e-1ccc-44d2-bb41-1895e6870c57,false,none
e306b148-3e18-48d6-ae4a-887aaa936a21,f2b8b5d0-c5fa-42b8-99d5-e6c0553a1dd6,true,none
08fbf3c2-9f5e-4c49-86d8-886147f9ac07,b448501b-6fe1-4188-995d-dd0de41346d6,false,fake_account
9e4fb322-fe66-4c14-981a-273eb1ea665e,89a102ad-9eb6-4529-a98f-237bcb44af9c,true,none
2eb5ba63-f94f-45df-9f2d-899e2db228b8,bf08c493-185c-407b-bda4-1f39e9df613a,false,none
81aa2e31-9864-45ba-b831-9498bf0e55c9,5db3613a-0672-40e6-b22d-f80460759ac6,false,coupon_abuse
41dd1b96-76d2-4d75-8570-a8fd20dff6b8,e51a0049-ccd6-4020-bf36-721ed4757488,false,none
869be8e2-5413-4583-9cdf-1a37b5f5a320,4d5f47d3-b6db-4547-8ef6-a053a70d4b33,false,bot_purchase
4f38453b-6621-43c2-a020-70c533c6190f,1bb678d0-fcdf-4ff9-9a3d-d4721718a3bf,true,none
728aec0f-2830-489b-8b6f-3f7a3968c335,5886da13-9599-4782-aa82-fd4a81efb02b,false,coupon_abuse
d022c662-8c46-4e7d-838b-f6f858acb2aa,e580eb73-9fd4-40c3-a41d-c9bcab95a494,false,fake_account
3c015f29-521e-4e8c-9511-df4f02541562,11d398f2-8530-451e-b9eb-e94ce78d615c,true,none
f764de9f-e740-4c43-9202-0870a7790bc4,3d2b334b-08ee-4606-b4a6-bffefa0d0492,true,bot_purchase
ba36310b-f5f8-46b6-8a8e-f5b145a14b41,d5dc0df8-3cb2-432e-a53b-9bee8b1461c4,false,fake_account
e5b1cb40-8b24-42c5-88ae-ee5d6679facc,f8c84b27-2581-4d8e-a6a6-afe6e8ee85c6,true,none
82bc5a5c-eb2c-436d-b735-576bdbf425c6,990c981b-b261-41d9-97a9-3faf34cb1428,false,fake_account
b13ae1cc-265a-46f4-afcc-024632d33fa6,101128bd-d1f4-4855-ac39-4502913cca9e,false,bot_purchase
9495821c-5712-4340-8429-1e57fb02bed1,84dd1f44-d9d0-4d5b-badf-2472811f4e1a,true,bot_purchase
10a10e80-9e6f-4708-93df-8d269fa28ba6,668331ef-2a6d-4320-9356-fa85caf89f13,false,coupon_abuse
a62b5b75-e212-4e25-846c-1056249dbbc0,110c30fc-ffc1-4338-88f0-8af16243bc50,true,coupon_abuse
3f596cda-f397-467f-b422-ff668699e232,76ba8800-e7cb-40ac-8c18-52e72a1ebe6a,false,bot_purchase
5bc9c8bb-6b7d-4f20-b2c1-bf8b4c4df0ea,8851e4b9-e474-40ae-81a8-4f7bda4c6e7f,false,bot_purchase
4cc727a8-2ac2-4fa8-8843-9221e10b5fdd,f4da4481-05df-4e86-963a-3b9da68c715d,false,coupon_abuse
7b2ef40e-7dd0-4b75-abb7-1d24e930c44e,4907ab0f-2f19-467b-9abb-81d3d302c2c9,true,coupon_abuse
5cc2439e-7749-4f11-b78b-971e94d0bef8,c4fe71fe-bdca-4cda-b36e-1130a68a19ce,false,coupon_abuse
b24e8570-4d96-4c91-af34-ee8a26fa62fc,34791834-28c5-4b6b-ba29-538bf67d7129,true,fake_account
1ded0a33-0a0d-4286-a94b-855e0ff3df63,e240bf27-f373-4670-af1b-216ca3a0abb3,false,fake_account
77242d21-3069-4e95-8b6d-97c81931b0c1,27dd8242-8104-47a3-959c-8cee248c478d,false,bot_purchase
787c8e3c-f88e-44c9-a118-7bb35f5f78cb,47ea74bf-1cfd-4bfe-91c2-9fd45d544396,true,fake_account
b621b442-6ebc-4412-9e16-29fa580f973d,b91c18c8-db28-41f4-8a8a-4eeef7d27d00,false,bot_purchase
9afb0e3a-76b0-4dce-b28b-1ab0b085520e,5886da13-9599-4782-aa82-fd4a81efb02b,true,none
002ebd6c-bd09-4464-8ad2-624e8c692743,215f7a20-d159-473d-9bc7-2ff4d72885ce,false,bot_purchase
881ddb69-d06a-4dcd-be67-2ad2808c61ea,eb155ac1-c334-48d4-982f-96f610773a84,true,fake_account
6643b326-baa9-43ac-872f-83a49b4ec5bc,1e68121b-7bd1-45ed-ba6d-fe02178a7b3d,true,none
9fbc6a85-5c8d-448e-bc17-e6fe0cdae2a9,2ce2024d-2bfe-46ef-806e-333fd3e0cd0d,false,none
73108e26-01fb-4487-91e5-22b9887ae677,4c8f4d9a-9ab0-477b-98ce-91696e8e097b,false,coupon_abuse
03aba9cd-441a-4dfb-9a30-24bd2fee609b,3d4a3373-048d-4ab3-835c-b1484e0988d8,false,none
20db05f1-de3f-4c4f-9232-0ecc58a7d897,6c81e266-0a2a-42b7-a509-170b0be77941,true,none
f21eee54-56f4-4142-ba3c-1f87ad1dd65f,6e544d9f-1bd6-4a0a-b652-385f1990c957,true,none
ea7ccd84-9c0c-403f-bc4e-fdb14c5e5681,dc6ce002-a756-4b3e-a0bf-2d03e8af89ad,true,bot_purchase
8fe982f3-d514-40a9-8106-8a3537e2bb01,2eee6f1d-3ae0-41af-afdc-2b62777b58e0,true,coupon_abuse
328cf536-88ac-4f21-b95c-2eb7e60ccc44,9615bda5-8b96-47f7-a034-52c85bb51a2c,true,none
1dbf59c1-5d53-4ff6-921f-182134c57799,9733dd5b-82f1-4f4b-a536-c4b7f66a47fe,false,bot_purchase
3c2db401-1e4a-46ee-8f3e-0628b95b6eff,7eb67716-8c2e-4714-9cb8-9fdd0d735706,false,none
7bf8dc45-58e6-4341-ba39-8524e7b08258,8541aa35-8c34-45cf-bf31-de36ef9e214a,false,bot_purchase
24d4ab28-d6e1-4b2f-970a-f9e282fafe85,57f21c69-9acf-45d7-be6d-4e458f8d9c22,false,none
a311f76a-967d-42e4-85ad-7cbcf249695a,75a6ef98-bd13-48de-87da-ad0b37335a7f,false,none
84d658e0-7d3c-4ee7-a2c3-c4eb5a2cb954,40396712-1473-4fb9-a42b-089fc770428b,true,bot_purchase
029d435d-d30b-49fc-9974-10eb360825bc,5c8dc196-e325-48f9-a33b-85a490da3235,true,none
2dca9056-ed17-4514-ae0c-5770d532f74b,70229f79-9f51-46bd-84c2-ee2c19390c6c,false,none
9e1f48a4-d6db-40ad-a3e5-bf9549094e14,395ac249-f19e-432f-bc25-0f64e2f68975,false,coupon_abuse
6dcedde8-8836-4163-b8b2-b018c7ce21d7,f1a8d155-91ad-4e12-8e4d-1b84904aa6f3,false,bot_purchase
c41d7204-3e6a-408b-820f-16ff3c0bc259,6f79f02e-61c9-40d3-a681-ecb4f7ca6944,true,bot_purchase
1d03a0c1-b4ec-403d-85c5-a59786866484,59c87411-5dd7-4ba3-98af-058a66a07885,false,bot_purchase
6b1d1c93-bdd3-40db-959c-7463ccf299c7,25b19223-ecbd-4a10-b1b4-3c7a01a47a80,true,fake_account
fd72a297-1fee-4511-bc47-edb893146d0a,831b6ab2-707c-4b24-9981-0490ecadd41c,true,none
ed2d831d-63fb-4092-8688-bf49b88eb9d8,f1b6ce6a-43d5-4079-bae7-4e92cf3b1b53,true,bot_purchase
d4ba582a-bd8c-449d-83b1-68b4bcd99052,e613d10f-b84c-42d0-8bdc-ce5487f1241f,false,bot_purchase
f368315c-7077-42c9-ac90-9004bd2c3cd4,85663d24-a308-42a8-bf67-c7898a4760ae,false,none
c01cec45-f844-41c2-b9fd-8461163a5367,06837e37-5c60-4412-800a-5d4169b98ca3,false,fake_account
3a2f2651-91dc-407f-9625-36767ac1a8df,90f65e01-7772-4143-bec5-a27590ca9740,false,bot_purchase
2b2ff93e-9502-4ca6-986e-14f7e43df1b1,713f2a49-ac8a-4c47-beff-6abfad4dead6,true,bot_purchase
adfd9d8f-c70b-4126-8927-4e02b097ae67,51222eb0-d68f-4dd7-be63-d78c24c68098,true,fake_account
721cf9dd-57dd-41ec-ad44-6e421d026dd1,65c870da-03c8-43b0-9a9c-23106b18b1eb,false,none
cc6d891e-e09f-413c-b3fd-0ed2889e9797,1411ca93-5b0d-45c7-8803-ebb71b614f16,false,bot_purchase
db7e2abf-f6ed-45aa-9e54-65146daaad0e,5c9ca2ef-fcff-4330-a418-b627ed735555,true,none
4f5a27af-34d8-4dc3-a08b-0f1415acee31,4f7e4738-02a7-493b-83ea-5cb3ad688914,false,bot_purchase
c7491418-2e3c-4f56-a15e-2ec51501f55d,9776f291-4149-41ca-9613-915ef24bca3d,true,bot_purchase
4ccd8a7e-6cdc-4ec0-bc72-b77632c5e251,5f3d24bd-1be3-46d0-bac5-ef962fbb8c5b,false,coupon_abuse
33bf1ce3-ac04-4f0a-b17c-df8700b830b5,ccd7786b-c6f3-4184-8309-9a64de70f472,false,fake_account
486ca440-5cde-4d50-b183-1973e77ae840,edbff1ad-881b-4df3-8ebd-801fc49e055d,true,none
dc2a3db2-e5f8-4d1c-93b8-a4ece5f92557,6aeb9c45-813c-49c9-8b6d-127b5446866b,false,coupon_abuse
3daa550f-aef8-4ff2-8cf6-26e3ff62dc5f,64ec1da1-9486-4694-9002-3fe67abc1506,true,fake_account
f5234e88-9050-4435-b3a3-1e4fee943ba8,5dab023a-1c53-47c9-bb32-72a91cd11ea1,true,bot_purchase
a7dd641e-1b27-4394-b27e-704efda1a037,2b78e126-af23-439c-a078-f17e5a6f94f5,false,coupon_abuse
9b1227f0-b107-49d6-aef9-72273f6e1b82,f5470be2-dff0-42e3-90eb-4369ac16d2de,false,fake_account
ff84f867-bab3-4aef-a548-b0ca82cfcd6b,88f8ff55-6bf5-4f8a-8757-67923be240de,true,bot_purchase
807f620d-db68-47d2-9e31-6202a887c5e1,11122f72-eb45-4ae4-89a0-2b7cec08d7a5,false,coupon_abuse
92f3d62b-cbdc-4bb3-b8d5-0235b6437e91,f1c9024c-fdfd-4a24-b644-e4b28764ed73,true,coupon_abuse
446bdbe5-60c5-4749-978d-d6aaed930465,352f285b-2d6c-438c-bf82-c98247baa6e2,true,bot_purchase
c257c775-4164-4d77-8c37-8ab1cd78fea2,ec27454e-24c2-4882-b0f9-f5bedbd41f2b,false,bot_purchase
f28525e0-60e2-4a4f-bec0-ebe95cc6b0f2,9c472cc5-3cd3-497e-9c88-3acbeb88ff9d,true,none
ace76828-3a69-445a-ae05-28032ead56e0,e3a5f604-a8fa-4296-8a81-ed08921b64f5,true,coupon_abuse
2c5eee36-4dcf-4fb8-b6f0-013da2c5874e,9db36451-0dcb-46a9-b9af-28e86bdc3d7e,true,bot_purchase
18dd3c96-571f-435a-8e56-2efb48cd7ace,ed4b2d0b-aa04-4105-9169-2fe6991480fe,true,fake_account
26d7450d-092c-4897-8216-f12e1db735bc,45be2241-0e34-4ca4-990f-1edb319595ed,false,bot_purchase
8694ab2c-b620-4df0-926c-d7cd2262b021,48207f5b-aa40-4174-8517-a50ab2d508be,false,fake_account
d6d135e0-76a3-45f7-8ce8-8479fab67ff8,dc1f6352-6300-4762-b94a-629d195018f0,true,bot_purchase
3a84dc9a-ec21-4907-ad08-bccd3eeeb25a,e195cf42-a828-4e7c-a57e-f089cf1200b2,true,coupon_abuse
03f7c4b2-90f2-418d-a2b2-604d3a29404a,5609f934-cff2-4a65-b50e-19aff43e0baa,true,none
a2cc04a4-2122-4944-a8a2-21d6693f297f,34fa09a8-2b97-4692-b29e-8b499cbc0ec9,true,none
d56adb4d-1d63-4cae-834e-a385aead7f0e,03ed7a34-1717-41a5-b1d8-a0d8ba360651,false,none
23176de9-9681-4eae-a943-9e4a97a9ddf8,13fcfb99-2aa4-4c78-a1e9-6f4bdd3513d7,false,bot_purchase
f9071043-d943-4a7e-af9c-b2eba3e0f241,0aa58eed-c9de-47e5-990e-ec0dcd04d1c8,true,none
81a3d338-c0d8-41d1-af98-4fec8ac6193f,8cda2de7-2eb5-47e0-b169-24b2122c541d,false,fake_account
50ae638e-261e-4a7b-8401-c019abfbaeb9,8c5bd681-e92a-4ef6-8698-dcd816e3f246,true,fake_account
157694b0-79e0-4bbe-a8ad-182339f41b87,530854aa-561d-490c-8300-94865134e860,true,bot_purchase
343ad29b-8760-417c-bf98-17a48f218777,8ff8f235-64ab-4912-be45-5254cf7b3be0,false,none
f0cd0c1b-6d00-426d-a4ad-90a6e6a44f97,b639c9e0-6b3a-4c70-bd02-33eab2cb00cf,true,bot_purchase
efc5ad09-d110-488a-bca1-15085504693e,de01d87d-8f57-4100-8a47-eb59d9413d95,true,bot_purchase
432380ce-d8d9-42cc-bd5e-1d6676431194,f4a9a5e1-0773-46c3-8a9c-aecda56f1a07,true,fake_account
f48d0a04-ec1a-45ba-85ff-9bb86c285217,999b9c3b-103b-4097-bdee-a80fa6579222,false,none
163c6c39-be4f-41b6-a3d5-2182f4c99134,d3121fca-fbab-417d-b044-918e4702b642,false,coupon_abuse
1e2149a9-e938-4685-ba96-9cd08b86a537,99c8db70-f4ff-47b9-8f8b-23b0b30745c8,false,fake_account
ab260de7-3b18-40db-9baa-c4629f51fb64,53f25eb0-eaa4-440e-b2e2-359b9a2ee33d,true,bot_purchase
e535e86d-3b7f-428e-bde8-17da27ba45ee,e8437bf9-fd28-4243-8254-f30b8240abce,true,none
7f102394-ed33-47e4-a498-c62e09a1c9e2,2d0fc216-3be9-488e-8de2-37eecae4d6d4,false,fake_account
3b329448-78f0-419e-b169-bf075c5a661c,64ec1da1-9486-4694-9002-3fe67abc1506,false,coupon_abuse
b384139f-8dcb-4398-b009-39b2eefe0348,5366e466-c6f0-4d8b-b9bc-228434f90886,false,fake_account
76f02b1f-1f9a-44ec-bd15-1e1e79cbf72f,b3f780cd-442d-44a6-a288-c8ff10970b0f,true,fake_account
aa3efcfb-0979-4714-af84-b7b5d35b0554,3b07becf-e081-48d2-a2c1-83fc60aa84f1,true,bot_purchase
99d78cd2-8d2d-4f2d-be67-d0072ffff456,b78ca2a8-8791-4729-a64d-d57aafc6149d,false,none
a253319c-c02c-4f4c-ad79-be5e1bd13399,0176b0ab-53c8-4b23-ac0a-f19ab772b044,true,fake_account
bc89f47d-e49f-4e5d-a697-567e58482780,e7aaf8f7-d5d1-4863-bde7-08c5335276d4,false,bot_purchase
2d389b9e-6094-4d38-9f2f-8cbfbd6d8cf1,984d5eca-398e-41f7-87aa-2240f96fef39,false,bot_purchase
6783ce76-69af-4104-a053-7c7e15973ce5,4600762e-b314-47d1-a11d-96bea76e8203,false,none
9cb4ca90-dba6-4869-a003-fc5e2dd5fcbf,27bf53c8-10bd-4087-b2b8-ed83b22e99b1,true,coupon_abuse
65b4bf78-cbca-427f-b0b7-4e2db3623c56,1d3c79aa-897b-43c6-8b78-db39a8afdbe3,false,bot_purchase
45b9e930-f50c-4b77-9242-d4534a911b86,317060e7-ca96-402e-b309-40430e46ef23,false,coupon_abuse
200a1e23-fa2d-4a45-8de7-42ec46f9aaef,04469df6-8997-48f3-b7bd-d23e385f1ac6,true,bot_purchase
764d401b-0efc-41ee-a2ea-bbc90d000b2e,5a1d0eaa-fc28-48f6-8c6b-4aa2e3d6481f,false,none
1e8f7ccb-e16e-4b5a-9264-fb542179b4ed,3d3e3b45-4dc4-4f69-81d2-761dbc2329bf,true,coupon_abuse
e45acdad-ccaf-4635-8f43-7b60118bde08,55259d2b-17d4-4389-bcba-fd2a5b20dc8c,true,none
f742010e-922f-4a0b-ba2f-45e3455beb40,d9665974-330d-4cd1-bb58-d6c9e073ae12,false,none
c0dab7b0-3416-40c5-adea-54f114d3a205,9ceb835c-e3a4-4036-ab8d-94cd3fe07874,true,fake_account
4cf633f2-89f3-4391-9978-73b5386ec723,b6654243-6014-421c-bc5a-35c426cb8194,true,bot_purchase
84f36048-73e4-49fe-b345-70f2b94f7493,13b5223b-0057-426d-bde0-072e2d83098d,false,bot_purchase
1b170ed0-7f3f-4188-b6eb-1180c8f6e2f3,56a0d448-2af4-4fcf-b4ae-c5ecc5ccfe64,false,bot_purchase
2f235a03-f8ee-4959-b41e-c31681d3e23c,5a90d548-ad6b-4c33-a8e3-ec168fdaa0d1,true,none
fcf745a5-492b-419e-8ec9-8363803ee4ce,24a10256-315b-4132-a68f-459353b95d3d,true,fake_account
852bbc7d-301c-407e-85f2-468864b03e82,f194bde1-6214-4160-a059-2ef2c5736c1c,false,none
bc20f49f-698f-429b-938e-3edad91c545a,6644c75e-c2d5-432a-8d01-9911430ac541,true,fake_account
ed3f3ecd-b4aa-4a5b-97b1-45347732be66,c9b88e8f-8d60-42dc-97e7-504198ef3e5f,false,fake_account
88513b1e-6cd0-4515-b841-1f75f7c62b08,126ea788-56ba-4a51-84f6-ba2d0bf9df2f,false,none
6b4b6ea5-38d9-4a68-a7fc-6f8a39d55387,e6211818-3d0f-4788-be0b-c62bd8325499,false,fake_account
062d4228-74f2-480b-9c0f-d35daa70cb8d,f1d2f39d-82d5-4316-9b37-f1771c03862a,true,none
ba94941e-2e80-41b0-a254-80c7c024f917,b032f82b-dac1-4383-941b-c86ee51fd96c,false,coupon_abuse
77382454-de7d-4134-a1c7-f4ef519f97e4,4e2ccb5a-8dea-4a62-b971-42875828a653,true,coupon_abuse
164da214-2a93-4be2-84f6-56beb502b570,8644c7d1-0f71-45bb-9845-3fa2dbd194bc,true,coupon_abuse
9e48f15e-749e-494b-aea5-9753f82d7d4e,7d7e4b60-9d01-47a7-947f-d9f22662a563,false,fake_account
5cf5192a-656b-4830-8102-65c7c9218627,d3769ea8-4d5d-47eb-a375-44fc36c7df3e,false,bot_purchase
13aee3f5-de34-4a98-bdc1-142974b1f396,c09009be-136d-4447-bac3-a5ec3a16fd41,false,coupon_abuse
6f4c3fdb-25a7-463b-bfb5-4161a1666f7f,743ee155-9189-4c6c-9754-04a6370b345a,false,coupon_abuse
cbdb5596-72a3-4161-b8ad-dbc6b56d011f,ddb2de3d-ef8b-4b99-9256-192866514eee,true,none
2e5bc28a-2495-4ad5-b2c6-f551140205c8,2785aa19-29d7-4bb3-bf30-25b20b94c9fd,true,none
3bd77343-ef0c-4c47-94ea-99b3f3a103ab,cd5c6a6f-8d0b-48ef-a2a7-aafe20bdf90d,false,none
eb053a50-01b1-4ae4-b667-9da24c20fabc,bb964290-ff97-4f91-9485-db3ff9feaa73,true,fake_account
851439af-580c-4d7f-8856-69584b4ff79c,c66dd45c-4450-424c-b1e3-b15f29a6f4cc,false,none
8d36dfd4-ff41-474e-a9da-5092c8763c0c,022bda43-7a70-4812-9e27-640af03e4de3,true,none
d80a06cc-dfe4-460e-bc38-a374645de18f,3416315f-6ceb-4c50-9dd9-5a15daf8dd18,false,none
cefc151d-52dc-4b4e-ac44-54f7c0738331,2e255ab1-749a-4186-8fcf-4f34c11aab74,false,coupon_abuse
87f38de2-e07e-4c2e-b5e4-090f41316c86,ba453b71-2cb4-4a1f-bcb9-67c9704e6d46,true,fake_account
25961bf9-8d48-4e27-b59d-8dd2c84c9825,c612dec4-62aa-467c-812a-d665f53ec3bd,true,bot_purchase
76ca37b7-0c3e-495b-8eca-cd7a43b47b43,734f2b6d-8694-4968-885e-33ef5408e374,true,bot_purchase
a3fb12cd-d0e8-4b1c-95a9-2fae5e460fb2,6b39571d-7da9-4d26-9b9f-c1d4d766ce92,true,coupon_abuse
f1374134-a8a8-49d8-a3e3-3f232cb7a9bd,a6e251f4-c9f4-4d8b-8a6d-74d1eee7cfe4,false,coupon_abuse
3b4df8a1-756e-41f6-95ae-96b1406629ad,84593a15-9973-4ac6-aeac-e4494e7dad08,true,none
c80d161f-ad1e-4c28-bb35-ee2c4300c940,b5131495-d967-46d1-aa79-04882b8fa235,true,none
91042a51-ace1-4906-b15d-afa06078c722,cd421e24-3a38-44a5-ade5-34f8934c21df,true,none
ea4c2454-6996-46d2-a7b3-7dc4b20b9949,da6740b7-52e2-4493-b9ea-e0b4efc11f44,true,none
ee670d76-f3fa-4cd3-82e2-9e0c2232f789,c0435c39-7070-4688-bdab-38bacebbb5b3,true,fake_account
4d8c41f5-01bb-4ddd-969f-7790fa21d6ef,78000d77-d3f0-4bd2-85a7-5e8169537f4c,true,coupon_abuse
1fbe37e9-c3d4-422f-8594-277d94ba10c4,55ec8845-bee7-4094-a77b-9903836bfb8f,true,none
b544e2ee-be33-44f6-9c73-311095762bf2,c8ae687b-c44a-489b-88f3-3a34a68072f3,false,bot_purchase
7846aa1d-1146-4cbb-a09c-0714961f85df,80f57509-5e4e-45dd-92ea-1683ebc814f9,true,coupon_abuse
54f9a20b-dd9e-4897-bb24-a5acbee74914,8f810f37-0319-478d-99a6-e975e5c13f36,true,coupon_abuse
6c6444b1-8c6d-432f-b789-1b2935859044,c13dfaeb-48f3-41c1-b11d-8843881c30ad,true,bot_purchase
19a8a01f-05b2-4a2e-b4ae-887f6c0ca28f,bd340a89-0312-4fd6-93aa-9185edd26f03,true,none
7acf50c0-d375-4543-a808-1ec3377afb63,b941ca05-0637-43ab-83fe-66ed095f7ec4,true,fake_account
b5199583-7ba6-4230-b31b-1c9a67e0740e,e8e7e4f7-a290-4e9b-868c-c63abd57a52a,true,bot_purchase
bfd08795-d1a5-4c31-ae81-1bc26efade7d,f49eab3f-7e08-48c2-9b98-a40da2d172a2,false,coupon_abuse
86c82acf-fa10-4d3c-b773-2c21f8260cb2,b45bf2e3-7998-4ada-bdbb-5d1bff7f6453,true,fake_account
e4c5c6e2-b773-424b-af5a-adfdccf48fed,ffb9e705-078b-456b-84d4-4253731f2811,false,fake_account
28c396f6-c23b-4d4b-825b-e4ab5b6231f4,444d5111-6bd1-45f2-93c6-31cc51de4ced,false,bot_purchase
9d3f951b-1a4c-42b9-9be6-8e14e5ed6287,5cba60e2-f51d-4ac3-a392-359599b9835a,false,none
71acd901-5bbf-4dd6-ab9b-50ffae3d0a59,171afb86-1a1e-48f8-8bc6-75eb92c4a854,false,fake_account
499bbeca-0f86-4d13-a3c5-9b4a9d412b1f,b6331b24-4dbc-4782-8a5e-7eaeb58bf1b6,true,none
2be7bff0-d3be-45e2-bd7b-7d42fe1219ae,89f7afc2-4aaa-495a-ab48-7128449b81fc,false,fake_account
ed2b4213-de5c-4370-9e9f-a46712887c84,b12bf6ac-d703-4ae7-990d-d11d429059ce,true,coupon_abuse
ef0f74d3-8a86-4d0a-a7de-1efdfed54e2f,7c820667-9fa3-4335-bc19-a3d121406288,false,coupon_abuse
d28565c9-3359-4d42-b153-0b951e88c235,020c53f8-a65f-4a74-89fc-72912f602386,false,coupon_abuse
9f75ac30-81f1-4141-b5e6-5954dd6ec515,ed1c19f6-af4e-4e5b-b970-2ba8b4181728,false,none
36fc9e95-bd22-4926-ba47-91211b719462,c6f05bd3-74e1-46f6-8b6c-70c9dad4f2e7,false,coupon_abuse
48af6d15-49a4-46f4-a601-11de2989a18e,f8b99eb6-cacf-4ef2-80dc-5bc638736f8f,false,none
03a0b2f2-0a5b-42cf-add4-602b97b4f718,36b43a04-bf0a-49c5-afda-76799d990f34,true,bot_purchase
b8efa346-566a-4aa8-8570-794761f3380d,5b5627a5-c30c-46ba-a07f-144409e37cf5,false,bot_purchase
1acfe2d1-9ebc-4f6f-9a5f-c8004496f0fd,f4006630-8933-401c-85c6-277f8eb2e13f,false,fake_account
a9b88adf-7a6f-4c8b-b218-600aa0e08178,b3ca67cb-da55-4181-8cbe-7a11f2b36421,true,coupon_abuse
c6df005b-252e-4faa-86be-223d4e1e1996,e9d84c0a-c547-4b75-940c-41585478a5a5,true,coupon_abuse
182ec196-225d-4d20-8f7b-ce36af6b6ccc,79a043d6-40ec-48e6-8096-c0f544b9dfec,false,coupon_abuse
43c50646-6590-4046-a571-c4c180dea441,90a2f3d2-b740-4504-9b12-a0b589135c71,false,coupon_abuse
12bdcd67-1280-46a2-aa3a-63c2f3dfdcd1,7778d88f-7b98-4fa2-af2c-918ef670b1ab,true,bot_purchase
3157a819-eaeb-4f72-9b01-78f711d10c16,70ecd451-bb61-4fb4-a998-a58a324294a7,true,bot_purchase
98c9f8c8-4e52-49c0-9ed4-6671c6b22066,fb63c570-04c5-4931-a450-4e25acf65e6c,true,bot_purchase
2890d25b-dedc-4f7d-a41e-3a7f65272c3d,078ab5dd-ed22-4d49-a19e-c093002716ad,true,coupon_abuse
9aee1e5e-ad0c-4ea4-8923-1358c19e7a2d,68ba2e12-52a0-4fc1-a281-78d89d9374ba,true,coupon_abuse
c00420a1-e5b4-4ea6-9112-269352851941,e51357af-ed7f-4b56-b534-66539257f7a3,false,fake_account
dbf18630-4b2c-4bc9-8bea-cf5c05c09570,2ab68ae2-58e0-4843-9518-86534124a0f4,true,bot_purchase
902f4054-a213-438f-98b8-3868709925d7,54c16c8b-c151-4c71-b5d4-712f1355c491,false,fake_account
d77d428a-9335-4bff-ab6f-c52dbdd01e60,df2216ba-8864-454d-bb27-e8e1b93157af,true,bot_purchase
f7d39191-94d9-4c1d-9f30-5ea09399df47,53646569-518c-4ae9-b23b-8777d5b28b80,false,fake_account
8357e6fa-15f2-40f7-b62c-7d6697676412,5845d10b-848e-44d7-b496-4cd410fe5aee,true,coupon_abuse
d018e4b6-b644-471a-a76f-7b34b8a6fa06,a9621067-18a5-4b27-98ea-ab24b95e78b4,true,fake_account
0e6a4982-1638-4827-9151-c23a0c5ac05d,6c2866f6-cd86-4567-ac37-c6b4baa8c6f7,false,coupon_abuse
2de6ff7f-b4da-445a-82b8-caec7f556253,d9e5e6cd-43fd-4ca5-bdec-4d8fcb60aca7,false,none
af86011b-7754-4b4d-b49b-538cf231ca41,3311006f-1546-485c-8fff-955628899d25,true,bot_purchase
b0009d92-9ea6-4b73-8461-3329d47e34df,663543c0-7ce3-46e6-bad0-71eeb4c02807,true,fake_account
c7957840-8af9-4cd1-95e0-6fa9e6e28853,66c9fa3c-004d-4c6a-a2e9-9808f4b876d1,true,fake_account
c409bdf2-3355-4d2f-b723-0ea51322a4ec,3313d85f-0c45-4e94-98a7-8c63f87ac1fa,false,fake_account
bdbe7649-07ef-4c85-9e81-adb6373cb640,6599dc12-8243-4e8d-b56b-dfa60083485d,true,fake_account
aeb7654b-9e03-414e-afbc-69a6876eec13,d6b2fb6d-43e5-4414-a504-179849c80947,false,none
c04a6381-5bab-48ae-967a-3661dc39723f,439ff371-e2f8-4e19-affe-b76ae01cc984,true,coupon_abuse
89496e33-be92-4b82-8ded-1d8d312f734a,3ba466b9-7d36-4f97-b9e7-da40caff3536,false,coupon_abuse
7daa6504-e149-4bd9-b1ab-e25dabcb30f1,29c6a568-b706-4a90-b35c-897f9b4d883e,false,bot_purchase
d7e4bddb-6e36-435f-87cb-73dbf08c671a,fe4942b1-548d-488f-832e-cb854a99c03a,false,coupon_abuse
6deddbca-1571-4762-8953-449d26da321a,6bc7ac58-8e88-4f84-9abf-b16896eb50e8,false,coupon_abuse
08bb3953-bb99-46c2-927b-332cdc65039c,fff30a1c-17dd-42a2-835f-cf8c75963cc9,true,fake_account
32eb4b73-70df-4f6d-ba5b-5245ee6ef2b2,8c8d57dc-0c7b-4ca9-894a-ef0f45744262,false,none
c68f97c9-5071-403b-89d4-0d6776f1e7b8,881e9dde-feb4-4985-ba38-b14661d73b60,true,bot_purchase
a7bc02f9-b3a4-476c-a044-7195699cf18b,15918fe7-eda3-46fc-bc8a-9efed98029a7,true,bot_purchase
5e6addd5-31db-4b9f-970a-cd909483a8dc,88e4a476-74d3-4d1b-9349-7619b197e391,true,bot_purchase
d944c835-7100-4f1f-bd6c-ff9fc41ad707,3657dfcc-6c26-4727-a28d-c698f26ef12c,false,fake_account
1008fc1c-2f5a-4b5e-b2b5-b6518b76b31a,93e8f019-bcee-4e00-a1c9-868b4b1ff45a,true,none
384c27a5-c4ad-496f-9f98-ed2a52108c90,2b0694b6-3c2e-49db-b5a9-e150135c8ad1,true,none
850318d6-78c6-4a95-ac9d-540af4727225,a62cbb85-00ad-4baa-88d8-6b3157ebcb3c,false,none
1bc8f6ec-0f17-437f-80f6-c15f056ad410,c0824313-a506-4213-b87f-ecb3a1819892,true,coupon_abuse
b00c9d7d-f34b-448e-b770-8428f5a67a9b,21997488-aa25-445e-a1c5-b56029c5f3f5,true,coupon_abuse
abe02804-1ff0-4bac-90c5-b77690a0aad3,0110e62e-e6b6-4ea6-9a6d-4de07e885e28,true,coupon_abuse
d08b370a-9e5c-4ae1-aa34-7255f02002cd,ceb22a8c-3b99-413b-a37f-e279f45b9a85,false,coupon_abuse
dc6edecc-ece1-45b8-a63c-82c70dce59b9,6c4613c8-da37-4913-ac0c-30eb51c0fc4b,true,fake_account
1976e189-89d7-4991-ac74-825e34e4b0f1,161ee7fe-2ca5-4454-a5f4-739a43aa56af,false,coupon_abuse
52434502-40d6-421c-b312-7e62353722b6,1eddc2c0-b1ba-4eeb-9f95-07245e85fa46,true,fake_account
33e7d6b3-1a5a-443a-b8fa-0a3f1eb6e93f,c0435c39-7070-4688-bdab-38bacebbb5b3,true,none
8e0d53a8-b74e-4412-b532-c59ab39b5809,d51f11e2-a8d3-4e7d-9665-21871788c991,true,coupon_abuse
4256ba5e-4186-4d45-8015-31e6be85fa1d,b4eb65f3-8da4-4632-a432-e4997c224055,false,coupon_abuse
cba0a133-fccc-4069-bee5-a773181e72f6,4de2ff5e-1f24-48bb-80b0-da9bf808447f,true,fake_account
966c2930-3adf-406e-9384-96af0dfa5e2a,26805dc7-5fcf-4331-bceb-4d15806186a8,false,fake_account
0881efff-af1b-4ac8-85ef-152906109b6b,3435c9dd-ecf5-4104-8cd0-62f3c8d8d5ee,false,fake_account
937337bd-9656-42cb-929b-928ffae5d025,6f68efcb-a04a-4fb5-b918-ee854ba72457,false,none
04b00f36-c44c-4654-8acf-026bf6a269b9,a1f7db5e-7bd9-403e-9a1c-1132400a8ea7,true,bot_purchase
f86f9bdf-ce8c-43f0-a8f3-063063d1a276,21ddc946-6f06-4a5b-9aa6-8b589f7bcc77,false,coupon_abuse
ce2f5db5-9bb5-4828-97cb-d893d546d377,880164f1-757f-4ceb-93de-b26bae808d08,true,coupon_abuse
944c5781-ce56-498a-a46b-2689ac60a870,17b51223-34b4-46e9-8a79-896f8c493fc3,true,fake_account
c9eb01dc-1415-4da7-820f-cc6e1972bb79,66a1863d-26b9-4fe9-b4bc-0088ec0f7e32,false,none
d33fd0e6-11bd-4259-a1a1-a6bc8812ed1e,07145cd5-2791-4beb-9858-2b3d44fa26a2,false,fake_account
bde5721b-936f-436d-9c61-54f2aa53aebf,d689c951-9cc3-4a2e-8c92-e6b0e4dfa4aa,true,coupon_abuse
025d2c1a-4740-4596-8d27-f356f9506f66,3597ce9a-c868-45a1-909c-c006eac639a2,false,none
c11847e6-b93f-4ecf-9f1d-f5d32bd27833,1fd188f7-5b47-4fe1-999d-f813db9118f5,false,bot_purchase
de0774f5-dcd2-434a-aca7-651ba99dac33,5df10adc-3680-4bb7-b1a9-43f51487b1b7,false,bot_purchase
bbddc03e-df4a-49ef-b3e7-47552b4084d2,747b2d5c-eec5-4ec0-b9a3-88cc89e7da17,false,bot_purchase
8d8e0134-c5ae-4582-93d7-baa2d5f86e05,18594cb9-30ff-4ef4-998d-02d1e96d8612,false,bot_purchase
729a6926-d499-4398-a92d-36e054ae02a6,3e8c0a28-7c6f-4717-ba60-48f8941d9827,false,fake_account
f196bc24-5538-4d35-a605-9005fb61b23b,173da208-df5f-4aab-95f7-3c247943906d,false,fake_account
87b27032-958b-4660-bf7b-49bc02e3b71d,513fe42d-db24-4bfa-9c08-f7e0b738f3d4,false,bot_purchase
508c9615-3da7-45e3-a371-2680e034a422,9d0598e8-a08b-4ff3-9b0a-240f894405a9,false,coupon_abuse
4195db0c-3096-4240-9359-81eaaa3b6286,00899a79-88ee-4c1e-a18b-ab51050b13fe,true,none
a43cdf68-b9db-4acf-bb80-9be821d3df1c,a1ccb1a2-0926-4c50-8cfc-c0bb5fe122c8,false,fake_account
170793e5-a8c5-4b05-a7fa-907c82ba88ef,71ac7bd9-3f14-473d-b737-2f63e3861197,true,fake_account
e17d0447-ac47-49aa-aad9-897ae3cd3124,d60082dd-6625-479c-bb0c-287fd26db0c2,true,none
6e9c0552-8f11-445e-95f0-c0a16e5451e0,52d6a835-c9b6-4ad6-ba08-fcf14d97e450,true,fake_account
c3d53699-452c-4f61-82ab-377b426766c5,cc217fc3-8eed-43c8-a799-c5d935f35a06,true,none
04698ac4-cf5e-4454-8005-d8327359dde4,a5d1f549-6171-432f-8560-c9404cd1151c,true,coupon_abuse
7d590181-81c3-4099-b0a4-aafc3431967f,b64ffc0c-1f21-45b7-ac70-02e31e8705ee,false,fake_account
c9130fc0-54be-41b5-a824-438abac99550,479bdf95-2d96-41d2-a8a9-8c78df75e2dc,false,none
e67539ad-e573-433d-8def-b427936c86fb,8cec2c42-e43c-4f39-9f2c-feb8a36598c4,false,fake_account
eba8097c-21f4-43ae-ae97-2ac95f09489b,3d9facf0-5477-4ffd-88c2-5ac4171ab4e1,true,none
5451d209-0963-4152-86f5-f4bbe34e8597,ae44a618-21a5-4635-b47c-9094b0549661,false,fake_account
09e5d052-54ea-4410-b826-68762293a5e9,08d16604-190d-4d4e-b642-4559df25a4c0,false,none
b86fadbc-995c-405a-90a9-5a91d5efcff5,6527b651-7eb0-4f41-8a99-5d710b294aaa,true,coupon_abuse
ee31b877-e16d-4213-bfaa-314329753804,8cc410f7-5443-4b44-8813-e7a6a324d4d9,false,none
6f54d89c-3c8c-4fe2-8f56-fbe32514932b,aea4685b-dce5-48e5-a045-a7c65598a934,false,bot_purchase
29c9dd0f-3fcf-407a-9269-adf9c7dde693,8954df20-cffd-4605-ae9f-77a1935b9954,false,coupon_abuse
93bef3ee-c874-44fe-b4cc-7665024450a4,ab0b92d0-d0be-485a-b001-f915ea32b3e6,false,bot_purchase
23987986-cfec-4f4f-be3d-f10902ceaa4d,22b92217-2f23-45cb-8d14-9a785a503779,true,coupon_abuse
0db9063d-8549-47c8-bb74-cb1ee803bbbe,7cd4335d-a943-423d-ad3e-e304b7b3e2f5,true,coupon_abuse
4ce4fa5a-2ad9-4044-af38-4d39fe391ea7,8e6543fc-cb1e-4f05-87d7-b017f3dbab37,true,bot_purchase
b5533958-302c-4492-bd5a-055ff9f4f085,6e6a53d3-4b9c-45fc-9cc2-970d93189b36,false,fake_account
437e8c94-db4e-4367-b9cd-3ab54b941ad8,65f2154b-067b-4de3-9000-3bfe8b2afc31,false,bot_purchase
2dbc3bf8-a471-4698-bcb1-62f1bdf9ee5b,6d63c56f-66f9-45c7-9402-db412ff1d794,true,bot_purchase
3f255394-fa1d-4b95-a891-5b4edf39324f,35641fea-e6f6-4465-8b79-3cc2b04294e9,false,none
7ecdc18d-8e03-4bfe-a5ee-3d205ffae9e5,fd28d3bd-e291-448c-b444-c12245d704f9,true,bot_purchase
0fe5bf4b-884f-4a54-80bb-2438c302e1f9,f81c8165-f391-4cfa-a064-989853a8c94c,false,bot_purchase
81daa02a-dc82-4705-9fef-c83c1562d60c,5ec326ca-864c-4967-957f-ce81b4c0cd80,false,none
fee930ef-6af0-4328-8144-1ec0ac50a3d7,08c9266c-8b1f-49ee-9abd-c0abb996e3fd,true,none
322977be-2c54-439c-bce7-9153ce06ce35,a885fd06-90d9-4356-b919-420bc1c336c2,false,bot_purchase
a8483d6b-c5e8-4948-b9df-ffb1ea821255,0cefb62f-e683-446f-b4a2-a52697f282cb,true,fake_account
f29cd4dc-bb5e-4cc8-90f5-733e23857fb9,610a8b02-adef-4877-bfe2-6e33d4057f45,false,coupon_abuse
7de636f9-3665-4b07-b6ce-79609d54a660,90c8c561-bf2b-4d69-bc14-837fc61880be,true,coupon_abuse
7c78308b-ef20-40ac-b24e-b696f75287ca,5e386031-1eaf-45f0-be1f-c6291cda439b,true,bot_purchase
3953a199-8cf6-4e27-be7b-5a2414baaaf7,59b9fca9-c878-469b-94e1-53a87eca68d6,true,fake_account
3e1659cd-9a22-47ef-86c6-0e0cb45bf9c4,5f11f3f3-707f-4fb7-a51f-0611600d3d98,true,none
c8f79c2c-9ed0-4de6-afae-3db5d63ffd43,084d6094-2b09-41d4-b84d-c6bb25060ff1,true,fake_account
6f341ff3-4740-430b-934b-93d78ce28209,82ece553-ab59-4cdd-812a-ba39c4e1ee48,true,bot_purchase
811dde3b-e0b2-496d-b02d-8211f602648e,f8adfbae-c4f2-4149-8155-4f6256c8d483,false,coupon_abuse
7e403889-8e43-43b9-b28a-33e19feec765,32805923-42cb-42b9-83f0-9ac0958b25f6,true,coupon_abuse
b7a818c1-811f-45e3-8388-46357551c846,5f11f3f3-707f-4fb7-a51f-0611600d3d98,false,fake_account
6126f167-2215-498f-9a19-f794a9ff4532,f5b1f4f4-97b8-47c9-97b2-2ec66873c2e7,true,coupon_abuse
6caebb99-883a-4684-8cb7-ed8872016d34,a98300df-5b80-4dfa-ac20-d92386248a13,true,bot_purchase
b9c5801f-e713-4319-bde4-732aa0a37f20,749506ab-7d01-4840-bdd6-9f5adfdef1a0,true,none
92520111-0c36-492b-b8b6-37ad73e59b2b,1ce939bc-6d2c-4eff-bd78-3e68c21fdaef,false,none
31bd9f1f-9f75-4d83-b3af-5fc9e1650bfc,03436397-8c3a-42a9-b069-5846904f60d2,false,bot_purchase
96220d0c-09f0-4935-9f5c-e876e521d587,6ba00c89-cf73-4470-a007-2ec349af801e,false,bot_purchase
2ff4dfce-f7d7-47f4-b840-08df218c1f95,d3028b45-a47d-4497-988d-9f0bfb5efb4c,true,bot_purchase
f3e639ac-2a59-4e40-94c3-95710a5f3eb8,e0a1f3f8-6ab9-495d-98c0-0d4f2fd49863,false,bot_purchase
fe6f7083-94c2-4e25-b3c7-5ad23bf7da2c,e770dea3-2e67-4d3e-94d2-18a5f0971a5a,false,fake_account
3ead44d4-7188-49f5-b65c-f8abc4d8f7dd,19cf6f9f-4cba-466e-bd32-7134efb2036e,true,coupon_abuse
3a48c477-6403-4167-a067-08f6698c6368,e433b05a-66cb-441a-80e2-f4c5b93c7aa2,true,none
1133287e-ad41-4440-822d-acb84e60dfe2,f6cd1384-3123-4d96-8591-5baf9e904ac9,true,none
4be0c8b5-c9d0-461f-862f-933332083efa,bc998134-d87e-4ec8-80e3-e5dff6a0a977,false,fake_account
be3c0ff1-ebdd-4ff5-b208-31da0d60558c,a85aeed8-4df0-480e-ad9e-30327c60aa4a,true,none
9633b1f2-fc15-4f5c-9e29-89b01d573481,55ee3581-5414-43b1-9eb3-2fea28059582,false,coupon_abuse
9094f212-3dfd-4163-99e3-6413523b5b60,60589bc7-0bec-4e9a-a198-f7d2edc33c9e,false,bot_purchase
b26e76f2-8cf1-4aa3-be46-5fdc504d3601,a45fadec-4269-4f80-8f0b-20dbf6b86426,false,bot_purchase
f6bb4804-936a-4a39-bac6-4da79798da93,abe35599-2cb2-4fa3-9261-747b02c610cc,true,coupon_abuse
78377253-fc0c-4cd5-8160-43dccbbc50f3,057a7e35-0ab6-4f86-8ad0-6124e99c6b7c,false,bot_purchase
da55e8e1-8b63-4521-b243-88f278c2f37f,8df26367-d2c1-4be4-8111-f59e23cb9e43,false,none
24f92008-9431-4f08-9d92-928e902daae9,c43d6f50-3248-44c9-b2a1-b9d8e8d39750,true,none
f3b86e58-0ffa-49b2-bab8-78748f7a272a,5d3b4ea0-733b-4f4c-be41-f612688c9fd6,true,fake_account
4d40c231-09cd-4262-9523-53d59f8a2b26,3cb25771-8a4b-4def-b9d1-927f95ad646a,true,coupon_abuse
2e67be82-d500-4e16-a4ea-3754df4e3f5b,10da4dfa-882d-4cc2-b190-922fa599e6b3,false,coupon_abuse
11571ce7-023d-4302-a1a3-983e176b2f80,8a68395d-dda9-4465-8cfe-59e8451499d3,false,coupon_abuse
582dc12c-691e-46de-86da-e1a7137b048d,def4e979-1cda-4b6e-9717-bd6f9d196511,true,coupon_abuse
d9ca9e55-0dc0-4bed-9585-d0cd91c3e918,1d4e454b-4bf4-439e-818b-46988da5c48f,true,fake_account
50f8eb44-0cd2-4a93-bb1f-70d4a138c974,2d1098d8-a6c9-4321-8565-ff78c666020e,true,bot_purchase
ff68bef3-41c7-4940-acff-552b32826bc6,7b4744c7-a609-483a-aabf-9750e5cb2562,true,none
453cae37-a5c1-4146-8d55-d3aa0d58c8de,79755654-45d6-4d15-b03f-ab4ad825de8b,true,coupon_abuse
44bc42a6-caa1-4612-a209-3e85395e8460,1660bb17-8ce3-4dfb-9d71-d4e4abfbddde,true,fake_account
cb12ea39-d85c-48f7-a241-e9ab70803ff2,06131921-a3ca-4ca7-9991-728f1c4c1548,true,none
04321668-efb2-42f0-b376-cd10e0efcebf,705c7557-c42e-4fc3-919d-f94e4cbd1ec2,false,coupon_abuse
02114f47-192f-4598-9cca-dedab0fb35e0,e9538347-684d-4f74-beb9-8b79076ed367,false,coupon_abuse
d57f9bd4-ed27-49a9-95a0-7c1a339cefb1,96416307-ec56-4c09-8a86-421c66a8848e,true,fake_account
2966468a-a80d-41dc-ba5b-974538f13aa9,df29121a-0359-4ab5-a55d-649b9676ba12,true,fake_account
56ecc10a-64a1-447e-9366-8fd0f238fa40,98ed60b4-0c64-405b-a5a9-358af082837f,false,bot_purchase
cfc217b7-caa5-4d63-ae2a-20a07a2822e6,8c228259-2acd-4cc4-bc02-6afb8c6a96bd,false,none
9150d5f3-14af-4168-931d-9a6b75a16dc0,434f69a7-d2bd-4a3e-92c3-425d52645db2,true,coupon_abuse
0f671f37-5783-40da-8c5e-20a850d3696a,87693099-8a21-43b2-a4ca-2c08b398559a,false,fake_account
789a4c47-71e0-4fff-8897-ebadd24fb1ca,ddfc7f03-794e-45a7-9718-803095b02e29,true,none
4fcc35e3-a1c8-46e2-b9c9-545e6727f197,26805dc7-5fcf-4331-bceb-4d15806186a8,false,bot_purchase
4ec03b01-b858-4d21-978f-25fc20a5c17e,1013f0fb-bbfb-45df-952c-d9ffcf75c4ed,true,coupon_abuse
fec6dd0d-61db-48cd-a9d6-4402705f17ba,ae68fdf1-9a29-4125-b41e-ef0f8843aa56,true,coupon_abuse
4ef00bce-2c6d-44d6-ab4f-3cc522fa50b5,36022f58-30fd-4b83-a0e6-5ae228ce7649,true,fake_account
2931d745-a23a-4f9f-b444-a6f3fe56f8d6,99184a6a-97e0-43c8-a2d5-1689d3e63cb0,false,none
1050fe70-2826-4070-8d5d-418dd7bae4cb,dd3916e2-22bc-4e33-a63b-b604a75bc4c1,false,none
5cba5a44-773a-4832-b529-9073818e44e5,e4606116-a123-40ca-9065-8024f34b5ff3,true,fake_account
328dd10f-c677-4ef7-a9e0-5d5ab806e5f0,91da56ee-6a35-46f2-991c-2aa90e5cb3da,false,none
34a1220c-a994-4486-9ea5-08b244fe65ca,7fe825be-29d6-4771-9bc0-0a4a75cf3c45,true,bot_purchase
83d9a26e-7eae-4fea-af57-2b7a2893365c,8031ebcd-eb7f-4db5-9a1b-81171f90e133,false,none
93e0a566-e984-4d8a-9d34-f25f94cfc00f,264bfa27-1f04-4833-a0d8-ca1c817ace1b,false,fake_account
e540cbc5-0cb0-44f8-ba54-0b7aeb26dfef,c74b2e7d-17b6-43bb-b35c-bc2572af1086,false,none
68302cc8-edee-4038-94a4-c3106febbf04,12b88d2b-2632-4218-8ab7-276f42d5d2d9,false,coupon_abuse
e7fdcdfe-f7f1-4d9e-a39e-e4326ab7b267,884288f4-3e65-479f-871c-403c0208ff6e,false,bot_purchase
58d27d4c-ffae-492e-8739-480a20602670,e6a67af5-7f38-4f20-9cb2-ae53193bdd1c,true,fake_account
bc81d68b-0b02-4f01-b7ef-50222985301d,6acecabd-bd84-4f55-88ec-fe91acadc8fd,true,fake_account
4a55bfc0-acce-4ec2-9e70-a907fc8dbaa7,ea4875a1-890e-4990-bcdd-7ad4e2afa044,true,coupon_abuse
7a140db3-6ed3-4213-907c-3c645fdb08c4,06982df8-490c-4e17-b7e9-9ff7542a6f60,true,bot_purchase
6f689039-84bb-4f10-b891-765a6a62859d,06b00611-fd9e-433b-97c9-e50335daac66,false,fake_account
ef026b8c-b3bb-4c64-a7b8-2a3bf4332261,4ca21852-ab4f-4c06-bd15-b3e5af7d6641,false,coupon_abuse
340b76a5-06c8-479b-a2e4-769f8f42dfdf,0cfe8a00-1389-4190-81d4-e32e76d6644a,true,fake_account
8e60f975-3737-4740-acd6-fe85284bfa1a,2d7ebb17-1116-4947-9730-4e57b429c47d,true,none
99113d79-d506-40d3-933d-4e978d170553,fb651da9-a686-446b-9881-00c99585c679,true,fake_account
0595b4e1-1e9f-4265-a909-fadf5dd29c14,9f47c31e-fe99-4a54-bdfa-582bd6236aa0,true,fake_account
b96a0294-9eb6-43df-b203-4b2f8b642739,ce857645-a9d5-4cd2-928b-d013238bd8a0,false,coupon_abuse
77de85bd-8e4b-4564-9361-d356bbd8b9b5,9177bc85-2ce4-4291-80d0-914348b2a320,true,bot_purchase
1b921cab-c2a8-428d-91e2-62ccce943858,e6473fe9-871d-4707-992a-9e435696869f,false,none
d964124f-6093-4918-aa31-92372b401dd8,b9eb109a-0ff4-43e7-80cb-f63f613b0169,true,fake_account
f50a3d5c-711e-4e91-a81b-ec4fa29f4b06,ac82c5bf-c57a-4724-b382-272914a97819,false,bot_purchase
bb127852-6bc5-4564-a5b0-6d04efb2d441,d688da37-8346-4f2e-9184-3fd76a9b1c5f,true,coupon_abuse
bd25a226-ac91-4481-999e-41b758a23622,bc7e069a-a9d6-4ce0-ac69-8ceb9c3a26ed,false,bot_purchase
7a77371d-ef2a-410a-9472-6b7718ee8596,e8c8e43b-a6e9-4085-a114-b8306ad8e3d0,false,bot_purchase
ad253bf1-6381-4686-a5cd-c4783b743256,cc6a3258-7931-4873-9c67-d69e26747c1f,false,none
4edd0892-176e-47c2-954c-480b2d3a65e8,258c56a9-969a-4a19-a418-963843704dd5,true,bot_purchase
c5c8b675-624f-4791-afe8-8fc3250af41d,fa893b34-a614-4664-8bee-f291db61810d,true,bot_purchase
481e6c4d-ff1d-43c4-82b5-c65adfbb0375,5446d150-d5a6-4ce8-b161-ea9c0b922d13,true,none
02801130-b473-4635-9e25-91b57af46dbd,f84a9704-0a80-4178-8b20-228d102e3a87,false,coupon_abuse
f86dbb10-82aa-4f3a-8f72-5fbbf36679d4,db1bf4ed-c0a0-4d06-aff2-93079c881353,false,none
c76ca252-5cdb-4712-9260-8e8216343487,f5e4c5f4-730f-4baf-a811-891c0e6eb577,true,coupon_abuse
45567a94-6f9e-4bf7-9d08-5fbb2f34a55f,f2d95674-8c9d-4005-9790-4d2b953e30fd,true,bot_purchase
975601b5-1ebd-4b80-8696-f4d31ffb7a0b,f51379d8-7efb-421d-9151-5cfd6e36e05c,false,bot_purchase
f0e1561b-dad4-4b81-8069-6f3cd5348be6,c0e2eaee-9e05-4537-9f62-b12b91f7f551,true,coupon_abuse
cb83cc20-b4a1-470a-a722-2216dabb624a,5366e466-c6f0-4d8b-b9bc-228434f90886,true,coupon_abuse
f15374f4-d22e-483f-a4b1-59c5a01b479a,0aef14ba-f9aa-4e43-86c2-765023dec74c,true,fake_account
1a16cdf1-ef73-4a17-a019-f59efc502437,8420112a-4836-4fce-804f-bd1dfb29cbbe,true,none
7b4517ac-5dcc-4771-8db4-587f0831df84,ce510467-5c97-427c-968c-225ce7ee3aac,true,bot_purchase
d62d9dc9-6ca2-456e-b70a-980c72057e6b,92d19787-88fa-4435-ba85-1ac7edd7af11,false,fake_account
6a9627ba-3529-407d-a2c2-50c2ff03696c,e1e393e5-8265-4808-b241-da0f7abcfb56,true,none
b93a7274-9d09-407e-83a0-652892b9bf01,af55d263-c807-4e0e-a0dd-83a146d248ec,true,fake_account
28da7dc9-6954-4ef1-a505-dfb62f17580a,9206db19-1fc5-4ade-8636-dc7baced60e2,true,coupon_abuse
13c93f9d-e819-46a4-b184-f634fb40a990,2875f232-85a4-47bd-a327-3370f7882afa,false,fake_account
1152dd8d-df62-4e6e-985b-8a6084390045,cd68e2b9-7bd9-47ca-94fa-88b6572ebe45,true,none
f32c28ea-affc-4e90-a660-dc7da8e2c68c,b06ddd25-b9d8-475a-8b72-c044679f978c,true,bot_purchase
d882796d-7c8d-45e5-9c9a-5e41c60c23e8,8bf0d12c-2030-44ef-b024-29ebc1d77532,true,none
dea66517-f08a-424e-a603-289411f8e81f,852bac68-8fbc-44f1-a308-a7ab3e6a9e0e,false,fake_account
f09d591f-7a8e-46ab-82b6-28b21fb940bd,6527b651-7eb0-4f41-8a99-5d710b294aaa,false,none
c4443b93-a334-4e96-b99a-0cbd619d0bd6,3a882fb1-6169-4f76-aabf-258e83ab96aa,true,coupon_abuse
1e840fe7-2bad-46e4-86f0-6e5917a96502,b448501b-6fe1-4188-995d-dd0de41346d6,false,fake_account
65e9a0f1-4b46-4046-bc26-6a1f75215d55,d3121fca-fbab-417d-b044-918e4702b642,false,bot_purchase
ebc2b1f9-ceff-427d-8d90-40edec2d534f,d1987d84-7a1a-4ce1-bd35-936802feab5d,false,coupon_abuse
20db706c-a2b6-4b67-befc-781607dce9b8,bf58f749-0ea8-42d8-a594-b70c2ddbabba,true,none
9f4c91c7-c1db-428d-9fed-b02c3a1f6607,740930e8-1c5a-41e4-9e5e-3cf476e6e78f,true,fake_account
c557fe46-17c5-49ea-be04-a7f91b470067,ed17a93b-f341-4fae-b6cb-021d55bdb946,false,bot_purchase
b6f12d24-571b-43cd-97fd-9d985f667f39,cd56a655-2e56-4b00-a942-d590f9fc7a9c,true,coupon_abuse
706e48bc-bead-49f7-a6a0-8e26fb7d1459,ef180d50-9607-4ca2-a31c-96f24a7e1d31,true,fake_account
e2f7304e-f6cd-4088-b6b9-0e2ff21f41bc,4aca4180-8e1c-4af6-b191-4c7f9679e538,true,coupon_abuse
e70a8377-820b-4e45-b65e-bd71b2bb8b1a,9e365530-7237-46c4-a71d-92c7b6bed36d,false,fake_account
50917d79-50fa-49e9-8d8d-e5f247d63333,2167e908-1e4f-4a92-a053-89572f4b1e5a,false,coupon_abuse
154baf10-ffdb-44b8-ada3-22d6639a8187,c08a4248-38cd-4532-a0dd-f3036fae0fea,false,none
66de1385-f476-4002-a1ed-ebcb97dc4754,78aef7d5-deb7-4490-9129-a70535492e41,false,bot_purchase
ad8184f9-1031-4f78-9507-5102c93d7d9c,2a6dbe39-8c0e-4b57-af9e-bdae8f2cc685,true,fake_account
04f75df5-45f8-4e36-ab78-f5546460ed45,22528ab7-c213-46b5-a5f5-839d8acd856a,false,fake_account
4cfb8490-6c49-448f-8f1c-bc92b032d79b,a3bce957-8442-48d1-9dc7-630dc8f32042,true,coupon_abuse
e4b398e0-be07-454e-9704-bce8bd079f99,7567303f-788e-4280-9fee-320e975aae76,true,fake_account
46390ff7-08ce-4a76-9de9-475a2dfeee6e,fb8b56bd-4a7b-406f-8d69-7de1d593a97d,true,coupon_abuse
62e7531f-0430-459d-9c3c-e6e848ac0c8d,324314d0-a9bc-4a9a-ab98-05894af8c0bc,false,fake_account
4048393e-4cb0-4129-9c20-d517e157f5b0,a0460157-1c79-4c22-94ed-565ef982b376,false,fake_account
af4fc7de-c05a-4df9-ae40-ff6a246c8a77,a29f114e-2250-4890-b03b-e40560fd28b1,false,fake_account
a9387359-d342-429d-baed-b4fddb6ef66e,0019223f-0c1a-4c70-b0e9-52c1cfa67edc,true,coupon_abuse
da626c3b-8f43-4949-8846-9acc45fbd428,c7457a32-4d72-4d81-bebd-9d59238d93aa,false,bot_purchase
6acf1988-08dc-4ee6-be9b-b6d9e7482911,8cfa085d-7aee-4a5f-af26-a760fc99ebc1,true,bot_purchase
dda24c8c-de5a-491d-bbc9-1571084895b6,759b96c5-b5d1-4be1-8089-23eb9574965a,false,fake_account
8be9a2cb-6f9b-4d76-bf00-02c975d3e28d,7eac8617-eb50-4e72-861c-54c2244bcda7,false,fake_account
1655a078-6481-4215-a832-ff62934d94dc,d60082dd-6625-479c-bb0c-287fd26db0c2,false,fake_account
48073423-541c-4ded-a558-23e34a388635,fc7f3461-d177-410a-8712-b5a92a335151,true,bot_purchase
1550eafe-6dc4-46d0-ba95-9194b3157032,2fc3f65a-5996-4238-87f3-295f090d0058,true,coupon_abuse
4aa57e2c-4660-46b6-b5cd-4f7b23d84ea9,a85529fe-f2b9-4f26-8248-3328729a8ed2,false,bot_purchase
a2e08c5c-f101-4933-847d-1296b512ec2c,c927713a-5cfd-4f0d-a0f3-ad196627abc1,false,coupon_abuse
c88250cb-1d6d-4072-9f37-6a98b53b50b2,f2e5af02-0617-421d-8321-32255f9201e0,false,fake_account
f0b68f4e-73f6-43e9-bb0c-d3513dc53d22,3e0c8bbb-926c-4521-acfd-76f05afde25c,false,none
6c77a8ce-561e-457b-8bea-7a7967b6bba3,297900f8-4652-44b6-989d-9a0a586a797e,false,none
91d9f11e-13b6-406a-9a49-03335cbb59ed,098d2e34-0d73-4b12-85da-7c640fc7c8e8,false,none
51e56a8c-c12f-4269-aa52-0f5b796ae332,9b1abe17-ca39-4768-9343-1495c2569e07,true,fake_account
8d54acc1-3eb6-4616-9e1e-223b72aec914,ac8987c2-c6b8-4806-bb6e-de53b35204b3,false,fake_account
6a1060b9-f963-4529-9ded-b12fffeae094,4d85ac3a-5d1e-4a2e-a94a-134e2b2b0f15,false,none
531f5d05-7120-495e-bee6-baaa1c3dedbb,617c3951-c379-4e25-8a94-a801550a8940,false,none
93ce3c26-48cc-4ed6-b76b-539fd5014fe1,7567303f-788e-4280-9fee-320e975aae76,true,bot_purchase
a5ed166f-6e44-4a4f-8cd9-fb9c03025916,6e544d9f-1bd6-4a0a-b652-385f1990c957,false,none
1ec667c5-f09d-459f-81ff-abe74ca77ffa,0f8c12c6-8bc7-4728-82c3-4e09e317a1d1,true,fake_account
93cf3bc5-9756-4afe-80eb-84cd337f5f7a,26c86707-beca-4e9a-92da-1eef32059bbc,false,none
deb4b8f1-cf11-4b5f-a5d5-909734e859ce,c087b812-f7f3-4456-8cd1-b456dd47512f,false,fake_account
d6c3c90e-f0c9-466f-bac6-eb2f8ba07d72,d77e3366-ccc7-416c-a429-cd2330606fcc,true,fake_account
4c007db7-70de-406b-bb3e-cbfe0eafdb7b,b7bd3299-72f8-4b5b-ad7e-0109bdcc1119,true,bot_purchase
bb41ee79-ada7-4121-b8f0-0857b415487f,9b0c894a-5517-470f-bce8-35eb4b359bac,false,bot_purchase
a73d4207-a343-4a48-8fd0-73fd94a4f645,2830d252-a406-45d0-87c8-f0c5bcefc95f,true,none
cd0aebe4-07dd-422f-9dd4-0f47cb3a697a,66118821-97f6-403a-a797-b6e89633dd0a,false,bot_purchase
1170b5f2-be82-4a98-ab7f-d0e4ad9e74fe,babd1c47-0e98-4499-9be7-db68d13758bc,true,bot_purchase
ef6de361-2e25-454c-ad83-d5ccebcb2077,3434c353-48d8-466b-a453-62729ce481ab,false,fake_account
efd4c065-e3e2-4c1c-a6ae-5eafcb3af290,ca7ed659-390e-495a-bf72-bbf7c118aad2,false,none
3da91ac2-6882-4650-8604-7384bf1a5b63,6f6785c8-1008-402e-b975-981875f58d90,true,none
6af4aef1-200d-40c8-bac2-1d505cfc808c,4ea5f014-5372-4ca5-87dd-58f9b6c9f6ba,false,fake_account
e40c568e-6958-48f8-a928-890d70b7bb18,3e616b5d-2694-476c-9d07-b04c034369ac,false,coupon_abuse
e984e96a-3930-48b6-b57d-9662247c193c,ac76f050-e848-4ee9-8dda-e1334a2366dc,true,coupon_abuse
803485ac-c8ec-4ed3-b023-1663f0610aca,bd721d4d-95f0-4a57-abe8-63918e1aa925,true,bot_purchase
1cc144b3-fce4-42a6-8741-a21bfaad256f,be12ec61-737a-4f67-be31-2b9b34003f46,true,bot_purchase
910c52a6-f22c-4696-815f-690431ba1f55,4acec33b-303f-4a66-bfc6-b0b7c2500db2,true,coupon_abuse
b5f0df6e-4ad0-4a6b-91af-fabe7597b5fb,35a5b5ac-2ebd-44bc-ae99-fb5ee47ce581,true,none
12e44416-b17e-4b06-a93c-e73c5b67e6d9,74da97f5-2db9-409c-a2db-e34c1d70991a,true,coupon_abuse
be01ce89-cb7d-4137-9be9-16766b6c79a2,03ed72dc-40b7-4e79-a6fe-bb6ccd63bf32,true,bot_purchase
0ae4c715-dfb8-47c0-8757-4dbca8b585d0,1ce9a202-fbad-4909-b845-4bfd2315cd57,false,fake_account
e7e16b46-c6ab-40ca-a4c9-912aa1842342,e7a75f6a-2d38-4874-b9e2-29435e224e46,true,fake_account
f1add3c8-c225-4b3e-9495-3fb551b12b65,0fe4e3e9-b2ad-4932-97d2-8807ea83cbe6,true,coupon_abuse
ad307c63-c75a-43d6-abc3-b083abbcddf0,f5cf3bac-a958-4428-afdc-ad5c49b4a9bc,false,none
9a256474-9bac-4b40-85fb-9a6ab4f1275a,73d7f180-9ca3-4e02-ada9-4072bc169fb4,false,coupon_abuse
ee626b43-c1f7-4227-8f57-00bc7194a2cb,e015e6de-4c5d-436d-aca8-81994d750f71,true,coupon_abuse
26d0411b-8866-4226-8938-0ba6295c2091,07e46a13-5a39-41e1-b315-870ae82419b6,true,none
df87f3ea-76d4-414f-8fe7-1121694f1309,006a617b-4850-4824-83dc-bccc44315250,false,none
2e790f64-8cc0-4a83-a20a-38bec200d62a,79a043d6-40ec-48e6-8096-c0f544b9dfec,true,none
0b838d63-6ac1-498c-89eb-1ed5ad57ecf2,a4624c83-f982-4ff3-a126-d8fce5584725,false,none
5954747f-f5bf-4849-a17a-227cf8be0892,3f89b256-5472-4927-81dc-0837d8487026,false,coupon_abuse
63809e39-20dd-44e1-b9df-117e2add2f78,70229f79-9f51-46bd-84c2-ee2c19390c6c,false,bot_purchase
bb2d5429-f612-4eb3-ab35-87dc809c6b59,a5bef570-5af7-48ff-a41f-5a14a9fd2885,true,fake_account
758e0cf0-6d68-4ed6-ba38-5cfe9d8cd83e,27d92f8e-0f5b-4e43-a53f-17463719d41e,false,fake_account
1139a886-420b-4608-9fc7-6762a006e30a,5d094178-dc70-4f6c-9508-f8e1ab48cacf,false,fake_account
485a66df-9221-4762-b7ed-2a08d718accd,fa5f5230-fdb9-47ba-bc3b-7bf324f76d8e,false,fake_account
565bad31-ee98-4a99-8df0-882b5e4c1424,e0a6e700-c56e-418c-8b5b-7efd0288ffbb,false,coupon_abuse
50b5e13f-e326-433e-8a32-27a97e04bd22,a49e1638-5e1c-405c-a364-e3b4302ffa2f,true,none
902ec36d-9f8e-49e1-bc1a-e84535834802,5caa10ec-21f6-4351-af6a-db318d5eddcd,false,fake_account
e94fa94b-c36b-4a36-9ed4-e9d40ca95928,4a898850-669b-4407-82ea-ae437349c0e7,true,fake_account
daee958a-05d1-424d-9932-1b6e222cea0a,11122f72-eb45-4ae4-89a0-2b7cec08d7a5,true,none
c74746c6-6ddf-4640-8426-6dc40066358d,44578e79-18cd-4e3a-a7bd-9640c7e96d3e,true,fake_account
01be65b8-9972-40ca-91d8-f35f69e791a7,98bf81c5-11f0-498c-92a6-8206e88764ed,false,fake_account
c2da343c-cf69-431b-b409-ec35158a821c,65adfb80-c0b5-47d1-b7df-449df69bf0fc,false,none
2d5c0e17-d812-482e-a9c2-ef965ccedb3d,16f69ecc-0b49-4f22-89c1-c42f5005acb6,false,bot_purchase
dad3653d-87d3-43a9-ba20-be98e1c62911,29dc23d7-3003-4dda-84d8-5ddc8ffa8bfe,true,coupon_abuse
e81fa8df-6a14-41be-91f3-39f3e0cd823c,90ce7edc-be33-41e6-98f9-426ebe26848a,false,coupon_abuse
5c7c1f2f-5811-4ab0-ac3d-ab27804e64dc,226392d1-99db-4322-b425-ffd30d1ae342,false,coupon_abuse
0efacdd1-f6d3-4488-b45a-24b93c587445,f112e8d4-a960-49d1-a2c1-4b184cb78930,false,none
e35196aa-4143-4d69-9bc8-ef513785de14,3003376b-8db9-4454-9496-f1f24abbb3fd,true,none
657aea2d-83a6-499e-9e3b-11e40d724412,c596f8ad-b360-4dc9-a5b9-45306667393f,true,coupon_abuse
4946170a-2ca8-4e52-a438-46668c4d2d5d,547b9d56-8392-486b-8776-48fda21930cf,false,coupon_abuse
6d3d0ef5-b101-4666-bbea-6839f6fd2261,6edc8179-870d-4a84-8a86-2545a7ed61ad,true,coupon_abuse
7f312648-2984-46ff-8df3-adc649783bad,3bbf0247-2992-4d78-bfb7-bc58d4b7bf16,false,bot_purchase
6ec8c758-53cc-4ea1-ba38-acb48f7ec676,381aded3-8cb7-492a-ac1c-f21bf1285f62,true,coupon_abuse
67552f8e-1380-4f67-87f0-c4b94eccc8c0,dc21bde1-f69d-4168-bac9-a89d4472e42f,true,bot_purchase
3d2b695d-716c-49e6-8b99-69dcf694e022,f7c90e33-fe76-460a-8afe-27e4171bf1a4,false,none
aadaf3b5-ef85-47f2-8b4b-1780bd2528c7,dbbb5211-e513-4577-8e0f-572b85df82c7,false,fake_account
636b64bb-cb8e-45d8-8357-2ed4c540f6fa,96a8384f-1f4b-47ef-9edc-642fb7f70e39,true,bot_purchase
ec8118fa-7b38-4c3f-ae9c-ee73ebe69c19,8793f940-9750-4cc9-bbd7-c76d84aa94c5,true,none
9c94b5cb-49a2-41f8-a35b-24e0b05b42da,727fd3ce-afaf-4325-ac49-a8389a4d913d,false,bot_purchase
65eb7491-bf3e-4813-859a-78dbf180a171,b642bcbe-ccec-4ef1-b280-cb2d71967aa1,false,fake_account
55a39255-d15b-4de9-91a4-f026b24e8857,ab84a92f-2e82-42a3-af11-23bad5481e25,true,coupon_abuse
128eb806-f9c1-4009-a463-ee1a7394f275,9c0d954f-d1dc-42f2-8018-213452a3fe08,true,coupon_abuse
3b2743c5-2915-4885-bfb1-4b68bcfb47ab,8e565ac7-d0a4-4440-b6ba-2d3b02faea1a,true,fake_account
10a48702-2652-412d-a88e-e3a4aebee530,38a5d0c1-e900-44e8-b6bd-6c68e7bf2862,false,coupon_abuse
1b60c433-9186-493d-a325-80897dc199e4,00598d88-30c2-4f6a-9b31-68dd81544fe3,true,fake_account
71b8cbb1-7942-44ac-b04a-05e7ce0c42bf,fdc6938b-287f-4170-84ca-a1b05f9f5541,true,none
227988b1-ddd2-4e6c-b744-3d99a793b4a1,88144e1b-4743-42af-b3d3-c0ad52c0c071,false,coupon_abuse
0e115f17-4fde-4d71-91d1-b1fa6544610d,8104c8d8-595c-4e56-90f8-be468c6f0e61,true,fake_account
64f4d8e6-829c-498d-9425-ff221004ac8f,4be81df1-7966-4079-b126-f947864e2ed3,false,bot_purchase
3c7df203-7228-4e74-885b-7565e97f502f,e51357af-ed7f-4b56-b534-66539257f7a3,false,bot_purchase
8acd3cd7-f162-4c73-85e1-ab895fae86b6,f7e78c58-c655-4849-bdf3-292b4c3d2f68,false,coupon_abuse
b5517305-5d79-4a22-ab98-3694d8cbf62d,d5a8e93f-623a-446e-9ef5-7a342259abef,false,fake_account
bfc42423-011f-48df-a18a-a4bea4aad309,7b26653d-0c6b-4b12-a6b6-54d689b94b7d,true,fake_account
fc86f65f-8711-410d-8a9d-5b35dcd9473b,cf2180ad-0d26-4a95-ba21-0a930375a5d3,true,coupon_abuse
133c2b55-9e35-4578-a4c9-82b8c6ec6742,98787e27-5ff1-472a-ab3c-c824a814b0b2,true,none
2d0a0556-3a35-44c2-b1a4-bb1e74f0ad4b,2ea609bb-e4a2-44b4-a788-c83d1d4d639f,false,none
e8c974d5-e69f-42a9-95c2-29c6f9e99082,2976d8c0-19ae-41fa-8654-a922f713163d,false,coupon_abuse
e08a2182-6183-4a31-b821-ecb3d16c9f18,9023523c-3182-4483-982a-41bd9d0e3f42,true,bot_purchase
c9c4ba2b-2610-4c2b-a3be-ab7facbc2e0b,50a984ce-fbfc-4eec-8443-3fc744e29d65,false,fake_account
1403901f-8c47-4670-8284-2f271263810e,e217cf2b-a3be-4d3c-a022-c620da2f544f,true,coupon_abuse
504fa9c6-dcc9-40e2-b46c-5a54e22a3ccf,a5f44e38-eefb-439f-b381-32f8427d447f,true,bot_purchase
09cb3bf6-c491-4c96-990e-9e8b26d14e1c,06d363b5-3581-42d0-a1ed-46d708a19d3a,false,none
284bca4a-3294-42a0-8b4e-e44983228697,394f5a14-8c8d-486f-b376-d954a8b7080f,true,fake_account
766247d0-e87e-49f9-8ec6-5c7ab2ddda27,d3c7c777-87e3-414e-938f-d26c1e5977f2,true,bot_purchase
6fa7123c-5f1d-4ed8-99e4-af2f7b21ac39,8deafbc0-a3d4-4380-962d-d724d37b3d63,true,none
debfbba0-132c-40ee-89cd-0bcf2e6ddd97,61ddbd05-1e37-4f09-a978-fecc5722b42b,false,bot_purchase
fc740c36-00ba-48c6-aac6-220827b3d67d,7a5036e4-480d-41ec-b275-b1e32096d760,true,coupon_abuse
054b7e00-959c-4128-8466-6115892f4d31,b7884fe8-8011-47cf-b98b-91815f3ee488,true,fake_account
a5fa8ef4-b204-4634-b195-b612493fd481,5c7edf24-a99f-4c7c-9a56-448074e94399,true,fake_account
8d51130d-83fd-443b-8edd-f0179ce7e0b8,11dc813b-a669-45ce-b773-d54edc402758,true,none
ffafbbb5-1a69-4910-a204-ac6e1bf8b241,696c91cd-d1d9-4ab7-bbcf-6c70582e3697,false,coupon_abuse
b1cd2a80-d386-4d0c-bca6-2d7ea818b16a,c9e79036-3eb6-44f2-a783-aafca12d1f49,true,none
2cf19fc6-27ec-4e54-a7bb-3225328f815d,a379d6fe-3d73-4ed1-ae96-6e356db89794,false,none
fe2c025a-d9d9-448f-ae7b-f8e468d63e6b,3476f009-a443-4235-857c-b1ef8fb77c96,true,bot_purchase
9d3745b1-ecf4-4b8a-9c56-96c852f43916,2f45d4e1-948c-4dc2-adee-ae7d5949d94e,true,fake_account
a13df63c-c701-4d45-bf79-402bc697804a,a19350cf-908f-4f52-a5ce-921522a5eab9,false,fake_account
a6d30375-c87a-4b3a-bbb0-ad84fd6e4ae2,6a4d1a9a-0166-4271-8fd6-73f8cad732e8,false,fake_account
a313fa65-6ff7-485d-8cfe-fd9a33fed4de,45ebfd4e-fce9-4615-be7c-749afaf78209,false,coupon_abuse
cd4bc71a-97b8-4fb9-b810-674b576a2233,543b0c54-5fc5-4ab6-a449-ecaa352a8695,true,coupon_abuse
789a1949-5f87-4e59-8d17-a8a7ebcb87b0,54a77656-f14c-46a5-9c2c-bdba5da643b2,false,coupon_abuse
3278195b-0c84-4fc6-ab95-8d236a9189bd,246e0061-86f6-4ebe-a103-8ab41f7e1aec,true,coupon_abuse
ecb28493-b563-46da-9229-236924721da9,4ffabdb1-52b9-4a53-b7a6-d5454e72db11,false,bot_purchase
2ff148f2-5286-4071-be2b-41a3f882d8c7,f20ec384-ab32-4414-a8bf-76dcdc5b76b2,false,coupon_abuse
214718a5-0c1e-4d47-a249-bcc5272dc098,e3a187e0-d7cc-4bcd-b5bc-23991fad74b0,false,bot_purchase
32539f95-f141-4108-8740-13aa96601323,4adce817-b9dc-45dd-81e6-a62b16c9cdd0,false,fake_account
7c2d1875-02ff-4613-9c2f-3789e5a41df6,0486f668-bdb3-4020-b2c9-a942eda310e3,true,fake_account
00293e09-5e8b-4c0a-9f4f-5fe11173139f,44ad90d8-3aed-43ae-9888-adb7f4cf0273,true,coupon_abuse
6fa00720-15fe-4a3c-abfb-63f43a6d669a,6183b09d-3092-4014-bfa0-a616a1eaec0c,false,bot_purchase
f3d206d5-f429-4355-b3d1-2957e714abe9,e580eb73-9fd4-40c3-a41d-c9bcab95a494,true,fake_account
de5e5c09-4c7c-49ab-b3d5-0d356a95adce,ce110595-eb74-4bee-876f-a8fef573660a,true,none
249dc79f-7e50-4ede-b24c-1106edc15006,9fae858f-f733-4561-a95c-10dcdcf6e3cc,false,bot_purchase
1f1249ac-8c96-454d-bcf1-be7ad3d2f240,66349178-6f16-47bf-8e6c-d9a6ed03adf7,false,bot_purchase
c8ce9429-e75e-4824-b6da-1a382262935b,0019223f-0c1a-4c70-b0e9-52c1cfa67edc,false,bot_purchase
8e2600bf-a0f1-49c9-ad74-3206e704a23f,6a4437c2-b5af-4474-80dd-c4fdf4527d86,false,fake_account
2b0a6727-62ea-46a9-9aea-59bfc8ff8974,75a6ef98-bd13-48de-87da-ad0b37335a7f,true,fake_account
8173ce53-4d62-4b27-803a-128cba53f712,53cec741-e60f-4c0c-97b0-321307c8af19,true,bot_purchase
d3b760b8-ca80-4270-890c-1f4bc07c200b,03c221cf-c729-4ed4-b3ac-a71633be3b1b,true,fake_account
15b668de-984a-4ec6-9668-d4ada437b7a6,9002bc10-0f21-428e-8e25-b29328324e2c,true,coupon_abuse
9c4fb3e4-b7fe-45b3-8b26-97ded9f3e1fd,1d03fbc1-743b-437a-9550-be018347118e,false,coupon_abuse
c7ab892c-2a59-4946-ba99-12ab83be056a,5fc9194d-8faa-4afa-b26e-4c3eb6169b90,false,none
85d11f37-0e10-432a-a7ff-17cc85cf11ab,3ff81923-9f24-45dc-807e-0c1d40ffb8b8,false,coupon_abuse
89adfc8f-bccc-49db-9855-30cd13ed2a55,7a1a06f7-a15e-43b6-9da3-855b1d26383d,false,bot_purchase
2a4d40e9-308e-4051-8945-95bba402b948,9649f0cb-80c7-4d37-b914-c6ea556edd5a,false,none
a15da61a-69ff-48b1-8c36-a7185012141d,676f951c-9ce7-49ca-a8b3-90234f291781,true,none
e5c01b60-eec7-4999-a8b7-2fe34fc5c1f8,a5269d91-ec07-4dea-9de6-14cea65a73c7,true,bot_purchase
476effe8-e3ea-4493-84e4-4e2c083e389f,efa8dea6-0013-41cb-84c4-af77197f9e9b,true,none
cb9ccc7e-6d0d-4700-a47c-33eb6e607473,83881177-806f-4c22-91a0-809e1fb04bfe,true,fake_account
83681105-af2a-4927-a14c-95e87ea03d07,a14acf7c-db57-42d3-b7bc-4c54e589602d,true,none
128e5979-dd1a-45d3-b78e-219576db12ed,80634909-5b99-4fa5-a931-0f020ff4aad3,true,bot_purchase
0c694ff7-ed02-4ba2-bb0d-55aa7309504a,cc23d9d1-f53e-4501-93de-90d28ecdc046,false,none
15a26998-4884-43be-af37-557bae3ce151,aeae36c1-3fc6-4eff-8b71-92ee6c7d39dc,true,coupon_abuse
4be140c8-986d-4c8d-b8b3-0ef9d7e238dc,ffa5e65c-9dde-415e-b560-f09b734ee81b,false,bot_purchase
a55773a3-70fb-44ab-8766-47ee04e0c880,86dc2677-db39-4198-b48d-2c97cd08d8a2,true,none
4183a8af-5493-4409-94c6-e8a622f750ed,87eff7a2-5cde-410e-8b5a-4b50291aaa8c,true,bot_purchase
8b7653de-e817-4f70-81ed-2733a74053d9,50a984ce-fbfc-4eec-8443-3fc744e29d65,false,coupon_abuse
5db115d4-d7fb-4678-afdd-094255ea9c32,aa5665ce-cbbb-45e7-b06e-9ef7279ce472,false,coupon_abuse
2cd47fb6-9426-438f-88b2-4d2ab9ec1c26,a54b5773-466d-4feb-9015-9f6873e08e09,false,none
ef052462-f6ae-4a62-9c0b-a1647febc213,ea4fdf40-c9c8-4a4b-bc5e-10e335c966b6,true,none
74814e52-ed2e-47a4-b304-6549a4438a32,0b0047b6-b3ae-443d-84ad-4e9b11e3d5f5,false,fake_account
75bafb6a-3b91-40a3-8702-862fd2eab91d,d59c52da-fdb6-44fd-9810-bec6ebc2d7ff,false,none
29c66a97-9312-4200-b095-958c44ecdeaa,b0cb2f37-1600-43f9-a682-654a30c00f23,false,fake_account
9ef35ac3-a10e-4aa6-83fd-cb593eee9334,661b5119-f6f0-453f-a200-d14ca2e0014f,true,bot_purchase
bb24be1c-4306-4569-92a9-82e7b48b6f05,308361d1-e353-42dc-9759-93cd5122143d,false,fake_account
6c6d268c-d962-45fd-a758-37c2b0d5f207,7410081a-7b24-46d5-ad67-a84842eada0a,true,bot_purchase
3763f121-eb1a-4be0-8cc8-e5961582607f,5b3579c4-7ba8-4aae-af80-fb6910de6541,false,none
60e7b568-239e-49bc-8e98-8cb7a7894950,e58e1ddd-372a-433c-abf3-c92dad2144ba,false,fake_account
7b9017db-6987-492f-a0ac-826001ac2cae,9cd60ce9-daaf-46ca-8142-d8a0fd4f9589,true,coupon_abuse
03cba375-1ba7-415a-b57e-606a2831cc4c,7d16fab4-44bb-4b26-822a-790dce8e201c,true,fake_account
2920b466-bb7b-419e-870e-0771f951435a,0d0bae81-df3e-4fef-a1c8-58251b9ff679,true,coupon_abuse
b947c409-674a-4294-bc39-9bd5bc62e2cc,d8929892-5996-4e5d-b96c-b557b9800179,true,coupon_abuse
d076936f-3833-43da-bfcb-47aad3f4bf3e,a512acaf-1697-44d6-881a-b5de8d998265,true,coupon_abuse
59ff6349-e172-4425-9ca2-23e442d5bc4a,e94265d2-9939-4397-87ef-a1883832b98d,false,coupon_abuse
8988a7aa-c8bf-4d6c-962c-6fd48f060971,e7f2d816-ad6a-4353-862d-7e070c553fbb,false,coupon_abuse
98e2e968-63f0-4bd8-af58-7536f228bb19,71cb78af-dcc7-497f-a92b-b9dce48302e6,false,none
2967dac2-7334-44b4-9025-f2a11cb5d428,68988c74-18c7-456b-9567-1584aeaa621d,false,none
586ece4b-81ed-486a-89ca-03b4cef1b263,ac4763e8-ec00-4655-9b1e-c8d893b5bf24,true,fake_account
5b100c43-7648-4f37-9ec1-b9cd027d926d,bbb90bb8-7903-4108-a0a1-79c1e26714da,false,none
07c6ce63-bf38-44eb-9659-4cce4327ff47,7a5ed708-902b-4171-bbff-e2f397c98f1d,false,coupon_abuse
80fa12da-df22-4e49-8624-b87a3d958fa3,cf98479e-17e3-4889-bc3d-48827e770758,true,coupon_abuse
ee5101f2-8588-421a-85dc-1ca128e6e861,d6455510-8bba-4b2f-8567-71bd8210e59e,false,fake_account
afd307c1-2ced-473e-8f66-3945f73bdf5b,fcf30dfa-7ea3-48c2-a3b8-8e47625722cb,true,coupon_abuse
f1f1635b-493e-4e78-bc68-d4fda7d53272,8c3d926b-a8a3-4ab5-8a42-452fbbbb191f,true,bot_purchase
7dd36d3c-aa06-4ad4-8cfa-33d74a573529,eb401ab0-90d6-429f-9b13-5d392811e31b,true,bot_purchase
aa8e5076-dcbf-45a6-bf7b-5bb42139d18b,f5cf3bac-a958-4428-afdc-ad5c49b4a9bc,false,none
50b806b7-4183-4bd3-bcba-e750ba068464,ab865f4d-c3b5-455e-85e8-130b3f1220ee,true,coupon_abuse
ec0ef258-c0e1-4475-a306-021c5414c5c6,1488fccf-928f-499c-a9a4-e93d5d75244d,false,fake_account
baad4f87-6d1c-4f9e-9daf-7341cdf8e45f,da6740b7-52e2-4493-b9ea-e0b4efc11f44,true,coupon_abuse
56f4869b-54c4-41f8-8f2d-25cb158c5346,3ebb0b26-c9cc-4bf9-aff8-abe8ca42bdbb,false,bot_purchase
690a9e41-b10c-4ca8-b48e-0218f2a31bac,48dc8dbb-e879-48c3-9c90-d67c9eff7da9,false,none
09a39dc0-1a61-4593-b343-baab51b9bd65,be3e5b17-98a5-43c3-ada2-21e918d0167a,false,fake_account
ec9079b1-1b23-4cf3-aece-9834c555ffea,62df96ac-ed55-4f94-ab1e-c1206a826ac6,false,coupon_abuse
d706455b-9b4f-41ca-ae95-c45f1f618ddf,ad428fef-07a9-4715-a96a-bbdb85756481,true,fake_account
d1eb23a2-d781-4375-bea8-fee73171a44a,5bc985ed-bc2b-4acd-a930-38bb5dab18ec,false,fake_account
696d3d25-c46e-419c-a89c-bd82035fdf0b,15c8bf6d-1a39-4b49-ab31-a2b1328dcb28,true,bot_purchase
331688bd-c6fb-4a88-9d3f-0e68c8c0cd93,1b2df7b3-fe14-4580-b99f-1f173f3c27cc,true,bot_purchase
11219d41-4e17-46b7-a5c6-717f6acdca8e,0fce4cda-a548-467f-8238-3c6d1671ab69,false,bot_purchase
218e7ae1-5eec-4d32-8413-00a52bf81bf7,656cb592-c287-4aa6-a450-48cce9426027,true,fake_account
f0436692-cf4b-479f-8727-2cf50a44da8f,be3a6707-46b8-4742-a188-e510717cf764,true,fake_account
6ae4155b-1afb-47d9-9fc9-2941abb11e3c,134f17ba-8e2f-4c4a-93b7-84a3caaeb423,true,bot_purchase
69fe426f-9851-4c76-b5a3-10a22b58fd8d,aa1837e4-7938-4764-bcb8-9ebbf500541a,true,bot_purchase
1b86f118-c798-4183-b831-a83e2008d076,814a64d5-3929-4728-a804-b82f4959aea5,false,coupon_abuse
5aed257c-e9ff-473b-9ad3-1d5ae92c223e,e7eeb0b3-07db-4c07-8859-fc0a1d5f86b2,true,none
8c4f75a1-b506-4b1a-a5aa-7a250acd15f9,09f2620f-5b1c-4fb6-8076-0523e7b93ec8,false,bot_purchase
49a09067-f02d-4c99-ad45-c671c5d13304,c7db238b-22da-4a6b-8225-f69ec5d2a8cd,true,none
39d323b6-59bd-4f7b-ad67-05b46e08be11,fc8f18f5-83a1-42ca-a83e-a9ac889993a0,false,coupon_abuse
e072ca70-c864-49d1-996f-9b3dcf491613,a4a01a13-7d92-4869-992b-8deb5b1339a4,false,fake_account
e9c764d3-5209-44e6-94ac-145d7f429a82,65a0aefc-7edf-437f-a911-5b6f9e6329b3,false,none
98f7d9f2-bb1a-4dc8-8091-1fc64f645511,ec1f8b4e-0761-43ef-a8c0-368751f2c7c6,true,bot_purchase
7114da42-9da9-4a0b-b440-3a6cf542be5c,a3d425db-0cb7-4c68-b996-d850786aaf05,false,coupon_abuse
dac3880c-94b4-4132-84bd-4411af68c9e1,70320519-3f18-438b-b1ac-2c41d236327e,true,fake_account
1144dc7d-bff0-42af-a4fb-da870a8d8419,b0c1a8af-8be1-4f51-9950-ada7bd8373af,false,coupon_abuse
bbc46082-b04c-4792-a478-293d470f56c3,7b1232a6-b50d-41b3-a938-2ffdd429edfc,true,coupon_abuse
76f124c7-e448-4a47-952a-d8c8eb95e9ea,c8cc33ea-a6ae-43f2-b1aa-b00ae86d6c28,false,none
899c761f-de29-4193-9b45-d1efdb414937,68db5280-abc4-427b-9d79-5ea32006cdb2,true,coupon_abuse
798a2253-de5a-48a4-8c71-203305507815,5845d10b-848e-44d7-b496-4cd410fe5aee,true,bot_purchase
0a8177e0-bc1b-42d8-88eb-d5df064a6b65,18594cb9-30ff-4ef4-998d-02d1e96d8612,false,fake_account
d6e42c1e-0619-4e16-b3dc-7d6e0d4947a0,87f5a2d2-eb7f-481e-ad5e-1c652c0f71b5,true,coupon_abuse
441898ad-2a11-4133-a366-6df708ddd98c,da895ab2-ae2c-4caa-807e-d0bbd924b2f8,true,bot_purchase
0b9f2118-28ad-454d-b9db-03e0a865c80a,69ac54f3-fdd8-4f64-a5a3-9285c6e46aeb,true,none
45e0e56a-b97d-4cad-bfcd-143894d4c9cd,f08a1836-86ae-478d-be6e-8a8b34f2fed1,true,none
51686c14-c2cb-44c5-8413-83f1d0faadff,0dfefd32-a2b5-4b2a-a5c2-e5437ebad984,false,bot_purchase
6105867b-12b2-4acc-b71e-8ff66cf7c49e,367a2a73-ae4a-47f0-8a55-b9ffb8d22df6,false,fake_account
9405e2b5-c9d9-47b8-8dde-ca0947fea210,117021e0-820f-4915-bb2b-698ac8eb8a79,false,none
176d2cb4-66f1-4079-8112-9f032b0a727a,ab0b92d0-d0be-485a-b001-f915ea32b3e6,true,fake_account
6fdeea88-2547-412b-8744-20105a7e7f08,2e837a11-ace7-43bd-9ced-ac96edf1c553,true,coupon_abuse
87077f41-bb3a-4e4d-bc84-8c8f3b4b0c83,a8a54673-0481-4139-a299-b0994077289e,false,coupon_abuse
c1663c6a-bb90-4560-be9d-cb68a8f18ca5,d2c85249-7256-4506-bea3-67647585b9b5,false,fake_account
9761e358-f152-4bcc-aaf2-d0fed11ea736,f9a83dfe-da69-47b3-8e7b-ff251ad5c2ca,false,none
de718415-f3cc-4ce9-b009-73757086bfd8,38e2d9bc-face-40a7-8cf0-56e3205186f7,false,fake_account
11940587-0ac1-4bdf-a1dd-520a93ced58e,f23ca05b-73bf-42fd-aa57-2eaff55d205a,true,bot_purchase
ce23424e-c684-40bf-beec-1a0bee137acc,06d13a61-95bd-4359-8092-127ef139caf3,false,fake_account
4d5d0369-c10e-4bae-be1f-1c514d76a4c5,1bd2ec07-2b7d-4973-8701-e73040e5a57f,false,fake_account
e5668fb2-e562-4f78-8b2f-d7816dc2a8e6,dd01fc45-be93-4edd-9792-6b094a0c6984,true,coupon_abuse
96be3128-e9c5-47f0-a874-4e3cb126392c,2e523fe3-566c-4c17-9d59-d34ec2f65836,false,fake_account
b8e18197-102e-449d-8d91-e3c5525c47a7,229223ad-9152-40d7-a61b-a275d42ea6d7,false,none
1dd5f379-2434-4231-a2c4-59692983f9d5,1604d140-4455-45ee-a3e6-52f2a4f6f41d,true,fake_account
7acf5abc-c640-4996-8aa3-e1c7a45ee992,7e1f88fc-2f07-49dd-ad14-d98fcb27ee4c,false,none
73a3315c-2991-4ca8-ad1b-3609428b564d,d3124f22-b516-4d28-9966-3ac0efe1dac1,false,none
621bda1a-faf1-4e86-9654-66a0b75edc8e,b0aefe91-3658-42e9-bc12-fc0bc1951eb9,true,bot_purchase
28199ab8-1353-4a0a-b88f-afab9231e9b7,99ece2cc-5e94-4dff-82c3-60e040f31295,true,bot_purchase
9268cb96-e744-4fd3-b428-b27053a2b293,32fe41cc-b73f-4070-84fe-ff3ebf1dd2fd,true,none
91b99164-1275-49d1-aba4-027707b3ff19,347caf81-00d5-4fd1-8b32-eb1a78bb58fd,true,fake_account
ccf31e28-abca-426a-ab5c-6c30a349ecb4,0908fb40-fad3-4241-bb59-1478a785d140,false,coupon_abuse
2bca335b-0325-437d-b948-9398b1c3987e,80b11134-85dc-4f39-b1ac-6aba0d690664,false,coupon_abuse
d3033d58-031a-4077-9f0b-a3ffb676dee9,275b32b3-78fb-4103-a5a5-c04c8d2ac2c4,false,coupon_abuse
99e80953-1365-43c4-b164-e34f24657b7c,51f6f4d6-4861-453c-bb08-c5935d15c9ca,true,coupon_abuse
c1ae724c-656f-43d7-a761-80e0abffb49a,57293e5d-f681-44b4-bd3f-4594da6864c1,true,coupon_abuse
78319a45-8208-419b-9006-c5802efd2471,8937c6ce-8908-4af3-a0cb-b346ac0204f6,true,bot_purchase
88f0af7b-8441-4672-b280-b8abefcd1084,171c4270-bb88-4e71-82f7-ba9d0640930f,true,fake_account
9c60bc73-0434-462f-9885-2e2de2b540c5,f4ad5ec0-ee63-4c1d-8a34-481643332ca3,true,fake_account
2b585569-cb27-4da1-9003-97804e10536c,26805dc7-5fcf-4331-bceb-4d15806186a8,true,coupon_abuse
c2c73953-dcf5-4cb1-80ca-9683b6e3142d,78a7381c-cad6-4fad-ad46-febc768eb101,false,bot_purchase
c2668b8c-0b5a-4f97-9220-f6db68e330fd,8704350e-4930-459f-be63-c198529dc3d2,false,coupon_abuse
e0e110c0-0f66-4214-a013-063331d12ad8,0ca81a17-f8c5-4f6e-b2b3-441be8d7af01,false,bot_purchase
f0e70b05-5c30-4e1f-a05f-a65a30962da8,3ad3ea80-d657-4528-8f34-1afcd6e0286d,true,none
26b2bda8-6edc-4b27-b550-a8d07aed1ccd,df29121a-0359-4ab5-a55d-649b9676ba12,true,coupon_abuse
86dbc8ee-0678-4cfa-9978-6b28997b840e,33276224-9ef4-4879-b1c7-abab1597c2c0,true,fake_account
0b1ab5a3-d773-46f6-a7e8-1f93921e5bbf,808e61f4-252b-497e-8581-eb60ebc41d5a,true,none
23a3da85-1eb9-4bd8-a98d-021aa6168e0d,0db6c680-d6f6-4c3a-9185-7b9a71302bcf,false,none
61cb7cfa-1b2a-473b-9d5e-314ff10250f5,e9dab3d6-57a7-4474-9e25-fda191979b98,true,fake_account
d328db9f-7b71-4702-9c5e-14a0dbdeb43d,db18f558-844b-4c14-9169-63ad03cc8c79,true,coupon_abuse
58764b05-0678-407d-9322-4d65c1e0409a,44be1b04-40ad-4883-8c9c-13237da0e0d1,false,fake_account
51a86bde-d4df-4252-9f68-9685befe08e2,62183e43-155b-47ea-a372-45ebcfbce790,false,fake_account
5b1d825a-8204-493d-a5b0-1ba29106c8a3,6af3ab5c-5ac5-4b70-a34a-45ac9f653be6,false,coupon_abuse
cbdb6610-d003-46db-9fad-0e0d65adb57b,ba287231-26fb-40b1-b42d-ea64e311c9ad,false,fake_account
70a81a76-5798-4475-8d3a-1afc9f4e6a28,c11c524c-7a91-4af9-b019-e6da0d1177ff,false,none
3f65f39d-59df-44c6-8445-c99bbbe786c0,95a7e382-0e0a-49b3-ba5c-19db185e00b9,false,fake_account
7e693b64-9ab2-4297-a166-65a81f5f1461,3210621e-0336-4d0d-a29b-56c63afc7ef7,true,none
a1b37f94-ca09-408c-b65e-b09122146b33,041d0b55-21e3-480d-9b89-e16ff83ba301,true,fake_account
8d44dfc8-3ce0-4968-9c36-c4a1e791e1e6,0ecbf92e-0611-4775-881b-1527fe670663,false,none
157448b0-1193-479b-b1a7-8d07ed7ed6d9,b2a4d7a6-e95d-4e61-a018-163ee242f551,true,none
8f51e57d-efcc-4884-af4e-5025dd3a4fdb,0b26c889-1476-4b9d-8601-54d7c96ed510,true,none
0749580d-0315-47a6-8a64-270be98bf4c4,18b55372-8f4d-4e9f-b6a6-122c03648dc6,false,bot_purchase
854cb8d9-c92c-4ebc-8463-b1d34bdd7a7c,6d51856a-42d0-40de-b64c-cbd0b79a7beb,false,coupon_abuse
5c935abd-97a8-4346-b877-2364e2f32086,7bcd9eda-1fca-4438-a1ac-cb56e1de9ffc,true,bot_purchase
f609907e-7bd9-42b4-9068-4f3f2d7e6417,7544fb59-2f63-431f-ac15-c8fdc5e3022f,false,none
37873fc9-7e8c-433a-a93f-8d641a98f5b8,aa3360fe-ea4d-4f5b-80c6-a6225b6dcc4b,true,coupon_abuse
0290df63-3940-476d-aa90-361a2b41cbb8,54ad0323-9a4e-4ac8-b100-304f82e36b39,false,none
dd908ff9-74cc-4f80-bb6c-e3be4467ad8f,738774e6-c7aa-4f34-a906-af501885d092,false,fake_account
24d74c1d-2740-45b5-a467-06c25c8f09a6,3d68538d-cb2e-49e2-a1cb-f0da798e25b2,false,coupon_abuse
3157203c-4a89-44e1-8b34-3f62d7bcd28b,367a2a73-ae4a-47f0-8a55-b9ffb8d22df6,false,bot_purchase
f3f2666c-0706-467b-9fa1-16d57339d093,94a79e2a-bced-4958-8297-370194398928,false,none
9222e3a0-28ed-4cd8-b0a9-965051a6d745,2f8b2b02-be35-43ad-9ba2-520a07e2b21d,true,bot_purchase
f3ee4191-042d-4ffe-98ed-bbae7d3c637e,681a4d61-4f53-442c-8190-9f80e6f7c5ce,true,coupon_abuse
7163a6f3-e927-48f0-a49f-d299469c00f6,2e5edbaa-009f-440a-a397-629b510a15e6,false,none
f64a816f-8001-4a54-ab65-0e0a46bf07d3,e0a433b4-2784-4c2b-be3c-ad3b39bbff27,true,none
db75217f-9532-4659-bdb1-525213d1bdd8,781bf1ea-65de-4ffe-9b00-957ed40ce8ef,true,none
472644c5-c461-4668-b4f0-1531df77d348,70229f79-9f51-46bd-84c2-ee2c19390c6c,false,bot_purchase
dff5d969-c098-43b9-b348-aa2093c24776,f9baf24d-21ae-47da-8288-c8f80dd0d536,true,bot_purchase
5d853817-75a3-42e4-9b82-9832263daacc,0c4cc215-d725-4b72-b38e-90e3b61ebf63,true,coupon_abuse
199fc9c2-fb36-40b9-bdec-1cbf712cbaf2,ad953878-5ae6-4e43-bc6f-7832194c1f13,false,bot_purchase
8ecc5bf2-0360-4664-b63d-15b2ab3c736e,cc27313f-7ba1-4c4c-b478-9a8832612159,false,coupon_abuse
325ac022-4011-4f5c-9356-4f5d09835c4a,120f1c8b-4df3-49b8-8504-7b59ee493b46,false,fake_account
e95e1924-2494-48f8-be76-917a2dae3e05,91c6074a-ece9-4f1c-85b1-9a2eae85d1f6,false,coupon_abuse
23ffe602-ed03-41a8-a16e-e4d0bd44d475,6b66b415-63ad-416d-aab2-e0f9d9d71e07,false,none
ca6f0393-b398-44cc-8afa-459f6be0c82f,b3ca67cb-da55-4181-8cbe-7a11f2b36421,false,none
1fdb95e8-be54-4a6a-baf4-073c86adb73d,d5dc0df8-3cb2-432e-a53b-9bee8b1461c4,true,none
7c02d665-4ac8-470b-8787-35252355613d,1f4d153b-22c7-4915-91d8-02d1ecde25fb,false,bot_purchase
8482aa35-b084-48c9-b9a3-3a1bb2f6b13a,19c60957-1ecd-45cd-9930-490afcb6674a,false,coupon_abuse
5588b984-e8b9-4781-a490-26babb538b24,7f2eeddb-d169-40fb-b786-f99196f615b0,true,fake_account
9d76294e-7ac8-4836-9fab-c7983391e12f,37fd07bd-41f8-4de1-bf27-b7edc90017a5,true,fake_account
702fe761-3437-4ca7-ad6c-3d1aa56fcb2c,4be53128-0b15-4ef0-9fa9-b3de6735010a,true,fake_account
5d71217c-e97f-41a1-aab2-cfc1f69e527f,07da2262-ef9a-4554-b4ab-f97cb2655f19,false,coupon_abuse
2b7856a7-ac8a-4196-97df-958b87d61e19,66c00177-836b-4a34-a6fa-86b7ca64809e,true,fake_account
bc38936e-f55d-45ab-a203-68cfddf63eb6,a35ccd99-a071-47ec-a492-b432840ab677,false,coupon_abuse
5e47d679-fb92-48dd-b051-bca02d9ffd8d,e3b57604-4cd5-4c66-a874-07b79b7922b4,true,coupon_abuse
38d12095-053f-4b82-8645-3c05e168f783,6aa886a6-3602-4a6a-a4a8-51cf427f4adf,false,coupon_abuse
f86baf00-35f2-4970-b2a6-5e5273397e52,086471b2-9ded-445b-a81b-8272ba5b5278,true,fake_account
8692d808-c265-43d3-8e9d-de9ad964d0cd,2d1098d8-a6c9-4321-8565-ff78c666020e,false,fake_account
8065191d-9912-44a3-9cff-42e977eba9b8,3f579435-fc38-4a7a-84dd-b2eceaacd502,true,none
a8a49d88-7f19-49fa-a343-c161a71f1f7c,4799f709-f029-4df7-b39a-e73e6f673541,true,bot_purchase
86abb829-9edc-4993-b881-bfd6c509db58,5b4d286a-55b7-44fe-8f76-1376b1247c26,false,none
82c92578-de56-4f3a-b09d-f5a0e76465ae,08dac5d6-290f-46f4-966d-c47e75488f25,false,none
35b95010-89da-4819-bef8-ce40ccd5b8d3,36bfb127-de8b-4e21-9b00-e34a764dbdc5,false,bot_purchase
dd9af847-dee2-4a2c-840a-57a6238e42e3,005ee6ee-0631-453a-887e-e6649bf1b799,true,fake_account
6ff54191-4e9c-4487-b4e6-d5ae749b2d9b,696c91cd-d1d9-4ab7-bbcf-6c70582e3697,false,bot_purchase
7089d165-229e-4042-8230-95c9948c51e6,d9eed356-cf49-4984-94a0-c85f8f28de9c,false,bot_purchase
4a32ab0d-5b87-4e69-a923-6493d757d3b5,955a869f-998d-4a0a-8b02-8191467f4dd3,false,bot_purchase
20a55396-7ac2-49e5-82de-52e9d8ce0cbc,875c45cd-3871-4e3f-8d36-1622074e2ff9,false,none
4ef8555c-09e7-478b-ad71-15029ffd7eeb,0566837b-7130-4a6d-9992-0a0d16cd060f,true,coupon_abuse
a0c33700-d341-464a-ae14-511fc395357d,e96bee68-3bd7-4e2e-acd7-45756c55d150,true,bot_purchase
a2fb71a2-312d-461c-ac62-1161d798d82c,bb8cd11a-c1a6-4e50-b6b3-cc29329e7021,false,bot_purchase
0ca1c46c-9222-4fb0-87a3-a370ba64bc92,22ae6876-e80c-4537-9f68-98a48c9ac4ee,false,none
716e48fd-f3d5-4405-bd9a-9af646e0d3fe,7ee72995-a7eb-4e85-a8a4-4326c1738ca7,false,bot_purchase
971f0cb0-2eae-4308-87d8-6a28c7a3cb18,71f8bab7-aaae-4be0-a25b-f61c41549941,false,bot_purchase
0e0f27c0-04f7-48b3-9928-e3872543e30d,e85a0673-1a91-486a-9fce-420e7a9d07e6,true,coupon_abuse
50042f44-725b-46c6-b106-8aadc38d74a4,9277a8bb-3fb5-42f2-9880-7b8cd5188114,false,none
cdb407ec-18a3-42c0-8a37-516626053741,eddd3b25-ee85-480f-8608-6eb4bfb16ac3,true,coupon_abuse
61b58024-e953-42b1-b575-c8632511527d,20c126aa-21e9-457d-995f-c48d068d6521,false,bot_purchase
df32aad0-6e0d-499f-a799-73d073d03a84,d5d1fd87-7bd2-4aa1-8c84-ad0bc4bd8d98,true,coupon_abuse
2f90dc51-eef6-48d5-8c83-a03b1f0d9a41,10cb873c-cadd-4d8b-aeb8-e4387681ffbd,false,fake_account
94ee6e0e-656a-4d45-a19b-485cf4b41d22,f5336fab-7685-4f82-a452-2c2e2104ce9b,false,fake_account
17c90eac-90b4-4586-b1ab-d3eb3cc8e01b,e264286e-ca90-4926-bf97-50bd5496f711,true,none
3f44ac4b-a5df-4c6c-ad11-9ffa56d513c9,e2b47140-640e-47ad-8be5-45e4db6fa434,true,bot_purchase
ae497cf8-e85c-4d2f-867e-00a5d0ed9e1e,c4192b13-40af-4f24-8258-63a15d875a4d,false,coupon_abuse
38c262af-2a33-4e86-b9cf-e3857f1871a0,295acbfe-0228-4970-ab87-d0c7b331ca5f,true,none
8beb2409-e904-40e6-bc0f-ffed4882d1f3,215bf9d5-ac62-4bd5-9aa8-18d520f17deb,false,fake_account
cc197487-01d9-403c-b180-ffbcbda41dd0,9e758a27-215b-45b1-88a7-447875014676,true,bot_purchase
457bf9ab-e6a8-4b33-beeb-1fd0c95b4121,96bea040-aa72-4757-a1c0-f2893dfced84,true,bot_purchase
b52d5fe2-aea9-4c96-9537-cbf8b397f05b,54dfd383-d542-45fb-b171-d6e82d9f6201,true,none
b157f4e0-307e-4fe6-b335-8da0864467c8,88e4a476-74d3-4d1b-9349-7619b197e391,true,coupon_abuse
0406c3f9-c106-49f9-8f70-5970ec70c42c,dc401a98-36e9-42f8-95f3-7ff25f6594f9,false,fake_account
c2f86c4a-0836-4c86-ac61-0f805fbab4d6,6a27c1d7-1501-4753-b0e9-7bc0abf7ff8b,true,none
40faf349-0d21-4bb5-bc59-fb7ea3bf18db,5b3643a1-d18f-44e3-b79e-d3bcf73507d0,true,coupon_abuse
c4488355-437b-4fa0-8504-dadb77c165ea,1116a4e6-5f22-4781-90bd-2358ffbd36c9,false,fake_account
5e754cfb-8307-4d44-8095-05d4f3ff54e9,ac52c551-b959-48b7-b6a7-11c5f407eec2,true,bot_purchase
217540fc-2852-4d8d-ab4f-18bf7ef808a6,4ad8604f-3b97-409d-bbb5-dd24f77ffd20,true,coupon_abuse
aa342b93-07ba-4c96-bd18-5e12e737050e,fcabcfdc-cf51-4692-a460-bb970a65210e,false,fake_account
16214ee5-4ef3-46a6-8eb2-78dc8267c692,afde0223-e1a2-4af7-839f-5749aae6575c,true,coupon_abuse
f5630175-c8c4-48d5-b393-89a300553f53,e217cf2b-a3be-4d3c-a022-c620da2f544f,false,coupon_abuse
74e6723f-5b1b-43f2-82f9-dafad7aefb18,b961524a-cd47-4b47-8bb3-c25e0211e64f,true,fake_account
c9ac1c70-c7bd-4895-a0bd-e668387ec8ba,c12b9aaf-5aab-40ba-912b-33506a28994a,true,bot_purchase
5217516b-0fe5-487a-8200-4ace4d666222,cee89a4a-3e7e-4710-84d0-d2df9247880c,false,none
18c5f35a-c35e-48ff-b2ce-959f14af05bc,0b49f2dc-c744-4f23-8033-4c2e0ce5f0bd,false,bot_purchase
6cc8a8cc-b798-46a3-97e0-fc457ecc7c94,8c900401-062e-4011-8eca-53482553422d,false,bot_purchase
4dfc292c-cb24-4c61-941f-a5802eb8a5c8,4a9f1d4c-befa-47c2-8f55-0656b6217161,false,coupon_abuse
2c69cd37-b218-4bce-8b67-9ea5810ea9ae,26c86707-beca-4e9a-92da-1eef32059bbc,true,none
a701b4b9-7324-4d1c-b3e6-6b516172d786,eee03ad8-9b9e-4c6e-bd08-4dc533ab170f,true,none
18fe365b-8ddc-40bd-8970-7a8f1bef58ab,5e31c0ce-7db7-450e-8363-b0c212800cdc,true,bot_purchase
64dbe1e7-ef99-4782-a59e-baf5c771584d,9184f47d-b336-425e-9187-79f8094cbc31,true,bot_purchase
09592527-7457-4e93-8d03-600890c8b69a,c094dadb-2caa-4caf-ab27-0d8a30d9e8bf,true,fake_account
a8b226e6-469c-408f-9673-af69eaf70c05,1b7072c9-2d2b-4feb-910f-ceae4a66c20c,true,fake_account
64129e93-3691-4c6e-9ded-279ef32dd0d3,34c8b252-8b14-4868-993c-bef182ad781c,true,coupon_abuse
97b50f4d-3659-4801-980c-c0c36a4c8b44,91a46a1f-fca6-4ec0-b6a0-7e72d57dc1ed,true,fake_account
095eac44-67fb-411c-8d3e-3cff16775860,3c3cd153-9c93-4ca3-aca3-456d24350c50,false,bot_purchase
a7d2eb34-2dcd-40fb-9c95-54226bad9066,11c9164b-7b39-4326-a623-be4a730fc864,false,fake_account
f68ac886-7d69-4078-b20a-67afd5039be7,8555517a-bba8-401b-b2d0-e83ceefa5676,true,coupon_abuse
dab9135e-3a49-4c7d-a425-40d734a58647,0dfefd32-a2b5-4b2a-a5c2-e5437ebad984,false,coupon_abuse
1aff2ddc-12ab-4a4d-8f22-9232a5b17d58,fc189b95-96d4-429a-9c53-56982c77a4f8,true,bot_purchase
f3076d27-4d95-49e2-820e-0f4630b8d428,26ee99a4-f712-46b1-9aba-933c72ead5d9,false,bot_purchase
64563760-a65d-4ae8-ac45-e2afae309aee,dd7e1741-aae6-4c1a-b6d3-997d8023855d,false,bot_purchase
6cc24e4a-0eda-4fdb-82e7-529e56f0aa38,a5269d91-ec07-4dea-9de6-14cea65a73c7,false,coupon_abuse
def746b7-f9b1-424c-b747-2c9a91109ee4,b960bb43-0b7e-4d57-8a59-e1618803aa9b,false,fake_account
c08b9ca3-9a62-4549-a6b5-03ef675d6915,49b892b3-42ad-4a07-b917-3ef6b782fffc,false,bot_purchase
952cceb0-2587-4a3c-a841-a13a97a05e29,6811f099-1832-4549-bb43-8df9cdfe1bf2,false,coupon_abuse
a904106f-46e4-4d1d-bff8-c25e13ffda0d,03b2c204-bec9-4d63-81db-659b78a013cd,true,bot_purchase
c7ca614c-4eaf-41ed-957d-b27ed0101538,70637a37-9fda-4eac-8703-f3aaa0d129e6,true,coupon_abuse
beb54cf6-c97e-402a-b0fe-5040fe10653b,03ed72dc-40b7-4e79-a6fe-bb6ccd63bf32,false,coupon_abuse
8183b3d2-bdba-48ad-8f9d-42e884b7617b,73320493-299e-4296-944d-a1c351d1e5dd,true,fake_account
1e7a27ba-1c2a-4ed9-988d-cfe84b68cf4c,f7863dfc-d088-4eba-bdc9-29ca9b5fffd2,true,none
fff015d8-eb91-4df7-af74-e65655f7e9c7,e9cc2163-364c-4cb1-9d23-c0696f7fb18f,false,none
ea3a519e-63ea-408f-a2d9-8ad8d028f021,717c4fef-ab64-4637-a7d3-27f2e8e7246a,true,none
d995731e-12af-452e-80a5-86bffdd0a521,95332949-cffd-4cc1-b325-fe1fe1f0f1a3,false,fake_account
198806cd-8ed5-4efd-a228-6c634d640fb8,bda8dd5e-8603-4dbd-b1ab-4da71ce7c61d,true,coupon_abuse
036f8012-a310-40da-a2f2-68b833031511,76e2681d-1818-49c1-a368-c7510ce8adba,false,bot_purchase
19e2c707-4692-41cf-b8db-86cde901b746,f1d2f39d-82d5-4316-9b37-f1771c03862a,true,none
32285879-90c0-4ec1-82a3-03a47c932913,bd456ec7-0ec2-4717-bef7-5697a5610ec8,true,coupon_abuse
1130db03-d506-4953-b58f-24de8d619b2f,48ae42b7-09ad-4f42-bed3-109fb3bc1c5a,true,bot_purchase
4af75222-564b-4825-ad7d-ce3f783615f1,6bb7ed40-512d-4d41-bb46-46462b9cedb3,false,none
926ee6a6-004a-4507-84be-5dcac84947cb,a25b7870-5084-4ff3-b890-add97b5a202d,true,fake_account
e0b0dc72-1f2a-40d0-b0c7-7b1ccb8980c7,b506391a-fd71-4b07-83de-05538b44ef57,true,bot_purchase
e6c63196-27ee-4288-99c7-59f76d78726a,317a29fd-68cd-418f-8f14-c9a925694a9a,false,coupon_abuse
8ff0268b-804b-49ef-b8aa-b64dcc38803a,0e41fd71-da61-40cf-9a28-16e15ef06fce,false,none
a0495a6b-5352-4dce-a1cf-5d86747c2da1,41c0400e-074d-4893-badb-cf7f1024351c,false,coupon_abuse
62d5bded-6453-4664-880c-e1eb77d31a94,e4ef8a77-18e4-4904-9cd8-3b10739ea329,true,none
41d5e6f5-8d1c-4a8d-ba17-fa40a720cd58,00236a02-8db2-4689-a1f9-86c02f789e75,false,bot_purchase
7287dd82-d791-4bf2-a474-942c4b37c4de,6359c993-9c7b-428c-9bfd-b38fd88657c8,true,fake_account
49a70bce-567c-435c-a692-064211fd0816,a11f1360-8e50-4161-a009-4bbc4d3bfe36,true,coupon_abuse
880abcc8-157d-4657-90da-accd5d0dc811,0c5ac5db-5faa-45de-8509-bb85cfa76df1,false,fake_account
e118c633-2c07-4ff3-8afc-02a7deaab51b,26152bd7-9a31-42ea-9679-b3547560c57a,false,none
89bdf3c5-81a5-4b29-82e6-8f27aedb92f8,7040a509-c193-412b-8b30-50995f2d35f1,true,none
44068617-b0e6-4580-af9f-b244d6b567b1,5025b9cc-570d-4167-8aff-7f7dc16f5164,false,coupon_abuse
b5c42104-03b7-424f-bfcb-4b79f5e99edb,70637a37-9fda-4eac-8703-f3aaa0d129e6,false,bot_purchase
8b061ada-5b2a-4e51-8229-03d340105d0f,c5f75ab3-b61c-4275-bc57-abcc96128b6f,false,none
6dd5f4b5-90f5-4ab5-868d-546ecc3370d6,41210010-cb63-41d1-9c72-3f77bfacd54a,true,fake_account
859939aa-7f26-471b-85d0-9bbeb373ac7b,e017bccd-e607-4ce3-bf97-9b95f0b1a97a,false,coupon_abuse
19938906-fda0-4f93-a72d-da6ae4c5f817,83acdf56-5221-4d08-92fd-243145b4307f,false,coupon_abuse
1dbaee77-0d99-4434-b821-9b954a24d6fd,41eee06f-de32-4ddf-b0e0-2b584580d6f3,false,coupon_abuse
a17a1f2a-f761-48ab-b0b9-b536020e252c,ee14efc7-0a93-42b0-9077-6cfac3cd9c61,true,bot_purchase
e16a4de8-30b4-433b-af46-659a7ded873e,456c29d7-6f1f-431e-877f-d7609a0615db,false,bot_purchase
db8ad1b9-76f5-4753-8f16-bf6baa562223,63668599-0327-4bf3-b28b-517e677e9f4c,false,bot_purchase
e1ec8c3a-6577-43b8-b585-27037089630d,ace50cf1-d407-4e27-a1cf-aef967f65ebb,true,fake_account
2fd3c053-e2d9-43c9-be99-4b9fa1f66b90,ccaf9c1b-8ce1-4ebe-b6f6-f8ab80f5bc1f,true,bot_purchase
b0552088-110e-4cd8-a319-61173ec08751,b75dad3c-5ca9-419e-8d9c-32976c9d8cd2,true,coupon_abuse
0854168e-019d-4829-8b0c-6c057e52d246,65a3062d-6002-438d-9bf7-0f9a18845409,true,bot_purchase
beff649b-0477-46ee-8dcd-ec99ff0a2ac0,b38d3acf-cec8-42c7-99dd-569993f29fb2,false,none
618efb72-48f7-4034-ac0e-5e4ad8184654,4fc9e8d7-dd17-48f7-ad0e-709773bb64f1,false,coupon_abuse
6b092dc3-199e-4bb2-867b-2f11d1aa00cb,6f50a005-cf35-4638-9b3e-89c1312c0f82,false,coupon_abuse
17e9f515-7f61-4ce1-b1b1-ce90f81d00b8,c5568b8e-9292-4c26-ac5f-f07d99398300,false,fake_account
ae0b7e61-b427-4909-8f54-b1024abe1f1f,dd01fc45-be93-4edd-9792-6b094a0c6984,false,bot_purchase
6920f0ce-4ef1-478b-9b01-6ea9e4fabd0f,2b8bf23b-44b4-47bb-a19f-6ab020355e8a,true,coupon_abuse
944e251d-ba82-4f32-bb2b-70a3017125f2,57018929-5207-4056-9b15-a63f87631aa4,false,none
a5eff46e-a2b3-40ea-bbb1-1cc53bee4713,c437ff4e-faaa-4cde-aafb-9652fa02e3a1,true,none
0372e85f-f3dd-46dd-a97e-6c32d323738c,d46b2fb3-b65f-46c6-84e6-59fd6a7665a5,false,coupon_abuse
f62a0e0d-4087-4786-b6a1-2be13cf73ef9,27e9208f-80a7-46cf-8dd8-f3e24497ceab,true,bot_purchase
9064441d-a626-4dc8-aa1a-fd966304e3b5,6a4d1a9a-0166-4271-8fd6-73f8cad732e8,false,coupon_abuse
5afeab26-faae-41c6-a76b-a7295ca7c888,43240c4c-aff7-4e97-838c-8b6df6bb4ba8,true,coupon_abuse
231cd863-8cf8-45c6-a12c-e109e98a3beb,cd299426-b623-4429-bbba-7eab2166c07e,true,bot_purchase
2fcd75ea-e460-4158-be4d-1d60de6fb1b9,6aaf025b-a9f6-4f3b-b1e6-43880df9793e,true,none
ed76ab6c-4568-4426-9675-f98255c71fd1,1ff08a56-a460-494d-a6b4-6169ec6b088c,false,fake_account
6c48cc73-aebc-4e6f-a57e-1ab3f72d0f3e,68a8093e-55a8-47e4-a373-31c90eb34bfc,true,none
b17f09c7-1f13-4adc-9061-f809bec148af,4f073904-5963-4114-9567-5ab6a8bd708d,false,bot_purchase
26db4bf6-c6c8-4f38-8e69-08469dd387ad,52e70b54-5760-4dbb-8b3d-3f0ced50a404,false,none
87a71a8e-cc5d-4008-9a3b-11610440428a,51a325eb-a7ae-4708-a869-b1e2e06f452b,false,fake_account
31078fa4-8e63-4de4-a149-6f8d190a195b,848b25d2-2292-4703-95b9-4da8ff00b876,true,coupon_abuse
428aec5f-0c60-4433-acde-3eda1870a0c6,7619ed7c-2fd3-47d4-8dc5-2e523e497314,false,none
203ada97-5427-4a2a-925c-a35e20cc03a8,c6fd0983-5391-4d01-aaa5-d131fd6b753c,true,none
f2d8a34c-b153-410d-81b5-d317f19d79d2,3dfcafee-30b0-4bee-a1de-496d8272799c,false,bot_purchase
32281cae-7bce-4628-ac1a-72f491926d8b,656cb592-c287-4aa6-a450-48cce9426027,false,none
a80d3b63-76b4-4f3a-93d7-e3641279acdd,04ccdfe8-e8df-4e4a-bd42-18bc4eac9d3b,true,coupon_abuse
d4b4c599-334d-4f6d-ace8-a32674681e9d,0da09e35-eefa-4143-b014-ccced7b823f6,true,coupon_abuse
4c2e665c-d5d1-4f84-bfd4-1dddbb23dec8,16095cf5-e654-4f12-bc7b-635e5906cacb,false,none
f7c1fd51-f517-4d54-b46d-5c2a533b555f,4ffcf977-24dc-4060-a594-67c108389be2,false,none
ffa25fa7-ef81-4c23-a7b8-5c29ae4e6713,aa473562-1dd3-43d4-a27b-352ebcebf1e1,true,none
21eeadd8-c73c-43c9-805a-b72132ce4442,eb7695f3-7970-47d5-a048-e3b191bd7d64,false,fake_account
70204e9f-3f45-4ef2-8807-9251bbe28aeb,b35d0cba-d77a-4273-ba1a-dd65aa5b0b43,true,bot_purchase
cac1bea5-ae9e-45a8-9d3c-6a9f377359e8,b9cfea44-d5f6-40d9-a25f-41ff0d9d99e5,true,fake_account
bee6436a-ae52-4dc8-b8fe-467b1c6a1684,8e137c98-5129-4d09-82c5-bb4558823dbc,true,bot_purchase
e3cf208a-1706-4c5a-91d0-76e03339e6b7,f88e62df-8902-4b60-a11d-8c66d7f2f715,true,coupon_abuse
8e89f529-a503-4fbe-9d9e-a41307ea5479,cd56a655-2e56-4b00-a942-d590f9fc7a9c,true,bot_purchase
bc7662b5-d5ed-46a2-9957-19e06ffc1e15,c7a994fa-865c-4fe6-a216-a38d7b47b337,false,none
a58cd20e-9aaf-46ff-bedc-ed03a594cee9,715c6c38-babb-42f2-962e-27e8d507e442,false,bot_purchase
f4ce6567-e8cb-4271-ad33-506b5fdfc703,ee83809d-1f89-4540-add8-004f52b3e184,true,coupon_abuse
6a592cc5-756a-4fe8-9c04-24680dff7dce,217ec7cf-c9e7-448c-9027-72dab00f1aec,true,coupon_abuse
a56db3f2-000f-4e5c-9c79-31787545ae10,b0cb2f37-1600-43f9-a682-654a30c00f23,true,none
4fcda5e7-4906-4d51-8354-9e61102939cd,14341073-2930-41db-b757-1b395e08f699,false,none
1fc69a2e-99ba-4f56-a61a-a606261e9c1c,a0637665-970c-49dc-9267-0d22139fb437,false,fake_account
a0805b95-fa6e-4a0c-a91a-c483a59287ab,baed52a5-694a-42a9-9b88-ae9a0ae660ec,false,fake_account
cd6958f9-c5a4-43b8-b758-3091629761f5,e6fe34c2-af46-477d-ade3-5402f867bcfe,false,bot_purchase
d6bd2224-989c-4dd3-bff4-4981fe268855,45a22080-3a5a-4334-bea7-77fbf57712e9,false,coupon_abuse
cb564e1a-d350-4ebd-83fd-ad16d528bb0d,36022f58-30fd-4b83-a0e6-5ae228ce7649,false,coupon_abuse
e7a437a8-049c-43bf-8823-7a04a86e8477,6d0c5053-c551-45dc-aea6-b318b6d9cb83,false,coupon_abuse
5ce81705-8091-492c-b42c-3ab5f13858fa,7ef59ab3-51b0-48ca-ae60-b4f39c728869,false,fake_account
725287e9-318f-4c4c-917d-30bfc739701e,d630fa60-ab0a-4e75-aa2a-e6d47230e739,true,bot_purchase
4674dba6-0796-4fd3-a915-de250e74ab7d,7af0edff-5f93-48d6-852c-001011227ba3,true,fake_account
222ac03e-0241-46ae-ba55-6e68ebad152b,9e758a27-215b-45b1-88a7-447875014676,false,bot_purchase
b9742465-59b0-4e72-b9d8-ade28445961c,fc1f6844-9a85-49a3-8715-fe8034904328,false,none
250b91ea-48af-4532-8f42-3b79c0a9aa2a,94c0a91a-342c-4f99-ad8b-b5cf8760efec,false,none
8dc2c7be-0a24-4f4a-8ae4-b7128c849430,a41952c8-4578-4b38-8ad6-c4737bd58236,false,bot_purchase
f6bab674-02a0-4b26-a1c4-fe8e2969392a,e67fa3c9-dc38-4320-a7c9-8f7125278852,true,none
aac5b782-17c6-4048-bedb-d9de84e7b7db,10645f69-6ac1-4518-85b1-0574de0b08f0,true,coupon_abuse
eef5cc24-8f71-47bb-a5ff-201131f60d3c,2ab68ae2-58e0-4843-9518-86534124a0f4,false,none
1c9ce36c-23a7-44b0-bb67-83f7e7eca25c,d3b25beb-0e61-4e58-8ad8-d500a38c43ef,true,fake_account
5525fe53-46f6-4707-9064-7a21831309a1,1792a316-e460-4255-bc9a-8f97e9618f39,true,coupon_abuse
142915d3-e948-4c07-aea9-0df93f55471e,d1295212-5be3-4875-98e0-c7e2b76593a8,false,none
6c54e5ba-9a06-4977-83c9-79a73fa900c3,18bcdef1-39ca-4e72-85bd-73a44ec25786,true,coupon_abuse
078abe9a-c83b-4b01-b48c-1e5ffb4a8144,ec5a60d2-bffa-4dbb-b9f6-c4324bd4d5bb,true,bot_purchase
924c25a4-035b-4cc3-ad2c-e74a5761003a,76a64248-ca89-4cae-8a2d-3378a40e63ce,false,fake_account
21a0be94-811e-4865-ae6f-1e1155c1ca0e,88c435cd-8150-4ced-ab70-89e5f3fb6bb3,true,fake_account
a5ea089c-7b54-4ebf-85ee-01b10ac7f1e2,dc3bb910-c2b7-4002-b173-e635a1bcb10e,true,fake_account
2aac17c3-61e3-43b1-ab94-97356220113e,1368acb4-cc93-4787-95c2-40d5c8aa5af1,true,none
2439c495-8e4c-4396-8c79-b3f13504b77c,217ec7cf-c9e7-448c-9027-72dab00f1aec,false,fake_account
983ed423-ed8e-4c5e-80d1-85ce0b3c63a1,961494bb-075d-4d4f-9b3d-9da1f31022aa,true,bot_purchase
5f7d2073-8e8a-4387-bbd2-4968aa62a0b0,c570775c-bdff-4b49-82eb-f3979af89820,false,bot_purchase
4ffc0a55-85df-4947-b6eb-5765c1015f33,ab453d9c-03c4-4615-93ac-c7f6f747cc7e,false,bot_purchase
faa8686d-324f-4964-85b2-eb3f88be4160,314b3835-aa02-459b-9bbd-8f09f6f265c9,false,fake_account
96ccf34c-5be6-4728-97a1-cbf66718e842,04f2798a-3eb4-4561-9a02-712d87f4606b,true,coupon_abuse
5a70024c-52f2-45bf-ae94-232c3e097524,464bd3c6-8426-44a7-892b-6f8cb5cd96b6,false,fake_account
844c1c3a-7cee-4d11-96c7-8acff5edf8fa,d972b5b7-e307-47c5-be97-4a70a5f9d16a,true,bot_purchase
efe22107-7c4c-43db-b599-f9761f33acf5,12f075dc-903f-4140-8814-a321d4c24973,false,fake_account
b88fc9cb-2384-4329-9d29-75ca8baa5628,bb606baa-2afb-42dc-bd1e-02c1278bf144,false,coupon_abuse
116428e4-6f79-4070-b929-c0132a9b49a1,f157b819-5597-4671-bea8-c2f0c91a027f,true,bot_purchase
9d4ca116-94db-4657-a5ee-d1b4c9e0f5bc,065e28fb-d814-4832-9099-721cc4dce960,false,none
b57acfb8-5311-48c1-8389-626e9a066bb2,18acce9c-244c-4a77-b817-100e6c9aaa58,false,none
df1fcade-701e-4f16-9593-dfe13a014c92,97ad34bc-99fb-4950-9219-bf4ef702e9ce,true,bot_purchase
cd19a945-dba5-42a9-a720-e9ea46800a45,3e61d28a-532d-457a-bb79-2ade9d3ece66,false,coupon_abuse
c4b525cb-50e4-491f-a070-b2c9716ed8c4,34b2883f-f33f-463f-8939-ffbeaa89c64c,true,coupon_abuse
fc2c6e40-3603-4a00-b631-88a34ed63164,ceb9bf88-e582-4fe1-9935-4811d276661d,false,fake_account
bb4e252a-1762-4383-b394-4b02a0bbefa0,5ac8c718-fa20-487d-8a52-14971c272b8f,true,fake_account
86fee2c4-86e1-4dda-a6ae-95769cd76f74,8d8bad6b-dcfd-4ed6-b43b-c2ec54b94527,true,fake_account
8b1feea1-d7fc-4f16-b149-89b96c8b3c01,925769d3-57e8-4468-ba6e-b05e512ebd52,true,none
c45636eb-d078-434a-b06e-027386c726f0,161ee7fe-2ca5-4454-a5f4-739a43aa56af,true,none
d66ad1ca-230e-4a99-aca4-8bea05d89948,e1240451-4bcb-4c92-9528-f61b1949e0a7,true,coupon_abuse
ec590aeb-0ca3-40b6-8500-225db6d1af56,4deaf3ec-4ac8-4dcf-9d14-8413d2281164,false,fake_account
3ff0f3dc-05bf-478e-adf5-550c4341f384,f0ce757a-42c4-4db3-be7a-44f78f9ba28e,false,bot_purchase
593150bc-cd57-4b5d-a2c3-3af4c6b55fe9,2d8d5b02-685c-45b7-b16f-cd99a1725ebc,false,bot_purchase
c89d705b-d7a1-4516-97ff-3229bb4ff87e,1fe9d54f-dda5-4b6e-8fbb-345c2d754b76,true,coupon_abuse
8890f718-ab94-43af-8d04-755939c8cce9,e3414c49-3793-4c47-894c-5552a2ca126c,true,fake_account
dd7208a0-cd37-4273-a1ee-8d57811131f8,e24583d2-a493-41ff-a227-066c128bd3b3,true,fake_account
cc5acc97-51fd-44ac-a34a-9163d43236ab,a2cfa5eb-a2be-410e-bb21-dbe2d8ea41ad,false,coupon_abuse
49ecd3ba-d946-4cbd-91d7-97e7fe01b7ac,996a0ea2-0b13-44c6-a879-9fa6d09b0d48,false,fake_account
19fb90d9-8191-4943-b783-16334bbbefbf,58803390-0e6c-4678-a472-835b76434887,false,bot_purchase
e9e111cb-10fd-4ceb-9c7c-3dd2c152527f,15a1cb7d-7fb3-4898-be46-8dc493f50869,false,fake_account
8982eb45-6afb-467c-a828-aa2080146d72,2d4ee707-0958-42a7-af4b-867e6f7cc735,false,none
725eef0b-8b6f-4c54-b0aa-9cb987a4f05c,bb82137b-0145-4060-8890-73fb70c9e43a,false,bot_purchase
e6307b3c-afd3-4806-8180-9444deaf76e5,ba12ca73-e6fd-4253-b4c0-5aa32d3da9db,true,none
7255d08f-70f8-41c1-8a9f-92ac9c5369ce,2d4b39c6-c66c-4c37-9370-1dee3143c0a2,false,coupon_abuse
f63c38b2-7b6c-4fdc-8a79-5893e08ea628,702dd2b4-f01d-4984-9e3c-d3e2a67ad982,true,coupon_abuse
eb70b73b-bdf7-4495-a13f-3e5912e515de,897df480-8013-4e97-a736-a85b05012302,false,none
51d17679-bdb5-499d-b6e8-cb7f363cd9bd,e49b6485-1437-4d51-895d-be68487cb4bc,false,fake_account
afd90cfc-c6c4-47a5-8050-baf99f4a757e,6b66b415-63ad-416d-aab2-e0f9d9d71e07,false,coupon_abuse
aecae562-79bd-48c0-9695-ad174fe0373d,f36fb689-f93d-40df-9f10-5e93030f5a53,true,fake_account
cb8e0e15-74b7-4945-931f-f7ecca32196a,09391ee0-691a-4c9f-ab93-cbc7d2d417da,true,coupon_abuse
4c5c02e2-17c9-4693-ad65-7a289b4e4956,220fe158-a0ff-467c-a2f1-1048b63c444a,true,coupon_abuse
ad3c21ae-3b97-4fc2-9448-571005313826,b6ac7cc3-bb38-4ef1-9b6d-62d6b088d8b0,true,fake_account
3427aa2a-60e5-4865-8e02-836103821365,4d0947f6-7406-4219-8fe5-8973895f0bc9,false,fake_account
184bb53d-1ea2-4dda-a572-f025b341df8a,d83e3752-b05c-49f6-9259-e796eaff2b95,false,none
7fae7d7c-05ef-4f64-97b1-c0d8a4adee1f,4df03dde-8623-434a-85c5-c87ae2196035,true,none
6caf2618-5b7b-4d46-a3c1-5f35a4286c07,fbfe2b0b-f064-440a-a36d-dd71d80051c6,true,none
4581713f-e85a-4b30-bf9e-9b2c475d0be0,7b0cfbdc-22a1-436e-b996-8faf214a27a4,true,coupon_abuse
f55dda10-0804-41b5-ba7d-b03878bbbc68,2a051470-f119-40d8-95dc-f4b61f0b6b78,false,none
8be03b7e-1e7b-490d-8a75-0103fd09ffc6,8df26367-d2c1-4be4-8111-f59e23cb9e43,true,fake_account
50be9508-9fd9-4e68-8daf-73a5466b6a87,7fc062ce-0a8d-46a7-9ec0-a47095c44f29,true,none
291400e9-6f7b-4428-b573-3a60251f45a8,4a54c01b-e38c-43e2-b757-0ce4b44f72ea,true,coupon_abuse
30496808-3775-4d8f-a824-4bb284d79715,08006fc7-579f-4be5-95c9-b8bb166a97d1,true,coupon_abuse
3d9e015b-a81c-4ccd-9b34-e4f1a9c8f317,cbfd3b49-5789-4ad4-bf16-9722555cf72d,true,none
5d4cfe70-dac0-4315-9149-2f01426e2854,e79dfd07-1e7e-41e4-91d4-4b9cfdd8814f,false,bot_purchase
0a78f39c-84af-4ac3-88b7-3d00154d7f75,979ef62a-0327-4a8b-b2b1-62f2165ba7da,false,none
d9f6c2c9-a251-4688-be07-9286125b991e,6f59c1b5-948d-42e4-91bc-74de9f628ca6,false,fake_account
ec035ca7-a678-489f-b5de-647c426eefe0,0adb7f4f-df5d-4149-bc00-34cc000dc373,false,bot_purchase
9a8d6fb8-139a-4b5c-afd9-b213420c8f27,37c2313a-b6c5-4d55-8e67-d0033e09ea1a,false,none
4ded69bf-1d81-4ce3-810d-86c79d1a21cb,8b4252d0-a82d-4794-93cf-7989ab3c4aeb,false,fake_account
75793660-396b-4f96-881d-7ed56c0bbdf8,443d5d0e-f571-49fc-a8e4-b0b82649362f,false,fake_account
ffd58e15-fc45-49ff-8305-be9624d21d8e,778a617f-6757-4ebc-b13f-a802943edc6f,true,none
36c4a52b-2fc3-436e-8b36-528285e4154a,60dcbd5b-c265-4c66-a9c4-d3851b23ca1b,false,bot_purchase
70c6e6f6-1bd0-49ab-9dd0-bb6cab1ea733,359fa907-8cfd-4a06-b91b-d5917ba1107d,false,coupon_abuse
433ff657-17c7-4471-b56a-a5257f2a650c,bb806acf-5e29-405c-8e72-864ad36ba090,false,none
694fca1c-8207-4f56-9afb-20e2c2c4b089,c11a0a99-a172-47a7-b2ff-5a2e78258b51,true,coupon_abuse
b1a91633-ef3e-4711-a817-1d0e86d1461b,909c95ab-12f8-4ede-979b-b60398004009,true,coupon_abuse
4dee2cd8-0339-4cbc-8512-bfd8116de656,7cef23fe-00d1-4e2f-b2bf-45482b43cd25,false,coupon_abuse
2f705a08-3513-4dba-9e6c-a033c8276ad2,2167e908-1e4f-4a92-a053-89572f4b1e5a,false,none
42d956ed-2405-4fdc-b6f4-6357cc73003b,72bced01-6be9-4291-b9a7-66e6585e102e,false,fake_account
b6b22b38-0c55-4dfb-b7b6-9974d83e8757,a7004e45-b5ee-4898-b312-b56086a17509,true,fake_account
fb4c8fc6-b33b-4e98-a1f4-3b9710bf1204,05e1fb3f-323b-4fc1-8776-60aacb77e113,false,coupon_abuse
f9e31c4b-8c57-4d02-a702-f6b4b4fb4d72,8793f940-9750-4cc9-bbd7-c76d84aa94c5,true,coupon_abuse
df86ba5f-410f-46c6-90d8-5db970826f63,b48270bd-b2cd-4552-a39c-6c61e2e453ed,true,fake_account
cafc08d4-4808-47e2-a249-58d583798c1a,6efef043-5f6f-4933-b232-262b46dc0775,false,bot_purchase
0d447030-9cde-4f87-9300-701f377e8a8a,d0b1faeb-2533-46a9-aaaf-2e857333ee7c,false,fake_account
8261a004-be6b-4927-a249-fd053a420512,df6612b5-605a-4a94-9737-a446dfff21a2,true,none
eab3bdad-d9b4-4590-b160-23e343126f8a,1c48c82d-2528-47a5-93b8-1812b883f3c4,true,fake_account
a7069429-6ef4-4c46-9f56-b382ce7e476d,9d1063db-9812-4970-839c-c1d1ca179cfc,true,coupon_abuse
da5ba267-488f-4423-a788-e01bf898bc3b,bd302d60-99e9-4b7e-b93f-b3f217b33d22,true,none
cf1a6b84-42cd-4035-b053-162d33e71248,5bd5d99c-d67d-48e7-9d93-4dee3e831541,true,fake_account
3e1144a1-68b0-42d5-8082-e88b4c7e6307,0be2459a-02ba-4d3c-879a-287d712f0fd5,true,none
967e476c-6ae6-478f-8d6e-797450a998fe,4841611d-bd94-45c3-afd7-ec7ab3cc2ca5,false,fake_account
5edd5db8-a0e9-4427-99fd-61deb7752d51,7327f2ec-7ebb-4853-871b-970586e0172d,false,coupon_abuse
b21198f1-fbb9-4470-ac0c-35d25ae77ace,43d51469-29aa-4411-99eb-2a2bef996d05,true,bot_purchase
e2508993-77b9-4175-ad6c-d6f58ad29018,b758047c-697a-401c-82c7-17163ec8c24a,false,coupon_abuse
720c3a58-b357-4215-b8c0-7ab8bf6d3432,dcefe6c0-912e-4f36-9c58-081f988e46b4,true,none
2b8f1b7c-aa60-40da-8142-e21c16393054,3afa1165-b823-43ff-a467-0aaea3c43fe3,false,none
2337d3da-cd1b-44ed-8104-963e84bbf89b,6a096083-3493-4574-b491-3eef30ecf2be,false,bot_purchase
425f7c68-d315-4662-a0b4-0e0c5b754317,32fe41cc-b73f-4070-84fe-ff3ebf1dd2fd,false,fake_account
fb044527-7ff0-4e84-9e97-1e83c0b7f3a9,61690637-ca69-4772-bbfe-2556703dd2ee,true,none
2f384d3d-263f-422a-85d2-d27839a8a29f,030af4e3-8071-47d4-b192-cd7ddb32486f,false,fake_account
69775e2d-f69a-4a47-ac2c-9c5041323f57,7e61604e-8cf0-4c62-9d8a-7b28dbb47764,true,coupon_abuse
62797f98-834f-47a3-813f-7a004e9a6d7a,78e7722f-1c84-44bb-8a95-c347cb3d8aba,true,none
d4390a7d-b711-406d-88dd-0c4c330b0dbd,c292b05f-e341-4ca9-bd39-5208634dbfd6,true,fake_account
92b82f2d-0ea6-4f88-946e-be822013516b,af60038b-9b4e-436a-a60c-23e4a59ead92,false,bot_purchase
bcc859b6-9568-422c-a32b-b352b2df4981,c6e3296a-9fad-4f9b-a075-be926b8916e9,true,coupon_abuse
ca2b3371-cf1b-42e5-8911-5e2c30bbc41f,2616afb0-8eb4-4655-96e0-6b447b667f3b,false,coupon_abuse
ea96fe24-d9ac-4cd6-a0a7-047f3535ab67,8287d3c9-cdf5-4f04-b87b-63f84029f6af,false,none
60333597-e3e1-43ec-bd4c-3cc9aa693e0a,d4f0f04b-b351-4bbf-99c2-897e0b034b65,false,coupon_abuse
aced9722-075a-4582-8710-41b5b9f4da6e,dc705aeb-28e2-47ad-8f58-90cb5dabee5c,true,none
327f94f7-d93e-4ed5-8440-ceb122e4c547,38f458a2-831a-4998-a182-907fb91ecaac,false,fake_account
b53a4426-4794-4f41-98b3-94cf42aaba67,3e6e610c-543e-454f-a4f2-4706de3c834c,true,none
23175731-7a7a-439f-b1a4-16353d7a0fab,fe136e69-c8b9-4d27-a29e-0705642ed95e,false,bot_purchase
11c13ee6-0fd2-4931-8e5f-18420bb6dc25,0bdf289c-3d1d-4abb-904c-2080c926eb37,true,bot_purchase
389417a6-03e8-4e5f-b6fc-f83b3937628b,b592d9da-366f-42f0-a3b1-4b79b1812642,false,bot_purchase
eecc1b1b-881c-49d2-b97e-a2fd3649f273,963ea86a-f687-401c-8a17-6d812f5052b7,false,fake_account
3f942586-b35a-43bc-b6d1-9cdb0ba34eae,67cce2c4-cb17-4846-bc70-bc214129cae2,true,none
5ac4c461-5fd6-4286-b480-96db5988b335,20ca37e5-c9b0-4736-b666-d7e9da5284dc,false,fake_account
28837674-be80-4151-96b4-428aac924d3f,5170985c-0975-4b8a-9a65-fa5090826c40,false,bot_purchase
c4f08165-e96e-483b-8f60-94f3d0f264e0,7d16fab4-44bb-4b26-822a-790dce8e201c,false,none
cfa902e8-6768-4f24-8ca5-4e677fb69360,5ff68a45-1757-4090-9e62-42a4d23d3509,true,fake_account
276aa21f-98b8-4d4b-8e78-e673d189364a,eea77294-e30c-4e7a-923e-47abc8881180,true,fake_account
b9c9022a-8419-4b8f-b6e7-9b25ef1de489,a2b7ebcd-496a-468e-afb5-b7db380ef881,false,bot_purchase
11919944-cabf-46cd-8b6e-afaeee274816,bc0b8ac5-4c36-440e-b67f-8fb36c4b999d,true,none
63a0a6ad-fd57-4541-9afa-82d7224879b7,70ff6367-a895-401d-9d8a-55ff45531a81,false,bot_purchase
7c4bc355-86f3-42f3-9616-ef45b185c721,25f74cfb-6c25-4553-9edd-6a1bd363911c,false,fake_account
de58e80d-be82-43d1-bff2-8c6b29927cb0,60284d6c-3870-4870-abe5-b4b85506624b,true,bot_purchase
a1728b11-2cb2-4d9b-aca0-cb360e7d9c62,a7004e45-b5ee-4898-b312-b56086a17509,false,none
938bd547-20ab-4520-b1fb-06be2c3ae1e1,07145cd5-2791-4beb-9858-2b3d44fa26a2,false,fake_account
bef8a8fb-fa29-4e5b-b81d-c2a0cb4062cf,610a8b02-adef-4877-bfe2-6e33d4057f45,false,none
1ba271ea-3eec-4948-bbbb-1d4d08afff1d,0eded0d7-abc1-4b54-ae16-46ecc1c32a7c,true,none
294c0775-59d0-4602-8ae8-f9a77382a5af,158412b4-ea9a-4dc6-9125-6dc69a6a417d,true,bot_purchase
16518937-72f4-4571-a056-4b150eaeb800,61bb750d-0d6a-4e1c-b9c6-0bb6a44ee267,true,bot_purchase
09d0ab2d-c5b4-45d9-b48d-01118854c832,375dd07d-e301-45b6-a531-cc2ef86d5daf,true,none
8b036d19-541b-4ed9-8114-47a21ec195f6,203185b7-37a0-46f7-915c-4e78add3266e,false,none
b60506f1-1499-4614-b3f4-b6fb48af9a90,308f27c2-67ba-4370-9d76-b4d8214200eb,false,coupon_abuse
919f1523-6114-47d8-85a6-7464b04be9e8,d0bb6043-0020-4cdb-9d85-2c8a1b612fc8,true,coupon_abuse
34c5ae60-a138-477a-8841-a93e004fc775,51ff8f28-044a-45ff-86d5-f34068386a13,false,fake_account
a1a3dfde-36c4-4149-98c2-63fde28d4123,35d2a1b8-7a73-4066-800b-aae6775eb1d8,true,fake_account
15025ca4-86e4-49c3-93f4-cc2d1039abf0,96d59c6d-cc37-4f2f-bf21-774ab69215d9,false,fake_account
af06b33f-b528-43b2-9f0b-9fa0135fbc8a,18c33785-93f5-461e-9bd5-f8dea413849f,false,bot_purchase
b20fb3ee-a57d-4031-be22-902ce9ae870e,b3f06441-399a-425c-b4a2-81f7bad32bf2,false,coupon_abuse
fd40b3fb-3fdb-4ec1-b518-ae44406cc275,08dac5d6-290f-46f4-966d-c47e75488f25,true,bot_purchase
ec0088bc-e43c-4e19-b601-1841bf274dce,63fd3476-ba9b-4dcd-bd8a-4e06fa102333,true,none
f4ae9d9c-87b0-4f15-b880-53680752ff43,83649e1c-11aa-4643-8fa1-d36fa265e309,true,fake_account
607f56e9-5cb0-47f6-816f-38e094fc8010,be788376-9aeb-4ab4-955b-12937a9bb7c4,true,coupon_abuse
82066200-dfe9-4b25-9bc5-442a7784608e,09e046dc-c07d-43ec-b0c1-20d7767af222,true,bot_purchase
48e9f8e2-2052-43a6-a94d-5c58b5c10253,47d32b8e-25a1-4494-87d3-1f0e81e0fc60,false,bot_purchase
a905cce2-b480-4b58-bce8-f759465b59a4,45ac65df-3dc1-4102-963b-ba0d64b53e06,true,fake_account
029cf7d1-3a83-4ba3-a9df-2ffbb0a7e115,47204cac-f50f-4b42-9762-3dfb03740b07,true,fake_account
b7f0f07c-085e-409b-a87e-94d15fda5ec3,50ae2a9a-a1ba-4e4c-9c5a-626cfa7dce93,true,coupon_abuse
cf5d7acf-80cb-40e5-881b-d1134c150414,0a61c5b2-4e0c-4f53-8454-5c3d912d3d1d,true,none
de399084-d4dd-4747-b16e-6815c61efc5a,427c6026-cfd5-40bd-b248-c9bfc7435671,true,coupon_abuse
9654bd09-9576-4e67-80c4-cbd6c31176e0,1bebe1ab-0fbe-4753-837d-e1aadc813337,false,bot_purchase
4828ee37-5594-4847-8566-f3dcfdfe8a1c,fab24520-2bdd-4177-b00a-c6bb89e7bde3,true,none
e1d71d09-8cef-4fd6-aea8-395c77f04013,74b258fc-8934-4d33-94b3-f11e6c71515d,false,bot_purchase
142ea557-d5e7-40fb-b080-d82df0d405c3,b8bf4978-9434-4034-be75-643cd0c0f092,false,fake_account
8458b5d2-f7bb-42c9-ae2f-eb7fcca634fc,381625f9-ef31-4d9a-8f29-e76e6c6f0d87,false,fake_account
902ec082-ff3a-4e10-989f-b84dbc114da5,6b6ad490-c401-48a7-a9c2-e563f100adb4,false,fake_account
914cf869-b5cc-4020-ba37-d6e87af5cbcd,ed7d8123-8760-40f9-a9bd-7f7eaa9cdbe2,false,coupon_abuse
ba129fb5-79f9-4792-906c-af1524f718bf,4e090246-a814-4abb-91b0-80b1a1f53f61,true,none
3b95299a-33c6-4630-a6b0-17861c5b6381,69ec558d-ea97-48b1-89c9-a4a4123e5cbe,false,bot_purchase
3f8278dc-f73d-4ec9-9c5a-736a83189ac8,71c071e4-8b2a-4a4e-9ebc-2da8b2b627b4,false,none
cc896257-28b7-45a3-93e0-c39aabcdd099,69141716-c271-4ea1-ba1c-6fa243fa047e,false,coupon_abuse
2d55d152-1768-47df-b162-46c6aaddec7e,2ca5ddd5-b265-4940-ae63-2799450c8025,true,coupon_abuse
bb495701-2d8f-4cab-9b5a-a6ca6cf293e9,4467d6da-88ea-4406-894b-8a8866edd0ed,false,coupon_abuse
cc1c1aab-79c8-443b-ba38-9bd2a8bdb123,47b2bc3e-cc5c-4320-add3-868efea22bff,false,bot_purchase
2736dbcf-80fa-46cd-99eb-fa35859ef63e,f8b97c88-6a22-4ad0-9009-cfda556e133f,false,none
b7f11cc2-ba18-4956-a226-02385ffcb226,665e4391-eae8-4e70-998f-7f87cd5b8a64,true,coupon_abuse
334433d0-3e29-4866-8d01-914aadf7d266,539fd3f2-e410-4acf-8f3f-16fdf9a8b228,true,coupon_abuse
5c118fc8-900d-4d92-8f44-3a6490bf870a,478eb9e8-8957-4886-bfe2-03021259074c,true,none
0e425936-600a-49fa-8547-b0ac943dc94a,f059a06e-3b46-496a-8f11-24580285c325,false,fake_account
19b3b53b-e44a-424d-be23-7c0a5decc4da,7857c4b4-03c1-4159-8796-e1419a0dd958,false,fake_account
e1826f0c-0669-48d2-a882-b75c7360fe1b,0fb661fb-51b5-4b83-b968-3b422afe89d5,false,none
bbae1825-a3a1-4e80-ae92-061e727854aa,994e3cb3-b71f-4d05-85c8-dd132e6e415e,false,coupon_abuse
dcce5d00-66a1-49a5-8f92-cb9fb7adb150,0adb7f4f-df5d-4149-bc00-34cc000dc373,false,none
a8e662ef-0a95-4cdb-b58c-5b58f56f5fde,042f351b-920b-4bd3-bf2c-cd4994b5fd18,false,coupon_abuse
5a940b47-ded4-4d64-a785-29567b83368a,0c4cc215-d725-4b72-b38e-90e3b61ebf63,true,none
5fd322d6-eaec-4376-adad-1a8f6b8ad843,591dd149-05cd-4bae-b2f2-cf504b225dd2,false,bot_purchase
36820be5-9f85-4268-a388-1ef7c4e65f47,503460f7-ae37-4d3f-94a3-29a7196a691c,true,fake_account
8aacafdd-aac8-4f01-8505-55f5a780da16,16dd172b-c7a6-4e3f-b679-aa495dfcaed1,true,coupon_abuse
a1906c99-3fff-4d41-91a8-1df77bb3ab67,27364976-6f0a-4c15-b5a7-d12a2f637413,false,none
5095ba63-e949-4ffc-884a-30120433a88a,f627192b-9fb1-46ba-b031-e68d6df602e7,false,fake_account
50698d0c-b900-42cd-825d-6acd4cc0b153,3b7ae2ff-c97c-4398-b96a-d67c18ecd668,false,coupon_abuse
21d84578-e6c7-4fb7-bcd9-0c59bf6b5fb6,22f1a1b5-b3c1-41e9-ae22-2f994249e899,false,coupon_abuse
dd6c0f3b-964a-4c9a-9633-1046661f9088,25d327d3-b783-43a0-983b-80035622274f,true,fake_account
c7a1ed66-2c20-4539-b4db-9125f490e99b,654b2c07-33dd-4bea-b677-9c27f822bb79,false,none
6d7ee9f7-1335-4a60-b332-a96ffb3852a0,30797dfc-ad65-4bc8-a40f-d603ec919f47,false,bot_purchase
6abec9fa-9296-4b9b-880c-c104e3cbe805,52c9ec0a-841a-4402-9fb8-07be46140a9d,true,fake_account
9bd47ed1-cee2-4a57-bd34-e588a05f7f09,001d26f9-4c13-4925-be8d-c306778764d2,false,coupon_abuse
d62f9dff-8d6e-40e9-b7c4-d4171a842c96,e943ca4d-e5e3-49ee-926d-3da57f5cc24a,true,coupon_abuse
09deaa68-9478-437e-a9fb-48ef729e85b1,ae92abda-4726-468c-94be-04c2b4a82b54,false,bot_purchase
ae17c0c0-e3af-449b-9ef2-ab1a24382976,939216af-037e-4132-a8f0-952582ef512b,true,fake_account
ae77a5b4-6422-4ed8-bf1d-3eb65427ec0c,90a8ebc1-9ae4-4654-a85d-daa8f86556d2,false,bot_purchase
5e1bd28f-df72-48fb-9a01-1be1c314a65c,020c53f8-a65f-4a74-89fc-72912f602386,true,none
1f1128a2-58c9-418b-9c11-d5d08e0d5099,05833fa4-a2d4-4072-9577-926c3cb35bfc,false,bot_purchase
1b4d671b-1617-4886-a3bc-82788f92c509,c1e152eb-4387-4934-ad92-dfd02d888cf4,true,none
f1b012ab-29c2-44b4-9568-623d1211673d,80714160-2057-450f-a626-0bc058c90a19,true,fake_account
7743e5a0-e4bb-4c3e-abed-93f349b89153,071ed273-aa91-4d35-9816-72c42641a544,false,bot_purchase
973ac9e5-b287-458b-8f80-9b69e3eb7561,c9cfb47f-ea12-4bf1-9561-6e734a72d6be,false,coupon_abuse
a18f913a-f021-4fd7-b6fc-ce9a5da86f26,852bac68-8fbc-44f1-a308-a7ab3e6a9e0e,true,bot_purchase
80590455-5d48-4715-bcf0-3805abe3461a,c1a5bd64-3b54-4a5b-a378-5f913cc61e2a,false,none
6c539300-20bb-4830-9ae8-1a00470cf6e8,2b0ef9db-c1db-4651-9016-6d5021406a10,false,bot_purchase
541baf40-3042-41d5-8b15-225ed5de6477,3000cbc6-741d-48da-be56-6c99be75f237,true,none
271d02ed-2ea6-4bb5-a855-5a10a3f425c0,7781242d-061c-4a39-8300-aa2515e7887e,true,bot_purchase
c4be262a-57c5-4543-8115-781c223ee858,c216fad5-2576-44ba-b3f6-3448998de5be,false,coupon_abuse
1024a45b-d60c-4170-9b76-f0c518e4ef04,f1b8b5c6-924a-4063-8e5b-7bdc37c4a821,false,fake_account
ba0b1f9a-d625-4232-b92f-bb24379942ee,16dd172b-c7a6-4e3f-b679-aa495dfcaed1,true,coupon_abuse
fbdb57ee-9ba6-4901-b37c-8099a2ac2145,f4f26699-dda5-4e39-858d-98fa1fd7c28c,true,coupon_abuse
0ae58686-245b-426c-8f22-e72e3ee981e3,52eeb374-4a8b-4936-8aa1-5f486f142814,true,coupon_abuse
1ca596ab-fc60-4fe9-acfb-4a547821417d,fb63c570-04c5-4931-a450-4e25acf65e6c,false,fake_account
4499f408-3171-4644-b227-889416aa14ee,1f9a191b-d758-42d0-ad5d-d9cfe999e62d,false,bot_purchase
9cbb6b6d-42ef-414d-997f-18b3c8cb40b7,2460be7e-052a-42b1-9fbf-8e3b63e5a6ea,false,fake_account
e1dc870e-b040-4423-b183-f6d2f7863707,81817549-c40f-4085-a063-9b1506f1501d,true,bot_purchase
77232c9b-3063-4990-815a-e6d06a859840,15fc88ae-bf97-4980-90da-632915f6038b,true,none
296bd861-d706-4d54-ae94-a73e5e2b4dfd,f4514461-c6f0-44da-a6ec-fc994b6548a6,true,fake_account
6ca41744-a3d0-4f20-b0ce-cf720c4b7df9,1c36d7e2-c23e-4fc9-8004-2787f5ecaa57,false,coupon_abuse
315136ea-bf7c-4659-b383-98f4a8761bcd,f970a015-714a-4495-b0da-76de063a56e6,true,fake_account
46f07c6f-50ce-4935-82e8-72f6ccbaf047,dbb57018-8f98-4e10-8ea5-f78dbe8ac2f2,true,fake_account
6edd6f97-7753-483d-9404-c412fbf3e277,03bddf5e-1384-4d51-b9f2-86225bcf8061,true,coupon_abuse
8500b30a-4d6b-4829-bd5a-f534c1f33a7f,d8929892-5996-4e5d-b96c-b557b9800179,true,coupon_abuse
7bc6bc20-ea3f-440d-9f33-d02402ba3f6c,10f4234e-c525-4f62-8d68-1ca4e13e8676,false,fake_account
afba0631-3336-454c-a6c4-68ceb4891bdf,512ff325-2725-4884-938c-eb0cab65dd54,true,bot_purchase
dd3a3d63-2aee-4ea5-8bd8-0f84b7e8743b,dfcd40ad-c52c-448a-b8a0-fe6b6973dfb6,false,coupon_abuse
7637cc20-ed78-4c2f-8e85-8221c098d3c0,1f834f2c-8ede-482a-b964-09148bd5de13,false,coupon_abuse
928f4e29-a7d4-40ac-9c2a-421412a5f3da,2720e4b3-a4de-4b74-9f24-9900a6a0bf2d,true,none
290ba05c-545c-4829-95e0-05ea4fba2c19,9caf7ad2-9c71-467c-870f-767171addf84,false,coupon_abuse
4afa4fe0-b07e-4456-a21c-26b572e3321a,c5e6ab6e-0d55-47f8-b621-24b61663275c,true,fake_account
972961e2-a9fa-41e5-bae8-6443a049d30b,c1e152eb-4387-4934-ad92-dfd02d888cf4,true,bot_purchase
64fe5f9b-be48-4126-ac04-3f158242c811,fee2f62d-41e6-4ccf-a46e-aaef017c8c56,false,fake_account
d92a866b-5900-4d2e-b7e4-944a401bb7ea,411b38d4-862d-4020-8400-b64d20a7a78c,false,coupon_abuse
a488b773-85f2-4847-83a5-03b2e0d394a2,4a3597e0-985e-4ee4-938c-9d1232fb9825,true,fake_account
1d171655-d942-42d9-90d0-f67015f3d556,5d3b3fc1-9c18-4e9e-9dbd-87fee090aca8,false,coupon_abuse
a9df3a04-fb55-4b70-8093-e44cf566fa5c,e6c4da44-355a-4533-8054-ea6999a27001,false,coupon_abuse
47f6fd5d-4fed-4f0e-a883-0fe8d388ea4e,0c54e754-fcae-4b62-b092-9d19cd606b86,true,coupon_abuse
8b8717c2-d099-4633-8a7b-f2cedce09edc,f0241696-2c49-4b3e-ae51-b456731d6437,true,bot_purchase
fd247798-f194-4deb-826b-95f16b5b847a,c08f6424-1997-4ba0-850d-d303d0c49f17,false,coupon_abuse
6d83b8f0-36fb-4ec3-872e-89a31c13061c,5accb719-eb60-4d5b-8613-6b093d372346,true,bot_purchase
909398e9-43ba-4c0e-8bb2-b26a4abe2049,fe3a1b10-05ec-4446-ab4d-710c77f6096e,true,none
fbbb59a2-cd8b-4395-ba98-872a87624d65,3419956f-c800-4e2f-8880-dd0f89635a17,false,fake_account
dceec717-885b-4eb5-91fd-09e5f9323848,939d7a30-d1e9-49fb-b53c-8a8fdab340b0,false,coupon_abuse
2b782940-ec72-4042-94c2-ca48abae6672,b28080ec-3b05-4ee3-a18f-3c7ec0ec0beb,true,bot_purchase
27b61d47-c6b1-4b1c-9c25-55c2b6ee2102,9e95fd09-42c5-4b49-9af1-e7ce5cbadb71,true,none
d9f1ac9e-b4b5-415b-a67a-1324d0572edb,9733dd5b-82f1-4f4b-a536-c4b7f66a47fe,false,bot_purchase
787f4a5e-f95c-4142-867b-5c6ccdcbf753,29d38775-8277-4388-87d4-55822d1da065,true,none
d4f22bcf-ba69-49a2-8b94-bc976a74ad5d,9b0c894a-5517-470f-bce8-35eb4b359bac,false,bot_purchase
a8dadb34-096f-4ca0-b84b-21041ce57bec,19855123-7346-4d85-95e1-a7cc95c8b65b,true,none
ec629bac-05c0-4720-9f79-9e4f95f79fe0,b627b7c8-b71c-434b-95a2-85208db1f6ba,true,bot_purchase
57744e30-d88c-40e8-b328-0f8ba2d70c62,52d42d97-c4d4-4547-a286-01bbe1d196c0,true,coupon_abuse
0165a074-70ef-4bc3-9eed-10daf69b895c,3605b0d7-e42a-487a-9e73-7c6adcd529d3,true,none
8b4699c4-7e69-4c79-90ba-f6ab38abd7bd,f2aebb3a-b38b-4730-b2f5-fc0efcae864c,false,fake_account
f6c4f8d9-921a-4347-9720-297bdc49ba86,fbc6de1b-9226-43b7-8d0b-5e2deda780c9,false,coupon_abuse
39b864fa-5ef3-43f0-ab21-942c4fc701dd,52d42d97-c4d4-4547-a286-01bbe1d196c0,true,bot_purchase
b112b458-1f2c-41cf-807f-7c2e29bb95aa,99a08004-1454-4bdc-ac1f-cdf5d7b6d992,true,fake_account
140d177b-642d-4140-b642-509b6a7713ec,d04a41b0-8934-4082-b9d3-74aad528737c,true,coupon_abuse
75a87017-da62-49da-9dd3-d5106fc6da9c,e6fe34c2-af46-477d-ade3-5402f867bcfe,true,coupon_abuse
1e9a6667-9d12-4b98-810c-a7255cfe9a3c,06bb473e-025f-4746-9d93-cc2793aa87c5,true,fake_account
f6f419ef-ea75-477a-ba5c-06d159164547,e5097ff4-9d94-453d-b531-7b8b26c48d2d,true,coupon_abuse
e075d238-c259-461d-9a93-91123965b5af,0fea1708-64f8-45e6-8526-f2922856ae4f,false,bot_purchase
aa760cf8-3386-454c-9166-025b2b717bf3,6aeb9c45-813c-49c9-8b6d-127b5446866b,false,bot_purchase
7f2190a2-5095-4231-a6a3-e9d338c9af1f,a55e9d59-da78-495d-8d44-2587e8888f37,false,bot_purchase
2b33d0a6-7127-4d23-b820-623126e42355,2b8bf23b-44b4-47bb-a19f-6ab020355e8a,true,bot_purchase
312386cf-24c4-4ac7-9a25-76a5ae31fb0e,f9baf24d-21ae-47da-8288-c8f80dd0d536,true,bot_purchase
dd904afb-eefd-4d27-95d9-73759395002b,c1a5bd64-3b54-4a5b-a378-5f913cc61e2a,false,none
6e5e0c21-c323-46c6-aa58-2a2c1b8a7486,139442be-96c1-4d3d-a2b9-71eaa78981c0,false,fake_account
0db6a3c8-7031-4459-a2f1-94379f1c79b7,c37d0986-a8fd-494b-8560-19306fbabe67,true,none
bdea2374-1f38-4778-918c-15708ef86334,4ec9c47a-0395-4e4f-b937-866467fc50b3,true,none
91026d74-5386-4886-9bcb-fe1fa1fedf65,eebd18ce-6d8d-4d81-980d-39c2a5bbf185,true,none
83e341d2-101f-4b5e-8fbc-0df3b5d2e11c,3aa2dce6-49bc-4332-bd4b-783f25f6915b,false,bot_purchase
0ba2a395-c2d4-48ca-881b-ef323a0277b2,4d5206a9-4b86-4446-a64c-d5aebed8c432,true,none
e1b2aa14-ac4a-4531-b2c5-1c3a8498d86a,35bb99d4-f2cb-4412-880f-256325ee665c,true,none
214b00ca-b1e2-4acc-b84f-2ee3568b8400,0d523bb4-1098-4d80-8d5d-1e81ebbd3dc0,false,coupon_abuse
daa1b323-a823-4946-ab7c-0f2fcaa00ee7,def83df0-bdd5-4077-9ce3-776d2efd0092,false,fake_account
0325e5b4-0af0-469f-b179-2de616893f61,2a7203f8-0af9-4c35-924d-fe28afa1d520,false,coupon_abuse
587835e9-59df-4332-ade4-4202294d91df,205ba5f7-b1cc-4242-b9b8-14de89cbabfd,true,none
df841392-5bb4-43fa-9067-ceaa4e5acde7,4e480dba-2856-4046-a517-6d4065633278,true,bot_purchase
855e420c-5682-4aeb-9a36-cb8c45fe50e1,11d0256a-d44e-46bc-a2b4-a42f69e5e62e,true,bot_purchase
b4508bf3-f05a-420b-add4-9ea674ae4023,39dec18a-9cb2-456b-814e-d24b8b308308,true,fake_account
e036e734-a84e-442d-b5e8-0a88d6f41d4d,2c96bd92-f07e-4053-ae1e-cbda71d95377,true,fake_account
48d0573b-9461-4b77-896e-86a5888f7430,c9d9d8a9-8ac0-47d9-9ed8-544043d00a64,true,coupon_abuse
eb795243-6602-44a6-b426-7aabb0fe0a2c,bf33cce7-ed55-4b76-9355-77a95cdbd42c,false,coupon_abuse
f0930f08-5cc7-40ad-8fd7-09fb8f72466f,2e8a9887-5195-42fc-a247-c0e694cbc805,false,bot_purchase
9a39c4e2-5815-4252-b7ed-54abd276cbb1,72c621cc-f498-4c08-9276-4b1349799248,true,coupon_abuse
11fece9e-1af8-4796-af9a-cd5ebbcf63e6,303ac113-1d2a-40ce-a26f-47c07178bbd0,true,coupon_abuse
d0de3ab0-1256-4e0d-865e-0e592eebc4fa,a01fc2e6-4b91-49c0-9d48-875bed9f8d0d,true,coupon_abuse
fb07589d-cfc8-4d03-bdc7-13db3c4fcaf8,051c5d57-8ca8-4be7-a17e-6d8848b05a3b,false,fake_account
c4f6ad44-cad7-4af3-9cce-fe5cf1d2eb0d,8822f1e6-ad70-4c03-a540-55621910f408,true,bot_purchase
846eab96-e464-4559-af87-a0e00c411563,1a571867-8009-460c-9747-b1cb226aae2c,false,coupon_abuse
e3dff500-bdb6-49b9-8597-8fce4f63cc9a,b1a1460b-ee7d-43b3-a184-ff8c80b75a98,true,fake_account
89920f27-aa74-47b8-9a25-9360da1e8ba5,45d21345-4274-487a-990e-cdde0c4e3ed2,false,fake_account
44515900-f46a-4d0b-aedd-c685aee8d08a,8d7a596e-0290-4e9a-8524-3512bf749799,false,fake_account
2930c54c-8fb9-40a6-9415-213705eb107c,7a81e3cd-9e09-4960-8b4a-ba31f79632e5,true,coupon_abuse
91d0dd5e-d27b-4666-a396-c666f6b64bdc,366f09b9-25ec-4fb1-b715-2d9b93817be7,false,bot_purchase
719af2ea-fd43-4f54-bbc2-8f7aaade102d,bb8e29f1-0f73-4289-952b-67f039e692cd,false,fake_account
3186e1a2-ccbf-47b8-b9cc-565bd54b9391,6c6c08c2-c49e-4110-bd84-3b1e6cff0105,false,bot_purchase
d4660f9d-a449-4920-a4e2-70c85d8f7fab,38d09fa7-828e-4350-aa2d-4b034253b5d1,true,none
547c51b7-d42a-428b-b006-685d9bbcc3d9,6f43fb4a-c3f3-4ce0-8dee-4d6e34c02fcb,true,bot_purchase
5beacdc4-52a3-42b2-b4f7-1a2d4b939cd4,a6974bf8-155b-4fbb-b2e5-98b4d1600598,true,bot_purchase
64e52e72-dbbc-412a-9c79-1390fa6f154f,d8221243-468b-4921-afe0-891d2dcce1e4,false,fake_account
e562d261-adfa-4393-a69d-4be5e52d75a5,d9e5e6cd-43fd-4ca5-bdec-4d8fcb60aca7,true,fake_account
a8d8df26-8d5a-4dce-beff-05c4a85474aa,0d83014e-0944-4a65-82d0-35fbffadb77b,false,fake_account
c3a4f631-bbd3-472a-9919-b32eb816a3d2,0f1ce691-bfd4-4aba-8f22-4d4a2057cd57,false,coupon_abuse
b9295e35-cf28-4628-bf58-ff9a58c72ca4,789f8124-693e-4b43-8a14-11a5cfdcbb24,true,fake_account
72966f46-2d63-4020-9928-0529ed5877ee,fffd05b5-ff45-4cf1-b364-86e75e402ef4,false,coupon_abuse
44e7a0f4-8b7a-451e-a160-1930516da554,d4b7bf45-85ea-4466-813d-7bfd7797d1da,true,coupon_abuse
78338b25-5eb8-4119-a810-1b5fa9df8240,9cc3249a-acac-4ea7-8267-584ad2fe43fa,false,fake_account
2adc6e82-433f-4a76-bbec-d31c0204a168,4addb78b-74bc-4ed4-b540-3ee919d52344,true,none
14d5bf77-ed6a-44cb-8252-2f7bcd74bde4,06b00611-fd9e-433b-97c9-e50335daac66,true,coupon_abuse
65c50460-d802-4cbb-a851-4c632c48cb06,c8088cc2-b66e-4816-bc62-a948b0e2b9e9,true,none
eb50eb15-574d-424c-b937-4239fdc60094,0a3b1270-1748-4ab0-a6e3-f85d4adb9085,true,fake_account
3c399339-726a-45d4-8c06-0905c1505dc2,110c30fc-ffc1-4338-88f0-8af16243bc50,false,bot_purchase
bf75832a-001a-46ea-beee-86f7c8e6d2c8,44476192-10ba-4aef-a61e-a28ac818bfea,false,none
f490c9e9-e0b1-4ba1-a631-52068404dbc1,d53c2fe5-f568-45d2-a97e-51fa2990cd00,false,coupon_abuse
f4468e4c-1c61-40ab-bed5-1720e47d8d8d,6311c1df-ce85-48be-8270-ba3c242bcc88,true,none
56f4c307-ca73-4549-9b6c-c40236c83fb7,26d5516d-8d7e-47be-8812-d6ea191aa410,false,coupon_abuse
a3fdb03a-d8f8-4456-a2bf-0d5739531c1f,485dd62a-2e7e-495c-8ca2-bb9a977e2e20,false,bot_purchase
c2f5d167-3b97-4ad3-a3eb-03ddaacffbd5,0d83014e-0944-4a65-82d0-35fbffadb77b,true,coupon_abuse
304196b4-a040-477e-86b3-e3e02f68264d,42f7940b-c15c-4d60-ad2f-4b33fd337eab,true,fake_account
a40292b4-59da-4dff-b46d-e77edaf60c24,ceb9ff5e-5f36-4cb4-8329-830e00062e54,false,fake_account
9c501657-c036-4267-910a-1fff0129bc4c,7ed87287-f75b-467f-a053-fd838564936f,false,bot_purchase
f8239e28-aa23-4cd0-a8c1-c53925a5a427,cb69cc20-31b5-4f6c-92fc-c8985ad41a5a,true,fake_account
9c237e71-dc8a-44bc-a990-616114f26f4b,28d031e9-7ac4-40d1-bfab-508c351ff9e0,true,fake_account
9b00ebc8-3afd-444e-a019-350ac7a93d95,c89eab57-5695-4e96-ade2-4634905ac2ed,false,fake_account
d0b962ad-9a08-4e0c-a523-3a16e4c03bf9,22869d41-b375-4d80-9846-c49f877af755,false,coupon_abuse
f0400baf-1328-4965-a3cd-ef4f0ed7b093,6f235a4b-356f-4f89-a8f6-49ce23eebba8,false,coupon_abuse
852ed939-d695-4164-9601-4b5a3f2837de,6baf3a1f-22f0-4e5a-a6fb-afe99ad8cad3,true,coupon_abuse
eecfa01d-6cb9-453d-8ca7-062a85414b52,8448f1c5-6d7c-4cee-a6d2-0eb3b5534a5e,false,bot_purchase
5855e605-5a19-4f8c-af81-930872f40468,9adbd1ac-31d2-4a59-bda9-498451b2545f,true,fake_account
f225939b-4234-42c4-b158-4ba1ebf38bfa,f276f4a7-8fb2-42a0-b6e0-ae99e36e9e4f,true,fake_account
cc6dd091-c89f-4a19-b48d-0ec1f6f9fd53,2130eefb-8e59-46b2-be99-6f46bdd98105,true,coupon_abuse
d2b73e85-96cc-423b-9bc2-19a0f1aa2ce7,b0cb2f37-1600-43f9-a682-654a30c00f23,false,coupon_abuse
888180b9-227c-4787-84aa-5f87bfcc830d,bf8ea4bd-fc34-48e3-84de-1466118cf20e,true,coupon_abuse
23e16a19-ca61-4279-9af9-ad3fac51aef5,56be7b0f-14c6-4044-a5cd-55fa0ef23e6c,true,fake_account
1f0ec68b-2a81-4434-be40-9c89523f9695,34202436-9ecb-4aa8-895c-d3b027e576aa,true,fake_account
8233b311-4a40-46f8-b72a-d61ecd205cc4,974d32cf-1f0e-4a7b-9d2f-565488707c94,true,fake_account
cc04481c-ab40-4998-9194-c3e40f2296ca,6983db59-4bee-4cb4-be09-edd325d7700a,false,bot_purchase
777d2fec-e913-4ef5-b644-b0045704bbeb,0d841090-c4df-4964-97f2-aed5f4a689e3,false,bot_purchase
44ace4b0-2f47-4f70-8199-7988c96a7009,460a1502-817d-4cd3-96ff-5eab36087b89,true,bot_purchase
a1253321-6dce-40ac-b7d7-951df5b076dd,b4d6b1ae-2c9b-4536-b43a-f2ea974bcf57,true,none
d931a6db-08ef-4f9c-ab00-36e70c9d5773,6952fafd-53e4-4282-8294-9687b37444a5,false,fake_account
67596c34-9774-4cc5-a8b4-dd2de027367c,2972a42a-8f46-43c9-b7af-0ae5c3f4e63d,false,fake_account
54078a86-48cb-4ee0-8fe5-aa0215403f0e,80f56862-0682-4676-94cf-b488d94a2b25,false,none
8f7c89ec-df28-49c1-900d-0db9a49eb916,4b968e71-cdad-4b4c-ab95-3603cb5db9c6,false,fake_account
873bc948-27a5-42eb-acbd-93f6c9ff8332,6858db2e-a566-44e2-9e90-907d6c4fa66c,false,fake_account
9dd82b53-821a-48a8-9179-955d71d6b8cd,8f6086e8-059c-4f32-b9bd-14e385a4a59c,true,bot_purchase
47275670-23a5-42dc-9089-66430d07dfd0,0f862576-00d8-4a3c-a8ec-bc44ad5f7311,true,bot_purchase
5769cf9e-be0d-401d-89dd-316894f8f6e7,72c621cc-f498-4c08-9276-4b1349799248,true,bot_purchase
809c3e90-ab0b-49b8-8c0b-71122cbccc8f,7eb8ad44-25d7-43ef-9442-5326c4376147,false,bot_purchase
d9f00587-4351-4755-9db4-8cfba1b0c4bd,a6dd95fe-e515-42c5-bef5-f27f6cd8af6e,true,bot_purchase
6a576a71-1cee-45e9-a300-9cc056a8a2ae,84617049-c8ab-4dbf-b61d-717c64231d77,true,none
58201197-fe1e-4bf9-bc39-dcdfd83070c3,2dc30dc5-8933-42aa-b3b4-5eff40e1b408,true,fake_account
90e3a4f6-0a3a-4f0e-a349-03a8f2136ecb,09beac27-f74d-4121-bb9f-ae863e238ad5,false,bot_purchase
d1d484e3-60ec-4852-a720-5d7cf7efa84b,e0a1f14a-7619-426d-a8fe-40d43955e0bf,false,none
5ac37196-5d44-4fdd-970e-c718b093094c,3632d6da-abd8-486b-976f-e23d14ad08cb,false,fake_account
9e5ae165-ba80-407d-b2b9-a6170695d4fc,3cfbff26-3d3b-4e9c-9557-0258198ea005,false,coupon_abuse
23d589be-51fb-4bd7-b35f-092587ada400,ee748349-ec73-4779-a1ae-c05b2825e0c1,false,none
15d88cb5-359d-4cf0-b2a5-527b80d7c1b2,af2f365b-3555-4f94-abb2-3d374214a085,false,fake_account
b7416ca2-b22b-4ef0-86b6-6574a48bb654,809f70d8-aeca-4363-ae95-43323adbef96,false,coupon_abuse
a57b9b10-144c-4a4d-b391-4f0e6bb2b5c6,40653e31-240b-46f1-b473-ec4125d05bfe,false,bot_purchase
a873cfcb-255f-41eb-a025-55b26beba034,04059329-cd60-41cd-bcab-40f2fd4077f0,true,coupon_abuse
f78f447d-4ec6-4404-91f9-4ddda37c35cc,0274e94a-a5e3-4add-b670-fc58c2fb8799,true,coupon_abuse
b9005fc2-e1db-4134-aa36-e4180ed2bbfa,72de66e6-467d-4d76-b17c-3e71cbc9a409,true,bot_purchase
0494a307-186c-46ac-9266-a98d3cb03221,f5e83580-528a-4b00-a37e-5b45cba20126,false,fake_account
f9d3b107-0baf-4905-90a9-bdcc824210db,b0685583-1d07-46d2-b109-151d06290b0e,false,coupon_abuse
a659aa12-b830-4cd8-af59-d20a943b61df,78607ade-e6a1-4374-94ca-11e174a623ab,false,coupon_abuse
74fb183c-175a-49fb-b82c-74eb8fc75851,321b624e-8e86-40a7-ab35-949c9f4e2fe9,true,fake_account
9a316fae-6bb4-43f9-bcd2-ca9fee5d2f1e,2972a42a-8f46-43c9-b7af-0ae5c3f4e63d,false,none
7cbe1fae-77d2-4265-94f7-41059a1aba24,3ae80ccb-da9f-412c-ac5d-299e7e9830c5,true,none
4420952a-53f6-4c71-8c61-44fed8064d7a,96f6b51f-266a-4ad1-9e74-cafbd104dfdc,true,coupon_abuse
f0dc7571-9a0c-466a-93de-57297f582786,2fecd84f-333f-4a0d-ade1-d41ba6fc10a1,false,bot_purchase
0e69fbc3-c3f4-4e3d-a930-85bc9a2d86bb,7d0a8a6d-8b3c-410e-aa41-9528081746c9,true,fake_account
cf0746dd-f458-4444-93ff-d0372c830b79,9e617ede-e95b-4a34-9601-3e3191689514,false,coupon_abuse
cfe3c346-0196-4c4a-823d-9b94c59ed30b,f859b5de-3704-49f2-8725-404b68a7c32d,false,none
3831ed3c-568f-47e8-b05f-864a28f6e04f,743ee155-9189-4c6c-9754-04a6370b345a,false,bot_purchase
ce8838d1-98eb-4fe0-a495-3e21e4beed8f,bda8dd5e-8603-4dbd-b1ab-4da71ce7c61d,false,none
b4e26a90-7716-4f7c-803c-cb51e2f5efb8,6627f1ea-0ae6-4461-b225-a97d0d91957d,true,coupon_abuse
10106374-2f6c-4782-80d9-4026a124aa43,d46e2b89-4633-4083-858c-024394a66ba5,true,bot_purchase
fc3ba36d-0b00-4611-bf6a-c3b2c5c75664,a3cdd4b2-aab4-4f04-81dc-09210ee9d60e,false,none
9ef5fd64-b46f-4b09-b9e7-c3dd5d462103,410737e1-fe6c-492d-8f15-299a11c62c70,true,bot_purchase
b421b21c-9d8b-4497-a104-714006f7ec1a,a1fb08a9-f6a1-46bb-93f6-2f69721c2ab1,false,bot_purchase
2455cdb7-d7c5-4827-bfb7-4a7b3eac181e,3a449d56-c3ff-4288-b23c-0e65d88d90ec,false,none
344360e3-6317-4c8c-bcab-5723c342199a,373292d5-da88-4081-866f-25abba7e9ae2,false,coupon_abuse
3e249521-53d2-441d-bbb2-97c4e7f94b78,014b159d-ec3a-472a-914f-817d852ef3ee,true,fake_account
4b1c5d9a-4c58-43aa-b84d-5ddcd1f9d62a,846df700-4fb1-43c3-ab8c-d02e260c9f6d,false,coupon_abuse
25e649e7-608f-4ef6-915e-1264432a1693,5929d41e-fedf-4772-9229-e1334fd520d5,true,bot_purchase
70b3efc6-c3dd-4ce1-b02f-e25f79610159,c3bce813-5bca-4e13-adf0-7280217b9baa,true,fake_account
080bb77f-a83e-4e57-be43-f6b7db6882d9,93b69888-06d0-495d-9d1a-121ef984deb8,false,fake_account
d5c24076-ee93-4ed0-ae01-357d67ceaa5a,e03e7438-e3b5-4220-bdd8-d158bafd7d3c,false,coupon_abuse
de642b40-f1d5-437f-bbdd-70493c072bb5,029ac5a6-64f2-4b69-8c5e-216088d535bd,true,none
a8419c5a-08fe-4b33-b708-701fa3ee2b52,1bda41ed-e22d-4cf5-8f45-e94af7ce9211,false,fake_account
df247021-29ea-4770-a479-fcb6d172b50a,da7e1222-dda6-4821-abce-28e12c1d776b,true,fake_account
87cc2d19-ca92-4072-a54c-193b3a7a9cc2,857b8440-6762-43ff-b806-45f786c941c2,false,none
7c3d4260-1757-4a99-abb3-1b8049f5ef0c,33967dfc-1660-4f48-bf73-7941f0b98aa8,false,fake_account
a04ce13e-011a-4ec2-b391-0df6aa87c419,065e28fb-d814-4832-9099-721cc4dce960,false,fake_account
8731cc9e-ac76-462b-aab3-5a945a64ef30,f276f4a7-8fb2-42a0-b6e0-ae99e36e9e4f,true,fake_account
7c32a4ad-5989-48a6-949a-b6856059c594,f0936099-b90f-4abe-a7bf-0c10650e8f01,true,bot_purchase
5f72a9a2-0cba-4f70-a53e-61d4fb3bec8a,f8a5973b-bb1f-49fc-a76c-ea30036b4ce9,true,bot_purchase
1ef55777-7f57-4fc1-a0f7-97790ad08970,8b9ada88-aa56-4b15-b937-4ef3b31252aa,false,fake_account
0c905a57-4236-4e23-b0e6-23a27a2b8e5a,b8961c44-0827-4483-b0ed-45940f0a7b74,true,coupon_abuse
4905aa9d-079f-466d-a184-a2fe7b9b0ce6,0623ab5d-b0c9-4846-872e-32653864c4da,false,coupon_abuse
69ff552d-7dfa-4b6e-bb21-9edfbe5ec016,ec0ea995-31bb-42fc-b4f0-c5fa93c14d90,true,coupon_abuse
76b458df-a7c1-42c1-a665-1c9444f6bfb6,7eb8ad44-25d7-43ef-9442-5326c4376147,true,coupon_abuse
e49c271d-a95d-4d10-a342-ba9da8505023,b1f8e935-04ce-4294-91f1-a3616c23595d,false,bot_purchase
2737fbb7-4998-4c9f-b113-7fcdbcbf20bd,e5726ae6-c8aa-45c4-967e-d06f02a89e1c,false,none
b95bc692-c6fd-4578-a6d4-f218a8da1970,6a7b8da2-239b-4ece-b4cf-1d03e55302cc,false,bot_purchase
bd9e2d27-a9e0-4602-8045-b7cbe099c15b,10747a34-efc9-40e9-9571-baeba0ff0e14,false,none
4572aa24-973c-411d-acdb-56ff4537ff79,6e1d6cc8-85b3-4089-ac67-c6e0d1995d2f,true,coupon_abuse
79573a29-af42-4b4f-9941-8e7dfccd4013,19f21bf9-b3d0-499f-9f64-4b76e94cbf32,false,bot_purchase
5ebfc09c-8903-4bf1-a401-d81365125d72,30fdc3f6-d3e9-42cf-9ad0-00f4767388a0,false,bot_purchase
6e83834f-1633-46c2-af8e-655e80239ed0,97aeea04-b631-44a5-a155-93f3e59b27e0,true,none
2f22af78-392c-453f-8d1e-5633a8f30811,ceb9bf88-e582-4fe1-9935-4811d276661d,false,coupon_abuse
2ff832b6-2349-42fd-a9d9-294f03b3d276,b34c76bb-9c5e-4c9f-964f-4bd48d36ef14,true,fake_account
6f3c6aa7-5c61-48cf-a7fd-9187a4e635f6,8caac99e-acc4-40f9-b30b-bcfc2a75f100,false,coupon_abuse
b8dcfdfe-c677-4008-82f1-768baba0b285,e69e1713-cd69-4a44-bf21-c1eae5571b3d,false,coupon_abuse
6de3c9e5-3495-4f51-9d28-c114da2f04e9,0345cb05-2964-4ac6-be31-92cb9f746083,false,coupon_abuse
83c9fc09-bb99-485b-ba10-4df3eb5aded6,6c2b8015-8b4c-406a-a981-96592c85bb54,false,fake_account
d7a131b0-6a5a-4822-8ef0-5d8c5f259b55,93b94a0d-3f4d-4002-a2ef-41619f254a89,true,coupon_abuse
0937976e-713a-498c-a84b-06af82fdb3c8,0b2ae370-2caf-4dfa-9ebe-ae16a49cafc4,false,none
fb75a98d-0eed-4142-9591-bea127832b06,ae68fdf1-9a29-4125-b41e-ef0f8843aa56,false,coupon_abuse
1427039c-cc14-42b6-9e75-48eaf4f466ce,e88e5c17-38a5-48c5-8595-b204020f64ab,true,bot_purchase
7476e904-00e8-4379-9619-d81b76aae5ef,f51379d8-7efb-421d-9151-5cfd6e36e05c,true,coupon_abuse
250eeb4d-833f-4a37-bfe5-47ee660c98ec,559e6ae2-3f53-4034-8ba8-546b38ab2000,true,fake_account
7258359f-9ced-4d26-911e-c79c0895de13,39bcf2d4-f8a4-4c33-b0ef-b7f31092575b,true,coupon_abuse
830102ea-0b34-4b7c-b773-3e919367e7b5,0bdf289c-3d1d-4abb-904c-2080c926eb37,true,none
c003fdaf-8b1e-4f1d-bfbc-fdc1f3b7ebf2,2fddb9fc-4de5-4a77-b6bb-cf30a4e56213,true,none
1a0444f8-d02b-4aab-afef-06b3fd20a00e,fb63c570-04c5-4931-a450-4e25acf65e6c,true,coupon_abuse
63f64e63-7bd2-41c7-8edc-d10cf1712c2a,dff8153b-780f-433e-972a-049ac807d7a4,false,fake_account
8d7c736c-0c40-40b4-abce-aa6b436d1062,8e137c98-5129-4d09-82c5-bb4558823dbc,false,coupon_abuse
97f200a8-7712-4cfc-a0ff-9b0b259ba01d,acc86ad4-941c-47d9-8cba-c5be60f795eb,true,coupon_abuse
9e2b35f2-6f77-4b88-be78-cbb8062b45d0,09c10f0f-dd5c-4c2b-bee5-193186263848,false,coupon_abuse
17b1d9cc-b147-4398-a0ed-d210266a48b2,85f03f58-e36b-4c64-ad2c-f534d1c8a754,false,coupon_abuse
b4b7adbc-1971-4bd0-9082-7957886b0be6,acc86ad4-941c-47d9-8cba-c5be60f795eb,true,bot_purchase
bf6a9004-5338-4a77-adee-7db8c1f06447,fe76bf8e-e767-4086-b7bb-aa9189ba6ffe,true,fake_account
cc680c6c-1e71-4550-91ad-c9ce1c11c408,2e56122d-87f1-4f69-b9ed-8f4cf0105ee8,true,fake_account
0bb0ec47-0868-49ec-bda6-d0948ef86596,b2ac6983-f2c9-4ae1-96d5-295f080d70f1,true,coupon_abuse
860e343d-9347-4e42-9846-4229719acf5c,bcc466ce-f9a1-4bd6-a3be-31ea45c6701b,false,coupon_abuse
bea40874-d3f8-4972-a6fb-a590eba731e7,63b27dcf-4914-4219-8c49-05a98bbde58d,true,none
47c62c32-13e9-4740-bb03-78be92e83cd6,65c36c39-89ec-4c53-aa3b-e0b04d1ec247,false,none
6382e962-05da-4f02-bdb9-3930d568914f,dfea2dde-f473-44b5-b51a-18bd7817cf9a,true,fake_account
9c7594d2-1738-4ed3-b841-42c8748c4cb9,ad55669a-506b-4b65-aaf3-f49bdc0ba1ef,false,fake_account
aab5fd4c-0e95-4deb-8723-2fcb393f22c2,c4192b13-40af-4f24-8258-63a15d875a4d,true,none
cbc02b65-8e43-48e2-acd8-1afd4f3abd8f,c9ec9d4d-edb9-4e48-bb3a-eb35bbcc3db9,true,bot_purchase
96fff3f3-64d8-4d8d-ab0d-4033254c38b5,5fa8e4a8-59f4-463f-9f5a-8da5459e1bd4,true,bot_purchase
73019310-cebb-4f0f-9364-bcbaa5ee1988,19b72645-29d9-4645-9602-eaec731933d9,false,fake_account
8bd9d9cd-5ee5-4960-88e5-22f676495767,ec5b64d0-b560-4960-8ee5-b39f029bef86,false,fake_account
64ba14c1-a52f-4467-9217-e2f0fc44f8f9,51cf0510-2441-4507-a8be-b24d2c58a023,true,fake_account
3de9f247-33c8-4a8b-9365-2ab0af36510e,e7abf9a3-eee2-4d66-8380-0af9ba22183c,true,fake_account
93a9a2e6-62f4-4356-8d40-6383de3e28bc,814e3f58-0a63-4b53-9188-7e49b3b4531e,false,bot_purchase
fc2899d6-53b2-4349-aa36-6158ac97db03,5cb68d32-a168-4ddf-abbb-8ddb5529433d,false,coupon_abuse
f3e3d7b3-0900-4e7d-9df5-1294339f6381,e31ca335-326d-4ec8-9246-bb3959d07d20,false,bot_purchase
bc685956-4901-433f-bac2-afcbb5cad8e8,d80bec76-aef5-417e-aee7-bfec0862df5a,true,bot_purchase
17e7e57f-7b35-49bf-b1e3-b1f26e28aed6,ec53c941-d0f6-4abc-8391-cf4fa34f4f4f,false,bot_purchase
9e1ae392-ff55-49c6-9dff-bfb6ca4f1a29,68c7367f-8906-437a-93c8-d262c1b2c4bd,true,bot_purchase
fb428659-3c65-475a-a90d-119a24700b13,22e8bdd7-89a2-47a8-9fef-b0b96dee3e5b,true,coupon_abuse
517b04f8-a809-44a2-b325-ab970eeffbd2,3aefc1d6-539b-43df-a824-8ff8dee1e97b,false,none
177167b2-5bc6-4200-a3af-208403892724,396d2052-79a4-4e74-a597-ec49e96c4c09,true,fake_account
d630d679-e478-4226-b6bc-19d8490487c7,5e6c213e-7d98-416b-b7c7-c693a06ab758,false,bot_purchase
c7cd55d5-9908-4ca2-9bda-bfce286d66dd,c14cf368-5b8e-4e5d-a505-0ef6391799ac,true,coupon_abuse
0ee58bf5-abc0-4994-b4ad-40bfd163c7ca,6d6c87ab-39b2-4203-9fbd-1e4ed176d524,true,fake_account
de33ac7a-eafc-4a25-825b-da8f6c039d54,826a89c4-1093-42c3-9bc0-de2e309b41da,false,none
23ccf0d4-2cb5-4b67-8106-af8dbdd973c0,2c9842e4-6c08-475f-90bb-25eb1e01073e,true,coupon_abuse
4a83f8d3-b4e6-4546-9150-6cba9a65fb74,70c968b0-ce8e-47cb-a61f-a0c93bb222e4,false,bot_purchase
8b8ed916-4552-45e0-838c-952443d9109a,d96dac8c-a12d-4e74-bfbb-dc53dac1d0e3,false,none
935dcfc6-182e-4f43-94b7-e67c89f9384d,151090d8-a1e4-4d42-bcb9-e5d31ff940f8,false,bot_purchase
72e31663-4a93-4f59-b101-3fe8ea4268a4,5bc985ed-bc2b-4acd-a930-38bb5dab18ec,false,bot_purchase
03d9f67b-7283-4732-92ef-75e65fcfd2af,fc7e48e8-48c1-4578-abc7-6aae56acdb48,false,none
61c7d747-e805-4ca6-9dba-979c4f6e04f4,52fd1219-729c-4b9f-bacb-d90e49e90209,true,coupon_abuse
2d95a3a7-6862-4706-b3a1-044d35fc2571,cb8d384f-a534-47c8-ad3d-8e66df1cdb56,true,fake_account
d7ef4be7-2377-4559-babb-86770907277d,a0fd1507-a86f-463c-a82e-4ae140ba439b,false,coupon_abuse
68a6e93a-afbe-4d88-8ac4-a9692b6fac44,62673934-2c69-4636-9bb4-856bdc2fe24b,false,fake_account
5bb3d4e8-68c8-489c-8966-8a910f38625c,6cb803df-c506-4042-9290-42f4c1ee209e,true,none
ac7d5879-4ca1-4134-bdac-d756ffe24675,3abd2400-59f8-4d26-a5dd-a6570ae2abac,false,fake_account
347f1132-7932-40ad-a48d-76f873111c79,0c54e754-fcae-4b62-b092-9d19cd606b86,true,bot_purchase
0724e650-fe40-4b76-9c0d-c4330d2a69d9,33f9dcb8-5fe4-4100-9bb7-3f92f782d8a6,true,bot_purchase
484ec0ad-890d-4b03-a24c-a0519a622ebe,d63fce4c-85f6-4aeb-8803-5b18ba64ccf2,true,bot_purchase
1593b6b0-6505-4e1e-9dc9-6eb7861c0e42,312810c5-6732-413a-8bb6-c4234a13affe,false,fake_account
3a1cbeb2-92fe-45cb-8a86-3a27bafe04e6,78aef7d5-deb7-4490-9129-a70535492e41,true,coupon_abuse
dc48fd1f-3894-44bd-b7ac-75a8a40d9e17,70320519-3f18-438b-b1ac-2c41d236327e,true,fake_account
7d7bc736-f859-4687-b963-244afeedff3e,eea77294-e30c-4e7a-923e-47abc8881180,false,fake_account
492346bb-2cd1-4257-bdd1-4e9ab994de6f,9ceb835c-e3a4-4036-ab8d-94cd3fe07874,false,fake_account
52d8d0c3-124a-4874-8509-551c9c599f3d,d48b48d2-22f1-4c22-b604-216822a502cf,true,coupon_abuse
994bfd67-3a65-4681-8fb6-e65870eb99f6,7af0edff-5f93-48d6-852c-001011227ba3,false,bot_purchase
2905afba-2611-4e97-a7ef-29c49d440b05,d0011fe2-8436-4965-8695-9b6b75488545,true,none
e3f2db4d-e63d-4dbf-b639-93a44ba54115,8a2d2f98-f8ef-4a69-93fc-50a247a98f96,false,none
3bb93c9a-d3fb-4936-b24d-f9c1f1051e1d,ae61eaaa-128c-4343-880b-90b8335887cf,false,coupon_abuse
7ceee592-83b4-41bc-b579-d2a98cecf669,8f34d3fa-ebd6-4f41-bb3e-bb054e86a636,false,bot_purchase
b86b10d9-04d6-45ee-8c9a-65e0519d4748,58dec905-dceb-4265-8d0a-a756e546ae73,false,none
fb08a1db-7d9b-4c6d-92a9-04f022392d03,f1eb7586-52d5-4cff-93a6-bdd93bfc8b90,false,bot_purchase
f54c302e-f423-4241-97fc-7dd2c936bc3b,277482e9-c494-4361-8735-9f30ce1e44d5,true,coupon_abuse
533ae43b-7d0a-444d-9b8c-5b2f5b209488,c2ddd18e-d6cf-4be3-8f60-4ac641402d06,true,fake_account
eb6db72e-37a7-4180-8b84-a62787590e0c,7ed484b4-5621-4afc-ad94-e2788d6cb014,true,fake_account
a2bcc25e-d89a-4c7b-9d66-5a80a3e781ff,07fccd09-2ca6-499c-b5b9-9ac68ed8910b,true,none
b8d908e5-e95d-41d3-8043-59ea7f300b9b,c7254275-540c-47ea-86e9-c6e45c6e3980,false,coupon_abuse
47e083b1-93e6-4fdb-9599-95879cd6baf8,d972b5b7-e307-47c5-be97-4a70a5f9d16a,false,coupon_abuse
7c8f466c-9750-4e49-92ff-0d7194e9db98,e5165f58-2b19-4582-8a04-96fe730c8ba5,false,bot_purchase
da8ab944-08d2-4705-8222-fa83ac9de7c5,f627192b-9fb1-46ba-b031-e68d6df602e7,false,fake_account
bcf93556-1cf6-4329-aeb7-920e7952cd2c,9027f2ea-62d9-464d-a85d-70f4be5a603a,true,fake_account
2be202de-cc3b-42b4-8c8e-d5533840a17f,51f8952f-c53f-4fe4-b8b8-cb996a3a5484,false,fake_account
79a0e634-2e30-491d-a182-093b60dffc99,e7bb0968-35b7-4eb0-bd0e-02fe7ef24747,true,fake_account
c36f3113-71ea-4cb6-aaa9-7d21b24ccea9,caecbb1f-0bfe-49d7-a606-1b22034a8217,false,coupon_abuse
bfaa63b0-bed9-4a33-a424-322b92490e64,bcc2b62d-6e58-49d3-9620-68feb235d631,true,bot_purchase
0ce201df-abfd-4a03-b696-581b0c7a54be,1d03fbc1-743b-437a-9550-be018347118e,true,bot_purchase
9c1c1240-6057-4e34-9f3b-fb0b7c117ed8,bfe22cb5-d7cf-4642-9e0d-5dcfad98eecf,false,none
065f3d8d-6464-47d2-949d-fdee6a548d0a,4e57e798-3e3b-4e14-ba9f-1067c10219a5,false,fake_account
5e8e0f17-7e78-4596-81e8-e69180656993,9e9a73e5-7de5-417a-b0ae-5f83314b76d4,false,bot_purchase
1118f97e-ce77-47b5-9a21-2348ac987a08,6eb1783f-337d-402b-b49f-a203bcb979be,false,fake_account
ec5bcebb-3781-4c8c-b1cc-bff66d030ba4,35942772-324b-43af-84a5-bd0bf55aa733,true,fake_account
6b50ec83-4fcd-45be-bb3a-f99582b8a1c8,bd730965-fe47-44ad-a122-f704a0c31133,false,none
6d3d46e8-8407-41b5-8dec-1148dab86a13,db273fea-c4e2-43d6-97eb-c16fdec56b09,false,coupon_abuse
b10e0f9a-5dba-4c2c-bf53-1c26da4b0b50,fe454b24-f59e-4074-9e6e-2fc02b35b508,false,bot_purchase
9b2ac51b-4673-448e-9d1a-b41e20b3a7ca,ec53c941-d0f6-4abc-8391-cf4fa34f4f4f,false,coupon_abuse
71aa2bb3-46c4-46b0-9a25-0cd8469f5c01,2c2f2584-ce76-4d07-81a9-ef90d280ecba,false,coupon_abuse
f07f9402-fd1b-45f4-9e1d-471a65c8da92,cf0c4833-b63f-4953-ac8a-71ab3a4ac16a,true,none
4794d521-9c1b-4f97-bfff-500a18c9ddad,d601f717-fb18-4d43-b6ec-9b4366d6aab7,false,bot_purchase
ea58b0c1-19e6-4c80-b8d9-1c5288a4c620,44bb2151-5b86-4462-b444-0be462eb24f5,true,fake_account
55c4ce71-f154-45d4-bdbb-d134eb321e40,9e758a27-215b-45b1-88a7-447875014676,true,none
b0b5b1a3-d785-477e-b720-854fea9c072b,3400219d-65a9-4efe-9b60-3fadad6577e2,false,none
6b6d94e3-16a5-4ea5-9667-42b1532756d9,1bd2ec07-2b7d-4973-8701-e73040e5a57f,false,coupon_abuse
274955c9-b711-4620-b8df-bf84d092216e,c11effe8-9197-4ade-b334-fd4d715a43e9,true,bot_purchase
3fea7886-4663-4646-a607-c8582819b647,2ee0a191-bcae-4e5b-97af-a06e9cd1f636,false,none
03c82044-12ad-4d7c-8792-f84225bed532,6264a426-8184-4092-b4e2-4739d5f561ef,true,none
77d4e212-834b-4cad-8f96-9beb64cbeaa5,05e40121-58ed-4ca4-b45c-956ebc82f082,true,none
af0ae672-9efb-41c3-bf24-15c27987584d,e00b40c6-808a-4e70-86d3-f2cc47ab1bbc,false,none
7602db16-469d-4f8a-8cf5-481477d481fe,6ef704cf-56bf-482d-878d-110d67d2ecd3,true,bot_purchase
1b09237a-9b1d-41cb-a7e0-c7bc5c922fbf,f8e11f99-95d6-40ac-b9fe-7c0b00a195c4,false,bot_purchase
67c189fd-7ca8-4687-812b-d75cea7daa50,913c4919-c906-4106-b1f3-e6ff8fb5c36c,false,fake_account
a0e3b489-00d6-4b21-8e5a-6e93d098570c,88c435cd-8150-4ced-ab70-89e5f3fb6bb3,true,bot_purchase
25abb3be-2408-46bc-9911-9c75157ba0dd,b20b2444-c648-4ecf-846d-ac3daa8e8f20,false,none
4515c10f-6c90-4062-b2e9-92f1d968ee20,c40dcf9a-cef0-4b04-8956-cef4caacb6f2,false,fake_account
aabdfbe4-5602-48df-9ebd-3912fe56af52,5e90d102-2184-44cc-b149-97e64f856680,false,fake_account
ca8136d5-849d-4999-8eeb-4d77f7802e14,53512c50-7d5a-4ac1-82bb-7f4aba099793,false,bot_purchase
f22a790b-11ae-468d-a11d-46600524cd22,3e31826f-f0ee-4c99-83dc-7cd4021f632c,true,coupon_abuse
969f457f-5619-4a71-8e6a-a98d29766435,51343d24-8dd0-4415-b92f-fd2c413d3e09,true,fake_account
d3143bba-c6ed-441a-a4c3-cb4ffd71ec0c,a3d425db-0cb7-4c68-b996-d850786aaf05,false,none
536aa089-0ee1-4b8e-a556-addde4f5bb33,80b11134-85dc-4f39-b1ac-6aba0d690664,true,none
e357d869-e330-4151-899d-c955778833f1,91d285db-6ece-47ae-acae-1152d6d96639,false,none
d42bb240-e145-4e57-9d59-c2658711b5a9,2996a9f3-9f3d-49cc-985a-8f7dbc4923fc,false,fake_account
422c3010-2518-4f8c-b7fd-a7873f84bf09,9adbd1ac-31d2-4a59-bda9-498451b2545f,true,coupon_abuse
31e1b2fb-e4f4-455e-966e-d546f82ef2ad,54ad0323-9a4e-4ac8-b100-304f82e36b39,false,none
408ead8e-ead3-46e4-a05f-d5b437793921,5424a522-a77c-4ecd-a718-62498f94d0bb,false,bot_purchase
7b8f01c6-83ac-44c0-a4bf-83f8260be2f3,05833fa4-a2d4-4072-9577-926c3cb35bfc,true,none
3d256f8f-f16a-4baa-8755-2b811cf009c7,d2b15d27-99f8-44a1-96b9-c1dfcd2040ec,false,fake_account
652b2ec1-c86e-456a-a560-7f71686cf40d,ee7104e6-5389-4f03-b7bb-ffcab8152cad,true,bot_purchase
5b157377-28c6-441c-abe3-3ebbfeaf481a,176ef866-eab2-45f8-aa6c-fc43fad8eb3c,false,coupon_abuse
78b8d486-5933-4a7e-a38d-0cb810afe8e1,ee6cf25c-4d9f-40ff-a159-0fbed64d08bc,false,bot_purchase
ef7ac69b-213c-4ff5-85d1-51b87869588c,50ae2a9a-a1ba-4e4c-9c5a-626cfa7dce93,false,none
03d9be1d-1ae9-4b73-8256-b9510d4093a6,9e6fbeac-da60-422f-9063-2bbd988541b3,true,fake_account
cef898cb-456b-4da7-9c55-b08ef6c37037,2ca88dd8-e7cf-4d61-8cf2-b4aec9f20715,true,none
03e03856-3452-4400-80b8-7233a369bd2f,8086e7c1-2243-40db-91e2-46c2eecc7b5b,false,fake_account
3d1d6b86-f585-4a7a-97b1-21b0df203378,c7070ec5-3e64-45ea-8a5d-94fef976c2df,true,fake_account
a833cf15-b2d8-48e1-aeb8-725ba7379d52,afde0223-e1a2-4af7-839f-5749aae6575c,false,bot_purchase
d11c56fa-572b-466b-bbdf-543ec2e090b7,f2aebb3a-b38b-4730-b2f5-fc0efcae864c,false,fake_account
226d9ff2-8b63-458e-86da-90481e594411,d2a2db8e-4c02-4d69-95c7-bb088304ac9e,false,coupon_abuse
3b663219-25cc-4c1b-8a65-00d4f76db01a,de199945-8f28-466b-8b2f-2acf0350c1f1,true,fake_account
a16053c7-6677-437b-a989-4c607e7911b2,60589bc7-0bec-4e9a-a198-f7d2edc33c9e,false,fake_account
a77d5a5f-d96e-4ac5-a735-5aa1bdcf0261,024fddd0-0cee-44c1-b185-57cd5a5697b2,true,coupon_abuse
c87acdc4-52c8-491e-bf42-59b5541cf5e5,e26d30aa-d81b-4861-af5e-1a2178042e99,true,coupon_abuse
ffcd0963-0de5-4973-8a9a-585d4e08d7fc,fc869c07-cbdd-4e18-9d4c-827169974fd5,true,bot_purchase
d4681d87-0abf-41c6-bd9d-103d281e7c75,70831637-6743-4182-8aed-2e299f14f73f,true,bot_purchase
02ef550a-d11c-4201-9dee-8432c1a7232b,5226b4c4-cb28-4794-993f-2a7cb87cf8ab,false,coupon_abuse
b6cb16dc-9ba2-48bb-8efd-da1fdd0d8f8c,ead12278-7134-41d5-9123-7e3fc2153561,true,coupon_abuse
ca25e5fe-dc33-4655-b225-a7d1b1b93157,9e3eaf02-d03d-495a-9aa0-e93a6263128b,false,coupon_abuse
e5b1398b-d56a-4e00-b778-5586dbaa07c3,3f719ace-69b4-4b59-b42f-438283374a7e,true,coupon_abuse
47914654-2a72-4daa-9e52-d8e8333eb71d,3120cefb-d2be-439c-a84b-a5b49fd8e386,true,bot_purchase
092b35f7-c38a-42d3-8ba0-dd9102fcdd97,41836cfa-ffff-42f5-b322-5892555b1bfe,false,bot_purchase
bbaf0445-83e4-4d35-a686-80cbde7a809e,a5d1f549-6171-432f-8560-c9404cd1151c,false,coupon_abuse
c41c6444-ec11-4299-a0c2-0e91a5c9a0bb,f7c7e74c-9858-4949-84a6-cb260b2519c1,false,coupon_abuse
7708ab2f-22e1-4b72-a2a0-f3641986c59f,b1669258-a426-4278-8966-e4aa527e785c,true,bot_purchase
35093259-76a1-466d-a6f8-532ff8aa54d3,a7004e45-b5ee-4898-b312-b56086a17509,false,fake_account
a196ef2e-9201-41cb-9c1a-249b7b55275f,75dd7873-55b8-4cba-861c-72595f2f773e,false,bot_purchase
6c2a7bc8-0a7a-479a-af91-cdc6d1216e9d,a9786138-a270-433b-9aab-8990605e0d45,true,bot_purchase
c8893389-7cd2-4921-a9a3-1623be37fe2b,f66950d5-ff77-4d59-b9fd-79fb26c5624d,true,fake_account
34e6ba1b-56d1-436b-a257-04073918a785,1547d215-a21a-422a-b44e-f5f85becea87,true,fake_account
80af415a-4868-4a41-80f5-aecd00f3ee86,edf475ba-3beb-4218-9987-40d31f5654dd,true,none
70f98925-2657-4f16-8677-8fa49b861b43,f6cb7d78-fe8e-46e4-95ba-8ab38e7975f0,false,fake_account
4949a1b0-bc2b-4b6c-bc4f-dcd7994ce60a,f5d029df-4e70-4ca3-b808-84bcaa303ca8,true,coupon_abuse
75934693-53b1-4c36-9990-115bd70bf92b,2f45d4e1-948c-4dc2-adee-ae7d5949d94e,false,coupon_abuse
e99016ac-a0d0-4985-8733-f685fd3e74eb,a1f9cc9a-f0fa-4b8f-9fbd-6bcefde77446,false,none
b49d2d2d-0742-463b-9667-05065d9a3c1c,356d7c14-f23b-44ef-b186-6f8dd6a4bf7b,true,bot_purchase
8f272e78-7b77-4b1c-90d1-ad4b0e0a02cd,e0cdd4b1-3fe3-4170-95ea-754fb33fbe11,true,none
7dde8932-5cb5-4d17-9eeb-9827fa920da8,1b9d38eb-2870-4197-b9e3-ec3129f7e12b,true,none
4553ce3b-74c1-48fd-9647-65b488fd1c49,656cb592-c287-4aa6-a450-48cce9426027,false,none
80273be9-5aef-42eb-892c-60b369c3a8c6,43716ea4-3177-4010-bfda-679edc70b707,false,fake_account
268060ee-0275-4a4c-b3a2-3e4123504479,cd8033c5-e3a2-4226-af96-f2a3a3dac9d8,true,coupon_abuse
ea3bcd4c-38e5-4f4f-b02a-57cda85d683d,1ab48d82-24b3-428c-9621-d08771c122cd,true,bot_purchase
d46f0350-26ac-4d56-b9bd-0e16a3e0222b,3290de45-c139-4890-b411-2948cc45aad0,false,bot_purchase
beaacbae-6e50-4cdb-b506-0d87da25c83a,ec0ea995-31bb-42fc-b4f0-c5fa93c14d90,false,none
0333b20d-0b6a-4837-8b06-44f68ca498b1,4353ce5b-4722-4309-801f-da659679539d,true,coupon_abuse
ae6b203c-284d-4e6e-9157-f1e481f8a072,4e7e0513-3b53-4176-94dd-b07943383621,false,fake_account
bc866031-70c2-428c-922a-25556f1f3c74,c24b21a4-a885-4cd3-a057-e33dc0e8f3c5,false,none
8b6876a5-fe6a-4c92-96c5-78761b189e9b,a2014393-c386-47dd-9ec0-1b37298232b3,false,none
40fae3ce-1ee5-4d51-a3a4-095568b74a86,3632d6da-abd8-486b-976f-e23d14ad08cb,false,fake_account
0207b3b2-6d97-4d56-bd74-445e1ead6f50,b2087c31-063e-46fb-977f-4cd2181dc467,false,bot_purchase
07cd806f-4bf3-4fce-a25a-419e4c769a95,1d92228f-57bb-4e51-8151-e5f6aa71ec14,false,none
dd645f80-131b-4361-b7ac-54ad101014b1,f9607398-2116-4016-a935-19f5e514bf92,false,fake_account
5e789b63-f33f-4ed0-ac60-3f9d5731e140,d96dac8c-a12d-4e74-bfbb-dc53dac1d0e3,true,fake_account
7b7bbf31-23e9-4dd9-96d4-e28c15fef859,25683e41-363e-4914-bede-d2511a942904,false,fake_account
d2aaae58-408b-45b4-b633-f66d0d2969b2,04dd48b1-8378-4310-9bdc-6123532c3344,true,bot_purchase
2919ddf1-8ac2-4bd5-89c0-7e8a42dd7ee4,2b52792e-29f3-4f0d-9c0f-f0a17d9eec0b,true,coupon_abuse
1e20d620-7adf-4925-aa56-51dd4613d641,95db0928-5a43-42d3-a794-a70c64907e0e,true,fake_account
f8f6ed2a-b7c0-465e-a729-448d6bf99b46,bcbb61b3-a1d5-489a-9bfb-02f2e173b1f9,true,fake_account
44aea73e-7ac9-471e-9d41-3387d8fc170f,a19350cf-908f-4f52-a5ce-921522a5eab9,false,none
4e8c7006-0683-4380-8b3f-249d021ce75b,677bc8ea-eef3-4fad-9260-492a2d9289ff,false,fake_account
c109e735-8d7d-4e0c-82d9-0003e4693223,c1c2c3e8-a32c-4dd1-9021-da20dcd5fbe8,true,coupon_abuse
5adbf81d-f439-4d1d-8647-4257b4e24ac7,986c3752-cbc7-4ac4-b744-ca0fc2458431,true,coupon_abuse
c7da08eb-a34f-41fe-b69d-2c1415ce7b86,ce712c1a-5c04-4e6e-bff7-e58cc537937e,false,bot_purchase
6f42d00f-9324-4c1c-912c-3a7c866324e1,3f9ee1f8-462f-4ba4-80e7-55790ce58b2c,false,fake_account
bcfc71e9-0e1b-4134-a745-b55facc5f80e,a8f1a406-f5c2-47c7-9687-700421ef74b0,true,bot_purchase
89e59254-04fa-4123-8900-ae4fb6a26cfb,8a2b3af1-3326-443a-a052-486822bbb565,true,fake_account
1033dc02-41f1-4519-bfd4-cd05ff007829,f514dd58-232c-4228-b441-c02c7fe4e26a,true,coupon_abuse
2aecd0be-f662-4833-aa2c-942a1c39ed45,bdb13734-f6d5-4b56-bce6-9b350d10c38b,false,none
1a7a1637-6668-40f0-afc5-09cefc00a441,e8bbd4b6-c875-4ed1-b2b2-aca7a7c802e6,false,coupon_abuse
61a7560b-315c-452d-8fb8-680f1f92b094,f08a1836-86ae-478d-be6e-8a8b34f2fed1,true,coupon_abuse
e17eb2cb-a8b0-4abd-b65d-0829274cca2a,285bf61e-247d-44cc-b71a-2dd2551a867d,false,coupon_abuse
88d0ce61-cb8b-47a6-9953-fb976136c6a0,e0a1f3f8-6ab9-495d-98c0-0d4f2fd49863,false,bot_purchase
a7713b52-bb03-4e2e-b24f-4cc4947e661b,e268dca3-8bd9-436a-9085-9cc723983eab,true,none
ebec9132-6929-4f93-9bce-74cfe0919fcf,33fd8cee-6ad7-43bf-b63c-6475ec2c7e54,false,fake_account
61135dff-4816-4a1d-9cb1-7b04241bdc75,6f9350aa-2b97-439c-bebc-56a85955caa5,false,fake_account
ff6dd377-cd55-41a2-acc4-f7457ed5fbf8,443d5d0e-f571-49fc-a8e4-b0b82649362f,false,bot_purchase
c234e79e-107c-41c0-91c7-1f63a124badc,a9fa3bdf-dc95-4265-a3be-890f5c22e055,false,none
0980de56-69d1-4f2e-aba5-803642a9e5b5,62a90e6a-6b10-4168-a62f-7a6b6a34c88f,true,none
0a8b179b-7490-4011-9d57-d237f3b52fd9,9bdcf48c-0f59-404b-a0d4-4f6cf9340ab2,true,coupon_abuse
2ef733e6-3620-430b-9c8b-3de6f0806110,e1e393e5-8265-4808-b241-da0f7abcfb56,false,coupon_abuse
1d3f082e-95c1-43c6-98e7-3f65dd10529c,4fa07a72-8ffa-4b81-901b-7008cef5c159,false,none
c9d1d309-bd46-4db0-b92d-64835b7e4ca9,c6ec99cb-5009-441d-90ec-14469a41590d,true,none
34c15a6d-a731-4e40-9cc2-09126459291c,38eca42c-b85a-448d-abde-f7272ded24b5,true,none
a54ba03a-3d0e-4ea7-96bb-3d68fe33b836,b0731b4b-b877-498f-b2c7-43dd9475b6b7,true,fake_account
88666755-0fd3-4e5e-a245-8e7d99a199bc,316d1f30-81c8-4ad8-816b-64c4323ac66d,true,bot_purchase
9c338c17-9897-4480-91c5-dae5d36495ec,51023552-d263-46df-8107-9c9303d6aeb1,true,coupon_abuse
087e4d28-219f-4938-a34c-d3067d4d1d71,69b2cff7-743e-44e8-94ce-5855a74f7acc,true,fake_account
feb1fead-6c14-476e-8d72-09be339e7b26,50e39c6e-d173-4caa-bc9b-feddbd236ed8,false,bot_purchase
6a6924d6-52c3-4f2d-8af5-4cabcbdc1fba,dc913c83-6918-44fb-b7aa-a69d19874d03,false,none
e1880bf3-c015-46d3-ae8f-280ed0a982ff,93c0e7bb-2401-42ba-a2bf-6f5e0b08fb69,true,fake_account
ed1389f4-eaee-416e-a1d0-43b5072d91dd,953b7432-f0f7-44aa-ab30-f05253e36e2c,false,none
d15ebd18-3023-4afd-a7d5-a6e9aaa8238e,62161147-f7d1-4f26-afc5-0c504769ceb5,true,coupon_abuse
553ef63b-8ac0-415f-838f-92cd794cf7e6,64ec2f6b-a8b1-4867-8836-20cdecdd6aee,false,bot_purchase
ed19bf5e-64a6-4841-9e78-f462be90c08e,9f46627d-a2ee-48e3-b049-c4cec523b21f,false,none
143ec5c8-748b-418f-a517-7666737c3170,90cdfedc-afef-463f-b619-8cfc4ae019a5,true,fake_account
dbba9c9e-5295-4cbe-bf0b-4b8e55c6a6f0,205ba5f7-b1cc-4242-b9b8-14de89cbabfd,true,none
113357b8-ee09-488e-80ae-1143fa19fc84,b588f61c-dfb8-455c-a09f-beaa96e678e7,false,coupon_abuse
1821260f-549e-4500-8049-49c60f5f4ca2,4d9c3260-baa4-4ac8-beda-aeface6ad256,true,bot_purchase
89e4b74c-c0b7-41c7-bbf9-6c3f5265b575,4c40be59-7a8b-4551-945c-08113fa92f6d,false,bot_purchase
cec86d60-4acb-4b86-b686-c0c9be189011,96d7872f-71af-4740-9729-ff9d426e0727,false,none
88e20f69-08f8-4692-bb77-3c2cdd9b5320,b3f780cd-442d-44a6-a288-c8ff10970b0f,false,bot_purchase
4e4af369-67b8-4de5-ab3d-cfcfd9c7f1eb,468f0f63-5922-4151-8780-5b46ec1990b8,false,none
04d10fec-b1e0-4de8-8554-3b65820a331e,a12c4bb1-c3d3-4f2a-b859-d05e1960b440,true,bot_purchase
54e1baab-1a96-4b09-9f88-5856f7661bdd,d23f9402-e972-402d-88b9-3dec83f1bfc3,false,fake_account
aacfbcc8-a077-4e89-be39-dea27f751526,e24583d2-a493-41ff-a227-066c128bd3b3,false,bot_purchase
0c0f16e5-e127-48a0-8451-83590a0f0bcd,2378b263-4b53-44fb-b588-cb531dc61d3f,false,fake_account
ba686833-96cd-4f5d-b61d-ceae38d522a5,014b159d-ec3a-472a-914f-817d852ef3ee,true,fake_account
fda5b56f-b3bb-47db-8db1-4a7855f35f6e,62f3f36b-adc6-4dd0-a39a-ca994995b51a,true,bot_purchase
cb4f7f72-f486-4911-af40-e6298aba1b2a,b73a389f-db24-4054-ad9f-c64cb4952653,true,fake_account
fd194544-9fa3-45c3-a368-e94f42f0294b,6c0f3768-7fe8-45f4-a26d-a1d2520bda9a,true,fake_account
be26f3ea-6365-4ec4-8a9e-cad9999bf1a3,846df700-4fb1-43c3-ab8c-d02e260c9f6d,false,none
1186b09f-dcde-41f8-b9e5-4b374198d53b,bd5e9808-2aa0-438f-9ca8-77e2efd461b0,true,bot_purchase
3b698e23-099b-4208-b5a7-12e6189bf81a,0ca81a17-f8c5-4f6e-b2b3-441be8d7af01,true,bot_purchase
3a062c7f-ee72-46af-8b94-f82a47fab399,37c2313a-b6c5-4d55-8e67-d0033e09ea1a,false,coupon_abuse
a94fe5d6-f713-4184-9122-c0a31e6c07b5,d84031f0-9024-40a0-b90a-1469b75474f4,false,none
af053190-c3ac-4770-9331-e9c4de174e19,79a043d6-40ec-48e6-8096-c0f544b9dfec,true,coupon_abuse
e547fedc-9302-4ae7-b5f0-dc052473b6d9,47204cac-f50f-4b42-9762-3dfb03740b07,true,none
1d066ec3-e005-4102-8151-c633b8b7e01e,63b7a9f0-9716-461f-b5ca-3212bd2a08ef,true,coupon_abuse
492279a4-dfab-44fa-83fa-5e151affaa3d,d142b358-496e-4fd3-8176-ba6005453e98,false,coupon_abuse
3846116f-1e72-4f91-8ce2-6a811ce3897d,fec6e631-054e-491d-a848-15568c8de6fe,false,bot_purchase
15910bb3-03e1-47dd-83ac-06a3962a3553,0ae31997-9a4f-413c-b98c-f4f710640414,false,coupon_abuse
e49208fc-084d-4e99-a3d1-597783cf1a50,bdc9ee56-e12c-4b4c-98e1-02db42b00355,false,none
1b2da1b3-3f7d-4f42-b908-b8d17626a074,a620ab30-dd7f-46ce-83d3-90e5728b9940,true,fake_account
f428fb4b-139a-43e8-8d18-267b3d8a9d9b,871ca3e7-1aad-48f6-b606-ed47120d7116,true,coupon_abuse
b3de3c52-3e50-454b-9d4c-610a6e0ecf20,056a0c78-9089-4a04-8751-2feac9a270ce,false,coupon_abuse
0b8e37fc-4419-44ff-826e-6e143108127b,040067de-02fc-4de7-bcd8-f66ee61ce23d,true,bot_purchase
d97adc19-076c-4d1d-9a17-250cf92af24c,22ba029f-a0b1-4527-be70-bf5ec657ec7d,true,fake_account
2c94a8a3-8dcd-4bf2-807c-0a2e49fb8b91,c390b178-c9bf-446a-8c17-ffc0d8407f16,false,coupon_abuse
784638c7-3a7e-43f9-bf3d-e95389812049,eb0c977f-9a0b-4aaa-b11c-067dd5d873d6,true,fake_account
a6b2ad45-e07a-4851-a407-5df12c12fcd2,7c8cf2b5-385f-4a79-83d8-c58d38a9904a,true,coupon_abuse
a07d4742-73db-4f46-9e00-ad6367f6d87c,5d5a451f-3c3c-4291-8517-7555f5474b9b,false,coupon_abuse
844a9826-912e-4345-aac5-7c390e25cfc3,8dfb668a-6d50-4a82-9bc9-2913ce61fb6d,true,bot_purchase
83e8c5c5-099c-4b73-af95-0353c74738cd,8d7a596e-0290-4e9a-8524-3512bf749799,true,coupon_abuse
a047cd6e-79ee-4016-875f-5b3bcd3c841e,696c91cd-d1d9-4ab7-bbcf-6c70582e3697,false,coupon_abuse
16d0832c-6544-49db-b376-b0457a69dc2a,adc5f6cf-d352-4235-90c6-78a05f5015ad,false,none
4142eb31-e55f-4926-8e9b-0687220ceaca,23784b90-885b-4495-8b4b-500d645dc3cb,false,fake_account
827a0d03-8742-4104-ab9a-274ad54e6090,7e5e7d25-e36d-478a-b38b-e76da24b53e0,true,bot_purchase
18f357d6-0cfb-4cd6-968b-8236bcc85a37,be788376-9aeb-4ab4-955b-12937a9bb7c4,true,bot_purchase
e62147a7-8108-492d-9170-6ed888262f2a,2472579c-fc1a-4f2e-8ec8-1f77d98e29f8,true,bot_purchase
b8330641-2d06-4ec6-b96a-02fe06536823,29bb7762-3ad1-4c06-a842-7fff0a4b37bc,true,bot_purchase
04b28480-5edc-4eb2-8ea2-e9cc831674f6,84bb340d-c89c-4011-819f-1d231acfa4ac,true,none
51d3aaa4-8831-45a8-8f88-3f503e5c35cd,5a36fdf6-c6a4-47b8-a9e0-a950c688146d,false,fake_account
844c9251-9b5d-4006-83f8-e01217906d8b,634e4bde-1869-4fe4-b797-f111d54df279,true,fake_account
355945c9-3cf1-4e32-98c2-8862ebbf826c,8dcd940a-dc5e-4576-b57b-e6708dd1f362,true,fake_account
7b549e3e-0afc-4ba4-b883-4f1bb730a1d5,b961524a-cd47-4b47-8bb3-c25e0211e64f,false,none
bd68ec9e-be5b-49d0-881b-037e94582459,79643831-47f4-436e-9104-4eb9e084712d,true,none
0079146a-9083-42e3-9055-5745eedf322c,7c6b035c-99e2-48d1-82b6-0f01883b6894,false,none
f1d3dff7-0bf2-4440-a445-bb8867b04ea6,83d4c416-e8cf-497b-9461-b9b4725917bc,false,bot_purchase
